workstation_id;workstation_ext_id;user_fullname;department;current_os;cpu_cores;ram_gb;disk_gb;installed_software
WS-ALR-0001;WS-ALR-0001;Федорова Елена;Отдел кадров и делопроизводства;Windows 10 Pro;4;8;500;"7-Zip; Microsoft Office 2019; Microsoft Outlook; Mozilla Firefox"
WS-ALR-0002;WS-ALR-0002;Морозов Андрей;Бухгалтерия и финансовый контроль;Windows 11 Pro;4;4;240;"1С:Предприятие 8.3; 7-Zip; Chromium-GOST; Microsoft Office 2016; КриптоПро CSP"
WS-ALR-0003;WS-ALR-0003;Лебедева Анна;Геологоразведочная партия;Windows 10 Pro;4;16;1024;"1С:Предприятие 8.3; 7-Zip; LibreOffice; Яндекс Браузер"
WS-ALR-0004;WS-ALR-0004;Новикова Наталья;Юридический департамент;Windows 10 Pro;4;16;500;"Adobe Acrobat Reader; Microsoft Office 2016; WinRAR; КриптоПро CSP; Яндекс Браузер"
WS-ALR-0005;WS-ALR-0005;Федорова Светлана;Логистика, склады и снабжение;Windows 11 Pro;4;8;240;"1С:Предприятие 8.3; 7-Zip; Google Chrome; SAP GUI; Total Commander; МойОфис Стандартный"
WS-ALR-0006;WS-ALR-0006;Волкова Юлия;Служба главного механика;Windows 10 Pro;4;8;500;"1С:Предприятие 8.3; 7-Zip; Chromium-GOST; Microsoft Office 2016; Microsoft Outlook"
WS-ALR-0007;WS-ALR-0007;Кузнецова Ольга;Отдел кадров и делопроизводства;Windows 11 Pro;2;16;500;"7-Zip; Chromium-GOST; МойОфис Стандартный"
WS-ALR-0008;WS-ALR-0008;Попова Наталья;Бухгалтерия и финансовый контроль;Windows 10 Pro;4;8;240;"1С:Предприятие 8.3; Microsoft Office 2019; Microsoft Outlook; SAP GUI; WinRAR; КриптоПро CSP; Яндекс Браузер"
WS-ALR-0009;WS-ALR-0009;Иванов Роман;Логистика, склады и снабжение;Windows 7 Pro (legacy);4;4;500;"1С:Предприятие 8.3; 7-Zip; Chromium-GOST; Total Commander; МойОфис Стандартный"
WS-ALR-0010;WS-ALR-0010;Егоров Сергей;Геологоразведочная партия;Windows 10 Pro;6;4;256;"LibreOffice; Mozilla Firefox; SolidWorks; WinRAR; КОМПАС-3D"
WS-ALR-0011;WS-ALR-0011;Васильева Мария;Служба главного механика;Windows 10 Pro;4;16;240;"7-Zip; AutoCAD; Microsoft Office 2016; Microsoft Outlook; Mozilla Firefox; VLC Media Player"
WS-ALR-0012;WS-ALR-0012;Лебедева Мария;Логистика, склады и снабжение;Windows 11 Pro;4;4;120;"1С:Предприятие 8.3; Mozilla Firefox; SAP GUI; WinRAR; МойОфис Стандартный"
WS-ALR-0013;WS-ALR-0013;Лебедев Дмитрий;Геологоразведочная партия;Windows 11 Pro;8;16;256;"7-Zip; Chromium-GOST; МойОфис Стандартный"
WS-ALR-0014;WS-ALR-0014;Смирнов Максим;Геологоразведочная партия;Windows 11 Pro;4;16;256;"7-Zip; SolidWorks; Р-7 Офис; Яндекс Браузер"
WS-ALR-0015;WS-ALR-0015;Федоров Максим;Логистика, склады и снабжение;Windows 11 Pro;4;8;500;"1С:Предприятие 8.3; Chromium-GOST; SAP GUI; WinRAR; Р-7 Офис"
WS-ALR-0016;WS-ALR-0016;Лебедев Иван;Управление информационных технологий;Windows 10 Pro;2;8;240;"Microsoft Office 2016; Microsoft Outlook; Mozilla Firefox; WinRAR"
WS-ALR-0017;WS-ALR-0017;Козлов Иван;Служба главного механика;Windows 10 Pro;6;8;500;"1С:Предприятие 8.3; Chromium-GOST; Microsoft Office 2019; Microsoft Outlook; WinRAR"
WS-ALR-0018;WS-ALR-0018;Новиков Максим;Бухгалтерия и финансовый контроль;Windows 10 Pro;4;4;240;"1С:Предприятие 8.3; 7-Zip; Google Chrome; VipNet Client; Р-7 Офис"
WS-ALR-0019;WS-ALR-0019;Кузнецов Дмитрий;Бухгалтерия и финансовый контроль;Windows 10 Pro;4;4;500;"1С:Предприятие 8.3; Chromium-GOST; WinRAR; МойОфис Стандартный"
WS-ALR-0020;WS-ALR-0020;Попов Артем;Отдел кадров и делопроизводства;Windows 11 Pro;4;8;120;"Chromium-GOST; Microsoft Office 2019; Microsoft Outlook; WinRAR"
WS-ALR-0021;WS-ALR-0021;Семенова Анна;Бухгалтерия и финансовый контроль;Windows 10 Pro;4;8;240;"1С:Предприятие 8.3; Google Chrome; WinRAR; Р-7 Офис"
WS-ALR-0022;WS-ALR-0022;Волков Артем;Отдел кадров и делопроизводства;Windows 7 Pro (legacy);2;4;120;"7-Zip; Chromium-GOST; МойОфис Стандартный"
WS-ALR-0023;WS-ALR-0023;Лебедева Екатерина;Бухгалтерия и финансовый контроль;Windows 11 Pro;2;4;120;"1С:Предприятие 8.3; 7-Zip; Mozilla Firefox; Р-7 Офис"
WS-ALR-0024;WS-ALR-0024;Семенова Ирина;Юридический департамент;Windows 10 Pro;4;4;120;"Chromium-GOST; WinRAR; МойОфис Стандартный"
WS-ALR-0025;WS-ALR-0025;Смирнов Сергей;Юридический департамент;Windows 10 Pro;4;8;500;"7-Zip; Adobe Acrobat Reader; Chromium-GOST; Microsoft Office 2016; Microsoft Outlook"
WS-ALR-0026;WS-ALR-0026;Егорова Юлия;Юридический департамент;Windows 10 Pro;2;8;500;"7-Zip; Adobe Acrobat Reader; Mozilla Firefox; МойОфис Стандартный"
WS-ALR-0027;WS-ALR-0027;Петрова Татьяна;Логистика, склады и снабжение;Windows 10 Pro;2;2;120;"1С:Предприятие 8.3; 7-Zip; Chromium-GOST; Microsoft Office 2016; Microsoft Outlook"
WS-ALR-0028;WS-ALR-0028;Семенова Анна;Служба главного механика;Windows 10 Pro;8;16;240;"1С:Предприятие 8.3; 7-Zip; Google Chrome; Microsoft Office 2016; VLC Media Player"
WS-ALR-0029;WS-ALR-0029;Егорова Мария;Бухгалтерия и финансовый контроль;Windows 11 Pro;2;4;120;"1С:Предприятие 8.3; Microsoft Office 2019; WinRAR; КриптоПро CSP; Яндекс Браузер"
WS-ALR-0030;WS-ALR-0030;Михайлов Дмитрий;Логистика, склады и снабжение;Windows 11 Pro;4;4;500;"1С:Предприятие 8.3; Mozilla Firefox; SAP GUI; WinRAR; МойОфис Стандартный"
WS-ALR-0031;WS-ALR-0031;Смирнова Екатерина;Геологоразведочная партия;Windows 10 Pro;8;8;256;"7-Zip; AutoCAD; Chromium-GOST; Microsoft Office 2019; КОМПАС-3D"
WS-ALR-0032;WS-ALR-0032;Козлова Анна;Управление информационных технологий;Windows 10 Pro;4;4;120;"WinRAR; МойОфис Стандартный; Яндекс Браузер"
WS-ALR-0033;WS-ALR-0033;Морозов Сергей;Отдел кадров и делопроизводства;Windows 10 Pro;4;8;500;"Mozilla Firefox; WinRAR; МойОфис Стандартный"
WS-ALR-0034;WS-ALR-0034;Егорова Наталья;Бухгалтерия и финансовый контроль;Windows 11 Pro;4;4;240;"1С:Предприятие 8.3; 7-Zip; Microsoft Office 2016; Mozilla Firefox; КриптоПро CSP"
WS-ALR-0035;WS-ALR-0035;Новиков Сергей;Юридический департамент;Windows 10 Pro;4;4;500;"Adobe Acrobat Reader; Chromium-GOST; WinRAR; КриптоПро CSP; Р-7 Офис"
WS-ALR-0036;WS-ALR-0036;Попов Евгений;Бухгалтерия и финансовый контроль;Windows 10 Pro;2;4;240;"1С:Предприятие 8.3; 7-Zip; Mozilla Firefox; VipNet Client; КриптоПро CSP; МойОфис Стандартный"
WS-ALR-0037;WS-ALR-0037;Иванова Анна;Бухгалтерия и финансовый контроль;Windows 10 Pro;4;4;120;"1С:Предприятие 8.3; 7-Zip; Chromium-GOST; Microsoft Office 2016; Microsoft Outlook; КриптоПро CSP"
WS-ALR-0038;WS-ALR-0038;Лебедев Евгений;Юридический департамент;Windows 10 Pro;4;4;240;"7-Zip; Adobe Acrobat Reader; Google Chrome; Microsoft Office 2016; Microsoft Outlook"
WS-ALR-0039;WS-ALR-0039;Морозова Анна;Юридический департамент;Windows 10 Pro;4;8;240;"Adobe Acrobat Reader; Mozilla Firefox; WinRAR; Р-7 Офис"
WS-ALR-0040;WS-ALR-0040;Соколова Юлия;Отдел кадров и делопроизводства;Windows 7 Pro (legacy);2;8;240;"Google Chrome; Microsoft Office 2016; WinRAR"
WS-ALR-0041;WS-ALR-0041;Морозов Максим;Отдел кадров и делопроизводства;Windows 7 Pro (legacy);4;8;240;"7-Zip; Google Chrome; Microsoft Office 2019; Microsoft Outlook"
WS-ALR-0042;WS-ALR-0042;Козлов Иван;Юридический департамент;Windows 10 Pro;4;2;500;"Chromium-GOST; Microsoft Office 2019; WinRAR; КриптоПро CSP"
WS-ALR-0043;WS-ALR-0043;Федоров Михаил;Управление информационных технологий;Windows 7 Pro (legacy);4;4;500;"Mozilla Firefox; WinRAR; МойОфис Стандартный"
WS-ALR-0044;WS-ALR-0044;Степанова Ирина;Бухгалтерия и финансовый контроль;Windows 10 Pro;4;8;500;"1С:Предприятие 8.3; 7-Zip; Microsoft Office 2019; Microsoft Outlook; Mozilla Firefox"
WS-ALR-0045;WS-ALR-0045;Волков Максим;Управление информационных технологий;Windows 10 Pro;4;4;500;"LibreOffice; Mozilla Firefox; WinRAR"
WS-ALR-0046;WS-ALR-0046;Попов Алексей;Логистика, склады и снабжение;Windows 10 Pro;2;4;500;"1С:Предприятие 8.3; Chromium-GOST; WinRAR; Р-7 Офис"
WS-ALR-0047;WS-ALR-0047;Волков Михаил;Бухгалтерия и финансовый контроль;Windows 10 Pro;4;16;240;"1С:Предприятие 8.3; 7-Zip; Mozilla Firefox; VipNet Client; МойОфис Стандартный"
WS-ALR-0048;WS-ALR-0048;Павлов Артем;Геологоразведочная партия;Windows 10 Pro;6;16;512;"AutoCAD; Mozilla Firefox; WinRAR; КОМПАС-3D; МойОфис Стандартный"
WS-ALR-0049;WS-ALR-0049;Михайлов Иван;Логистика, склады и снабжение;Windows 10 Pro;2;4;240;"1С:Предприятие 8.3; Mozilla Firefox; Total Commander; WinRAR; МойОфис Стандартный"
WS-ALR-0050;WS-ALR-0050;Алексеева Татьяна;Управление информационных технологий;Windows 11 Pro;4;2;120;"Mozilla Firefox; WinRAR; Р-7 Офис"
WS-ALR-0051;WS-ALR-0051;Новиков Артем;Отдел кадров и делопроизводства;Windows 10 Pro;4;8;120;"7-Zip; Р-7 Офис; Яндекс Браузер"
WS-ALR-0052;WS-ALR-0052;Новиков Андрей;Юридический департамент;Windows 11 Pro;4;8;500;"Google Chrome; Microsoft Office 2016; Microsoft Outlook; WinRAR; КриптоПро CSP"
WS-ALR-0053;WS-ALR-0053;Николаев Роман;Бухгалтерия и финансовый контроль;Windows 10 Pro;4;8;240;"1С:Предприятие 8.3; 7-Zip; КриптоПро CSP; Р-7 Офис; Яндекс Браузер"
WS-ALR-0054;WS-ALR-0054;Степанов Михаил;Управление информационных технологий;Windows 10 Pro;2;8;500;"7-Zip; Chromium-GOST; Р-7 Офис"
WS-ALR-0055;WS-ALR-0055;Семенова Елена;Служба главного механика;Windows 10 Pro;6;16;240;"7-Zip; AutoCAD; Mozilla Firefox; МойОфис Стандартный"
WS-ALR-0056;WS-ALR-0056;Егорова Татьяна;Управление информационных технологий;Windows 10 Pro;4;8;240;"7-Zip; Chromium-GOST; Microsoft Office 2016"
WS-ALR-0057;WS-ALR-0057;Новиков Дмитрий;Геологоразведочная партия;Windows 11 Pro;4;8;512;"7-Zip; Microsoft Office 2016; Microsoft Outlook; Mozilla Firefox"
WS-ALR-0058;WS-ALR-0058;Козлова Наталья;Логистика, склады и снабжение;Windows 10 Pro;2;4;500;"1С:Предприятие 8.3; Chromium-GOST; Microsoft Office 2019; Microsoft Outlook; SAP GUI; WinRAR"
WS-ALR-0059;WS-ALR-0059;Михайлов Андрей;Геологоразведочная партия;Windows 10 Pro;6;8;1024;"AutoCAD; Google Chrome; WinRAR; МойОфис Стандартный"
WS-ALR-0060;WS-ALR-0060;Новикова Мария;Геологоразведочная партия;Windows 10 Pro;4;16;1024;"Google Chrome; Microsoft Office 2016; WinRAR"
WS-ALR-0061;WS-ALR-0061;Смирнова Татьяна;Бухгалтерия и финансовый контроль;Windows 10 Pro;4;16;120;"1С:Предприятие 8.3; 7-Zip; Chromium-GOST; VipNet Client; КриптоПро CSP; МойОфис Стандартный"
WS-ALR-0062;WS-ALR-0062;Степанов Михаил;Управление информационных технологий;Windows 10 Pro;4;8;240;"7-Zip; Microsoft Office 2016; Mozilla Firefox"
WS-ALR-0063;WS-ALR-0063;Новикова Светлана;Служба главного механика;Windows 7 Pro (legacy);6;16;500;"1С:Предприятие 8.3; Microsoft Office 2016; Mozilla Firefox; VLC Media Player; WinRAR"
WS-ALR-0064;WS-ALR-0064;Кузнецова Ольга;Служба главного механика;Windows 10 Pro;4;16;500;"1С:Предприятие 8.3; Chromium-GOST; WinRAR; МойОфис Стандартный"
WS-ALR-0065;WS-ALR-0065;Егорова Екатерина;Служба главного механика;Windows 10 Pro;6;16;240;"7-Zip; AutoCAD; Microsoft Office 2016; Яндекс Браузер"
WS-ALR-0066;WS-ALR-0066;Иванова Наталья;Логистика, склады и снабжение;Windows 10 Pro;2;16;500;"1С:Предприятие 8.3; Chromium-GOST; Total Commander; WinRAR; МойОфис Стандартный"
WS-ALR-0067;WS-ALR-0067;Кузнецов Евгений;Геологоразведочная партия;Windows 10 Pro;8;16;256;"1С:Предприятие 8.3; Microsoft Office 2016; WinRAR; Яндекс Браузер"
WS-ALR-0068;WS-ALR-0068;Егоров Артем;Служба главного механика;Windows 11 Pro;4;4;1024;"7-Zip; AutoCAD; Mozilla Firefox; VLC Media Player; МойОфис Стандартный"
WS-ALR-0069;WS-ALR-0069;Егоров Михаил;Отдел кадров и делопроизводства;Windows 11 Pro;4;4;500;"7-Zip; Р-7 Офис; Яндекс Браузер"
WS-ALR-0070;WS-ALR-0070;Алексеев Михаил;Управление информационных технологий;Windows 10 Pro;4;8;120;"7-Zip; Chromium-GOST; Р-7 Офис"
WS-ALR-0071;WS-ALR-0071;Семенов Иван;Бухгалтерия и финансовый контроль;Windows 10 Pro;2;8;500;"1С:Предприятие 8.3; Chromium-GOST; Microsoft Office 2016; Microsoft Outlook; WinRAR; КриптоПро CSP"
WS-ALR-0072;WS-ALR-0072;Волкова Анна;Бухгалтерия и финансовый контроль;Windows 7 Pro (legacy);4;16;120;"1С:Предприятие 8.3; Chromium-GOST; Microsoft Office 2016; Microsoft Outlook; WinRAR"
WS-ALR-0073;WS-ALR-0073;Федоров Алексей;Бухгалтерия и финансовый контроль;Windows 10 Pro;4;4;120;"1С:Предприятие 8.3; Microsoft Office 2016; Mozilla Firefox; VipNet Client; WinRAR"
WS-ALR-0074;WS-ALR-0074;Кузнецова Юлия;Геологоразведочная партия;Windows 10 Pro;8;16;512;"7-Zip; Google Chrome; Р-7 Офис"
WS-ALR-0075;WS-ALR-0075;Кузнецова Ирина;Геологоразведочная партия;Windows 10 Pro;4;4;512;"7-Zip; Chromium-GOST; Microsoft Office 2019; SolidWorks"
WS-ALR-0076;WS-ALR-0076;Кузнецова Анна;Юридический департамент;Windows 10 Pro;4;8;120;"7-Zip; Adobe Acrobat Reader; Google Chrome; Р-7 Офис"
WS-ALR-0077;WS-ALR-0077;Степанова Анна;Управление информационных технологий;Windows 11 Pro;4;8;500;"Microsoft Office 2016; WinRAR; Яндекс Браузер"
WS-ALR-0078;WS-ALR-0078;Михайлов Дмитрий;Бухгалтерия и финансовый контроль;Windows 10 Pro;4;4;240;"1С:Предприятие 8.3; Microsoft Office 2016; VipNet Client; WinRAR; КриптоПро CSP; Яндекс Браузер"
WS-ALR-0079;WS-ALR-0079;Волкова Ирина;Бухгалтерия и финансовый контроль;Windows 10 Pro;4;8;500;"1С:Предприятие 8.3; 7-Zip; Google Chrome; Р-7 Офис"
WS-ALR-0080;WS-ALR-0080;Морозов Алексей;Управление информационных технологий;Windows 10 Pro;4;8;120;"7-Zip; Google Chrome; Р-7 Офис"
WS-ALR-0081;WS-ALR-0081;Егоров Дмитрий;Управление информационных технологий;Windows 10 Pro;2;8;120;"7-Zip; Google Chrome; Microsoft Office 2019"
WS-ALR-0082;WS-ALR-0082;Иванова Светлана;Служба главного механика;Windows 7 Pro (legacy);6;4;240;"1С:Предприятие 8.3; VLC Media Player; WinRAR; Р-7 Офис; Яндекс Браузер"
WS-ALR-0083;WS-ALR-0083;Козлов Дмитрий;Отдел кадров и делопроизводства;Windows 10 Pro;4;8;500;"7-Zip; Mozilla Firefox; Р-7 Офис"
WS-ALR-0084;WS-ALR-0084;Новикова Елена;Бухгалтерия и финансовый контроль;Windows 11 Pro;4;8;120;"1С:Предприятие 8.3; 7-Zip; VipNet Client; КриптоПро CSP; МойОфис Стандартный; Яндекс Браузер"
WS-ALR-0085;WS-ALR-0085;Федоров Роман;Геологоразведочная партия;Windows 10 Pro;6;16;256;"1С:Предприятие 8.3; 7-Zip; Google Chrome; МойОфис Стандартный"
WS-ALR-0086;WS-ALR-0086;Соколова Ирина;Отдел кадров и делопроизводства;Windows 10 Pro;4;8;120;"7-Zip; Chromium-GOST; Microsoft Office 2019; Microsoft Outlook"
WS-ALR-0087;WS-ALR-0087;Морозов Алексей;Служба главного механика;Windows 7 Pro (legacy);6;4;1024;"1С:Предприятие 8.3; 7-Zip; Google Chrome; МойОфис Стандартный"
WS-ALR-0088;WS-ALR-0088;Новиков Михаил;Логистика, склады и снабжение;Windows 10 Pro;4;2;500;"1С:Предприятие 8.3; Mozilla Firefox; WinRAR; Р-7 Офис"
WS-ALR-0089;WS-ALR-0089;Кузнецова Анна;Управление информационных технологий;Windows 11 Pro;2;8;500;"7-Zip; Chromium-GOST; МойОфис Стандартный"
WS-ALR-0090;WS-ALR-0090;Морозова Анна;Отдел кадров и делопроизводства;Windows 10 Pro;4;4;120;"7-Zip; Chromium-GOST; Microsoft Office 2019; Microsoft Outlook"
WS-ALR-0091;WS-ALR-0091;Семенов Иван;Управление информационных технологий;Windows 10 Pro;4;8;500;"7-Zip; Google Chrome; Р-7 Офис"
WS-ALR-0092;WS-ALR-0092;Кузнецов Андрей;Геологоразведочная партия;Windows 10 Pro;6;8;1024;"7-Zip; AutoCAD; Microsoft Office 2019; Microsoft Outlook; Яндекс Браузер"
WS-ALR-0093;WS-ALR-0093;Новиков Роман;Управление информационных технологий;Windows 10 Pro;2;8;240;"7-Zip; Mozilla Firefox; МойОфис Стандартный"
WS-ALR-0094;WS-ALR-0094;Попов Михаил;Бухгалтерия и финансовый контроль;Windows 10 Pro;4;2;120;"1С:Предприятие 8.3; 7-Zip; Chromium-GOST; Microsoft Office 2019; Microsoft Outlook"
WS-ALR-0095;WS-ALR-0095;Иванов Сергей;Бухгалтерия и финансовый контроль;Windows 7 Pro (legacy);2;16;500;"1С:Предприятие 8.3; 7-Zip; Mozilla Firefox; МойОфис Стандартный"
WS-ALR-0096;WS-ALR-0096;Петров Дмитрий;Отдел кадров и делопроизводства;Windows 10 Pro;4;16;500;"Mozilla Firefox; WinRAR; МойОфис Стандартный"
WS-ALR-0097;WS-ALR-0097;Волков Иван;Юридический департамент;Windows 10 Pro;2;4;240;"7-Zip; Adobe Acrobat Reader; Mozilla Firefox; МойОфис Стандартный"
WS-ALR-0098;WS-ALR-0098;Егорова Мария;Юридический департамент;Windows 10 Pro;4;4;120;"7-Zip; Microsoft Office 2016; Mozilla Firefox; КриптоПро CSP"
WS-ALR-0099;WS-ALR-0099;Волкова Анна;Служба главного механика;Windows 10 Pro;6;8;500;"AutoCAD; Google Chrome; WinRAR; МойОфис Стандартный"
WS-ALR-0100;WS-ALR-0100;Смирнов Евгений;Отдел кадров и делопроизводства;Windows 10 Pro;4;8;240;"7-Zip; Chromium-GOST; МойОфис Стандартный"
WS-ALR-0101;WS-ALR-0101;Козлов Евгений;Служба главного механика;Windows 10 Pro;8;16;240;"1С:Предприятие 8.3; Chromium-GOST; WinRAR; Р-7 Офис"
WS-ALR-0102;WS-ALR-0102;Морозова Екатерина;Геологоразведочная партия;Windows 11 Pro;6;16;1024;"Microsoft Office 2019; Microsoft Outlook; WinRAR; КОМПАС-3D; Яндекс Браузер"
WS-ALR-0103;WS-ALR-0103;Козлова Ирина;Логистика, склады и снабжение;Windows 10 Pro;2;4;120;"1С:Предприятие 8.3; 7-Zip; Microsoft Office 2016; Microsoft Outlook; Total Commander; Яндекс Браузер"
WS-ALR-0104;WS-ALR-0104;Морозов Михаил;Управление информационных технологий;Windows 11 Pro;6;8;240;"7-Zip; МойОфис Стандартный; Яндекс Браузер"
WS-ALR-0105;WS-ALR-0105;Попов Михаил;Управление информационных технологий;Windows 10 Pro;4;8;120;"Google Chrome; Microsoft Office 2016; Microsoft Outlook; WinRAR"
WS-ALR-0106;WS-ALR-0106;Лебедев Иван;Управление информационных технологий;Windows 11 Pro;6;8;500;"7-Zip; Google Chrome; Microsoft Office 2016; Microsoft Outlook"
WS-ALR-0107;WS-ALR-0107;Волкова Юлия;Управление информационных технологий;Windows 10 Pro;4;4;120;"Microsoft Office 2016; Microsoft Outlook; Mozilla Firefox; WinRAR"
WS-ALR-0108;WS-ALR-0108;Степанов Алексей;Управление информационных технологий;Windows 7 Pro (legacy);6;8;500;"7-Zip; Microsoft Office 2016; Яндекс Браузер"
WS-ALR-0109;WS-ALR-0109;Степанов Максим;Бухгалтерия и финансовый контроль;Windows 11 Pro;4;4;240;"1С:Предприятие 8.3; 7-Zip; КриптоПро CSP; Р-7 Офис; Яндекс Браузер"
WS-ALR-0110;WS-ALR-0110;Семенова Елена;Отдел кадров и делопроизводства;Windows 10 Pro;2;2;500;"WinRAR; МойОфис Стандартный; Яндекс Браузер"
WS-ALR-0111;WS-ALR-0111;Смирнов Алексей;Геологоразведочная партия;Windows 11 Pro;6;16;256;"Microsoft Office 2019; Microsoft Outlook; Mozilla Firefox; SolidWorks; WinRAR"
WS-ALR-0112;WS-ALR-0112;Петров Максим;Отдел кадров и делопроизводства;Windows 7 Pro (legacy);4;8;120;"7-Zip; Google Chrome; Р-7 Офис"
WS-ALR-0113;WS-ALR-0113;Морозов Сергей;Юридический департамент;Windows 10 Pro;4;4;500;"7-Zip; Р-7 Офис; Яндекс Браузер"
WS-ALR-0114;WS-ALR-0114;Николаев Иван;Отдел кадров и делопроизводства;Windows 10 Pro;2;8;120;"7-Zip; Google Chrome; LibreOffice"
WS-ALR-0115;WS-ALR-0115;Козлова Мария;Отдел кадров и делопроизводства;Windows 10 Pro;4;4;120;"7-Zip; Р-7 Офис; Яндекс Браузер"
WS-ALR-0116;WS-ALR-0116;Васильева Ирина;Юридический департамент;Windows 10 Pro;2;4;120;"Adobe Acrobat Reader; Google Chrome; WinRAR; КриптоПро CSP; МойОфис Стандартный"
WS-ALR-0117;WS-ALR-0117;Федоров Андрей;Служба главного механика;Windows 10 Pro;4;16;1024;"7-Zip; AutoCAD; Google Chrome; Microsoft Office 2016; Microsoft Outlook"
WS-ALR-0118;WS-ALR-0118;Новиков Дмитрий;Бухгалтерия и финансовый контроль;Windows 7 Pro (legacy);4;8;240;"1С:Предприятие 8.3; 7-Zip; Microsoft Office 2019; КриптоПро CSP; Яндекс Браузер"
WS-ALR-0119;WS-ALR-0119;Михайлова Екатерина;Отдел кадров и делопроизводства;Windows 10 Pro;4;8;500;"Microsoft Office 2016; Microsoft Outlook; Mozilla Firefox; WinRAR"
WS-ALR-0120;WS-ALR-0120;Смирнова Анна;Отдел кадров и делопроизводства;Windows 7 Pro (legacy);6;8;500;"7-Zip; Chromium-GOST; Microsoft Office 2019; Microsoft Outlook"
WS-ALR-0121;WS-ALR-0121;Соколов Иван;Логистика, склады и снабжение;Windows 10 Pro;2;8;240;"1С:Предприятие 8.3; Total Commander; WinRAR; МойОфис Стандартный; Яндекс Браузер"
WS-ALR-0122;WS-ALR-0122;Кузнецова Елена;Геологоразведочная партия;Windows 10 Pro;6;8;1024;"Google Chrome; WinRAR; КОМПАС-3D; Р-7 Офис"
WS-ALR-0123;WS-ALR-0123;Попова Татьяна;Отдел кадров и делопроизводства;Windows 10 Pro;2;8;500;"7-Zip; Microsoft Office 2016; Microsoft Outlook; Яндекс Браузер"
WS-ALR-0124;WS-ALR-0124;Волкова Мария;Управление информационных технологий;Windows 10 Pro;4;8;500;"Mozilla Firefox; WinRAR; МойОфис Стандартный"
WS-ALR-0125;WS-ALR-0125;Николаев Михаил;Управление информационных технологий;Windows 10 Pro;4;8;120;"Microsoft Office 2016; Microsoft Outlook; Mozilla Firefox; WinRAR"
WS-ALR-0126;WS-ALR-0126;Волков Евгений;Служба главного механика;Windows 10 Pro;6;4;500;"Google Chrome; Microsoft Office 2019; WinRAR; КОМПАС-3D"
WS-ALR-0127;WS-ALR-0127;Семенов Роман;Отдел кадров и делопроизводства;Windows 10 Pro;4;8;500;"7-Zip; Mozilla Firefox; МойОфис Стандартный"
WS-ALR-0128;WS-ALR-0128;Егорова Татьяна;Бухгалтерия и финансовый контроль;Windows 11 Pro;4;8;120;"1С:Предприятие 8.3; 7-Zip; Chromium-GOST; VipNet Client; КриптоПро CSP; Р-7 Офис"
WS-ALR-0129;WS-ALR-0129;Петров Алексей;Отдел кадров и делопроизводства;Windows 7 Pro (legacy);4;4;120;"7-Zip; Chromium-GOST; Р-7 Офис"
WS-ALR-0130;WS-ALR-0130;Новиков Артем;Управление информационных технологий;Windows 10 Pro;4;8;240;"7-Zip; МойОфис Стандартный; Яндекс Браузер"
WS-ALR-0131;WS-ALR-0131;Петрова Наталья;Логистика, склады и снабжение;Windows 10 Pro;2;16;500;"1С:Предприятие 8.3; Google Chrome; WinRAR; МойОфис Стандартный"
WS-ALR-0132;WS-ALR-0132;Иванов Роман;Бухгалтерия и финансовый контроль;Windows 11 Pro;2;8;500;"1С:Предприятие 8.3; 7-Zip; Chromium-GOST; Microsoft Office 2016; SAP GUI; КриптоПро CSP"
WS-ALR-0133;WS-ALR-0133;Егоров Алексей;Управление информационных технологий;Windows 11 Pro;4;16;500;"7-Zip; МойОфис Стандартный; Яндекс Браузер"
WS-ALR-0134;WS-ALR-0134;Новиков Роман;Отдел кадров и делопроизводства;Windows 10 Pro;4;8;240;"Mozilla Firefox; WinRAR; МойОфис Стандартный"
WS-ALR-0135;WS-ALR-0135;Николаева Светлана;Юридический департамент;Windows 10 Pro;2;8;500;"Adobe Acrobat Reader; Google Chrome; WinRAR; КриптоПро CSP; МойОфис Стандартный"
WS-ALR-0136;WS-ALR-0136;Новиков Евгений;Служба главного механика;Windows 11 Pro;8;16;1024;"1С:Предприятие 8.3; 7-Zip; Google Chrome; МойОфис Стандартный"
WS-ALR-0137;WS-ALR-0137;Алексеева Юлия;Юридический департамент;Windows 10 Pro;4;8;500;"Adobe Acrobat Reader; LibreOffice; WinRAR; КриптоПро CSP; Яндекс Браузер"
WS-ALR-0138;WS-ALR-0138;Соколова Екатерина;Геологоразведочная партия;Windows 10 Pro;6;16;1024;"Mozilla Firefox; WinRAR; Р-7 Офис"
WS-ALR-0139;WS-ALR-0139;Егоров Андрей;Юридический департамент;Windows 11 Pro;4;4;500;"Chromium-GOST; Microsoft Office 2016; Microsoft Outlook; WinRAR; КриптоПро CSP"
WS-ALR-0140;WS-ALR-0140;Новикова Ольга;Служба главного механика;Windows 11 Pro;4;16;240;"1С:Предприятие 8.3; 7-Zip; Microsoft Office 2019; Microsoft Outlook; Mozilla Firefox; VLC Media Player"
WS-ALR-0141;WS-ALR-0141;Попова Светлана;Бухгалтерия и финансовый контроль;Windows 11 Pro;4;8;240;"1С:Предприятие 8.3; 7-Zip; Microsoft Office 2019; Microsoft Outlook; Mozilla Firefox"
WS-ALR-0142;WS-ALR-0142;Васильева Наталья;Служба главного механика;Windows 10 Pro;6;8;240;"Microsoft Office 2016; Microsoft Outlook; Mozilla Firefox; VLC Media Player; WinRAR; КОМПАС-3D"
WS-ALR-0143;WS-ALR-0143;Степанов Иван;Юридический департамент;Windows 10 Pro;4;8;120;"Adobe Acrobat Reader; Chromium-GOST; Microsoft Office 2016; Microsoft Outlook; SolidWorks; WinRAR"
WS-ALR-0144;WS-ALR-0144;Иванова Ольга;Юридический департамент;Windows 10 Pro;4;8;500;"7-Zip; Adobe Acrobat Reader; Chromium-GOST; Microsoft Office 2016; КриптоПро CSP"
WS-ALR-0145;WS-ALR-0145;Павлова Анна;Бухгалтерия и финансовый контроль;Windows 10 Pro;2;8;120;"1С:Предприятие 8.3; Google Chrome; WinRAR; КриптоПро CSP; Р-7 Офис"
WS-ALR-0146;WS-ALR-0146;Морозов Михаил;Геологоразведочная партия;Windows 10 Pro;6;32;256;"1С:Предприятие 8.3; AutoCAD; Chromium-GOST; WinRAR; КОМПАС-3D; МойОфис Стандартный"
WS-ALR-0147;WS-ALR-0147;Волков Андрей;Бухгалтерия и финансовый контроль;Windows 10 Pro;4;8;240;"1С:Предприятие 8.3; 7-Zip; Google Chrome; Microsoft Office 2016; Microsoft Outlook; SAP GUI; КриптоПро CSP"
WS-ALR-0148;WS-ALR-0148;Алексеева Наталья;Геологоразведочная партия;Windows 10 Pro;4;8;1024;"7-Zip; AutoCAD; Chromium-GOST; Microsoft Office 2016"
WS-ALR-0149;WS-ALR-0149;Лебедев Михаил;Служба главного механика;Windows 10 Pro;4;16;1024;"AutoCAD; VLC Media Player; WinRAR; МойОфис Стандартный; Яндекс Браузер"
WS-ALR-0150;WS-ALR-0150;Павлов Евгений;Бухгалтерия и финансовый контроль;Windows 10 Pro;4;16;240;"1С:Предприятие 8.3; 7-Zip; Google Chrome; VipNet Client; КриптоПро CSP; МойОфис Стандартный"
WS-ALR-0151;WS-ALR-0151;Иванов Алексей;Бухгалтерия и финансовый контроль;Windows 10 Pro;6;8;500;"1С:Предприятие 8.3; 7-Zip; Microsoft Office 2019; Mozilla Firefox; КриптоПро CSP"
WS-ALR-0152;WS-ALR-0152;Федорова Наталья;Логистика, склады и снабжение;Windows 10 Pro;2;4;120;"1С:Предприятие 8.3; WinRAR; Р-7 Офис; Яндекс Браузер"
WS-ALR-0153;WS-ALR-0153;Иванов Дмитрий;Логистика, склады и снабжение;Windows 10 Pro;4;8;120;"1С:Предприятие 8.3; Google Chrome; Microsoft Office 2019; SAP GUI; WinRAR"
WS-ALR-0154;WS-ALR-0154;Петрова Елена;Управление информационных технологий;Windows 10 Pro;4;4;240;"Google Chrome; Microsoft Office 2016; Microsoft Outlook; WinRAR"
WS-ALR-0155;WS-ALR-0155;Попов Иван;Управление информационных технологий;Windows 10 Pro;4;4;120;"Microsoft Office 2019; Microsoft Outlook; WinRAR; Яндекс Браузер"
WS-ALR-0156;WS-ALR-0156;Петрова Наталья;Юридический департамент;Windows 10 Pro;4;8;500;"7-Zip; КриптоПро CSP; Р-7 Офис; Яндекс Браузер"
WS-ALR-0157;WS-ALR-0157;Иванова Елена;Отдел кадров и делопроизводства;Windows 10 Pro;4;8;500;"Chromium-GOST; WinRAR; Р-7 Офис"
WS-ALR-0158;WS-ALR-0158;Попова Юлия;Управление информационных технологий;Windows 11 Pro;4;8;240;"Google Chrome; WinRAR; МойОфис Стандартный"
WS-ALR-0159;WS-ALR-0159;Смирнова Юлия;Служба главного механика;Windows 7 Pro (legacy);8;4;1024;"Microsoft Office 2019; Microsoft Outlook; Mozilla Firefox; VLC Media Player; WinRAR; КОМПАС-3D"
WS-ALR-0160;WS-ALR-0160;Павлов Дмитрий;Отдел кадров и делопроизводства;Windows 11 Pro;4;4;240;"7-Zip; Chromium-GOST; Р-7 Офис"
WS-ALR-0161;WS-ALR-0161;Кузнецова Наталья;Юридический департамент;Windows 10 Pro;4;8;120;"7-Zip; Adobe Acrobat Reader; Mozilla Firefox; SolidWorks; КриптоПро CSP; МойОфис Стандартный"
WS-ALR-0162;WS-ALR-0162;Николаева Юлия;Геологоразведочная партия;Windows 10 Pro;8;16;1024;"AutoCAD; Chromium-GOST; LibreOffice; WinRAR"
WS-ALR-0163;WS-ALR-0163;Николаева Юлия;Отдел кадров и делопроизводства;Windows 10 Pro;4;8;500;"7-Zip; Mozilla Firefox; МойОфис Стандартный"
WS-ALR-0164;WS-ALR-0164;Морозов Алексей;Служба главного механика;Windows 11 Pro;6;8;500;"7-Zip; AutoCAD; Google Chrome; VLC Media Player; МойОфис Стандартный"
WS-ALR-0165;WS-ALR-0165;Попова Татьяна;Юридический департамент;Windows 10 Pro;2;4;120;"7-Zip; Mozilla Firefox; Р-7 Офис"
WS-ALR-0166;WS-ALR-0166;Попова Екатерина;Служба главного механика;Windows 10 Pro;4;16;1024;"Chromium-GOST; WinRAR; КОМПАС-3D; МойОфис Стандартный"
WS-ALR-0167;WS-ALR-0167;Егорова Екатерина;Бухгалтерия и финансовый контроль;Windows 11 Pro;4;16;120;"1С:Предприятие 8.3; 7-Zip; Chromium-GOST; МойОфис Стандартный"
WS-ALR-0168;WS-ALR-0168;Николаева Татьяна;Служба главного механика;Windows 10 Pro;6;32;500;"LibreOffice; Mozilla Firefox; VLC Media Player; WinRAR; КОМПАС-3D"
WS-ALR-0169;WS-ALR-0169;Федорова Светлана;Служба главного механика;Windows 7 Pro (legacy);4;16;500;"7-Zip; Chromium-GOST; КОМПАС-3D; МойОфис Стандартный"
WS-ALR-0170;WS-ALR-0170;Петров Михаил;Геологоразведочная партия;Windows 11 Pro;6;16;512;"Microsoft Office 2016; Microsoft Outlook; WinRAR; Яндекс Браузер"
WS-ALR-0171;WS-ALR-0171;Федорова Мария;Управление информационных технологий;Windows 10 Pro;4;8;120;"7-Zip; Р-7 Офис; Яндекс Браузер"
WS-ALR-0172;WS-ALR-0172;Соколов Дмитрий;Бухгалтерия и финансовый контроль;Windows 11 Pro;4;4;240;"1С:Предприятие 8.3; 7-Zip; Google Chrome; Microsoft Office 2019; SAP GUI; КриптоПро CSP"
WS-ALR-0173;WS-ALR-0173;Николаев Андрей;Юридический департамент;Windows 10 Pro;4;8;120;"7-Zip; Adobe Acrobat Reader; Mozilla Firefox; Р-7 Офис"
WS-ALR-0174;WS-ALR-0174;Алексеева Анна;Отдел кадров и делопроизводства;Windows 10 Pro;4;8;500;"7-Zip; Google Chrome; МойОфис Стандартный"
WS-ALR-0175;WS-ALR-0175;Семенова Юлия;Служба главного механика;Windows 10 Pro;8;16;1024;"7-Zip; AutoCAD; Google Chrome; Microsoft Office 2019; VLC Media Player"
WS-ALR-0176;WS-ALR-0176;Петров Иван;Бухгалтерия и финансовый контроль;Windows 11 Pro;2;8;120;"1С:Предприятие 8.3; Microsoft Office 2016; Microsoft Outlook; Mozilla Firefox; WinRAR; КриптоПро CSP"
WS-ALR-0177;WS-ALR-0177;Смирнов Михаил;Геологоразведочная партия;Windows 10 Pro;4;8;256;"Google Chrome; Microsoft Office 2019; Microsoft Outlook; SolidWorks; WinRAR"
WS-ALR-0178;WS-ALR-0178;Петрова Светлана;Логистика, склады и снабжение;Windows 7 Pro (legacy);2;4;120;"1С:Предприятие 8.3; 7-Zip; Google Chrome; Microsoft Office 2019; Total Commander"
WS-ALR-0179;WS-ALR-0179;Павлова Юлия;Отдел кадров и делопроизводства;Windows 7 Pro (legacy);4;8;500;"7-Zip; Microsoft Office 2016; Microsoft Outlook; Яндекс Браузер"
WS-ALR-0180;WS-ALR-0180;Николаева Юлия;Управление информационных технологий;Windows 10 Pro;2;4;240;"7-Zip; Mozilla Firefox; Р-7 Офис"
WS-ALR-0181;WS-ALR-0181;Иванов Роман;Служба главного механика;Windows 10 Pro;6;32;500;"1С:Предприятие 8.3; Mozilla Firefox; VLC Media Player; WinRAR; МойОфис Стандартный"
WS-ALR-0182;WS-ALR-0182;Петров Андрей;Управление информационных технологий;Windows 10 Pro;4;16;500;"7-Zip; МойОфис Стандартный; Яндекс Браузер"
WS-ALR-0183;WS-ALR-0183;Лебедев Артем;Бухгалтерия и финансовый контроль;Windows 10 Pro;2;8;500;"1С:Предприятие 8.3; 7-Zip; Microsoft Office 2016; Microsoft Outlook; Mozilla Firefox; SAP GUI; КриптоПро CSP"
WS-ALR-0184;WS-ALR-0184;Козлов Евгений;Юридический департамент;Windows 10 Pro;4;4;240;"Adobe Acrobat Reader; Mozilla Firefox; WinRAR; КриптоПро CSP; Р-7 Офис"
WS-ALR-0185;WS-ALR-0185;Николаев Алексей;Бухгалтерия и финансовый контроль;Windows 11 Pro;4;4;120;"1С:Предприятие 8.3; Microsoft Office 2019; Microsoft Outlook; SAP GUI; WinRAR; Яндекс Браузер"
WS-ALR-0186;WS-ALR-0186;Алексеева Наталья;Бухгалтерия и финансовый контроль;Windows 7 Pro (legacy);4;8;240;"1С:Предприятие 8.3; 7-Zip; Chromium-GOST; КриптоПро CSP; МойОфис Стандартный"
WS-ALR-0187;WS-ALR-0187;Федоров Михаил;Служба главного механика;Windows 10 Pro;8;16;1024;"7-Zip; AutoCAD; Google Chrome; Microsoft Office 2016; Microsoft Outlook; VLC Media Player"
WS-ALR-0188;WS-ALR-0188;Козлова Мария;Управление информационных технологий;Windows 10 Pro;4;16;500;"7-Zip; Google Chrome; Р-7 Офис"
WS-ALR-0189;WS-ALR-0189;Васильева Светлана;Отдел кадров и делопроизводства;Windows 11 Pro;2;4;240;"7-Zip; Chromium-GOST; МойОфис Стандартный"
WS-ALR-0190;WS-ALR-0190;Козлов Дмитрий;Юридический департамент;Windows 10 Pro;4;8;240;"Adobe Acrobat Reader; WinRAR; МойОфис Стандартный; Яндекс Браузер"
WS-ALR-0191;WS-ALR-0191;Попов Максим;Управление информационных технологий;Windows 10 Pro;2;4;120;"Google Chrome; WinRAR; Р-7 Офис"
WS-ALR-0192;WS-ALR-0192;Степанов Роман;Бухгалтерия и финансовый контроль;Windows 10 Pro;4;4;240;"1С:Предприятие 8.3; 7-Zip; Mozilla Firefox; VipNet Client; КриптоПро CSP; МойОфис Стандартный"
WS-ALR-0193;WS-ALR-0193;Васильева Ольга;Юридический департамент;Windows 10 Pro;4;8;240;"Adobe Acrobat Reader; Mozilla Firefox; WinRAR; КриптоПро CSP; Р-7 Офис"
WS-ALR-0194;WS-ALR-0194;Васильев Евгений;Управление информационных технологий;Windows 10 Pro;2;8;500;"7-Zip; Microsoft Office 2019; Яндекс Браузер"
WS-ALR-0195;WS-ALR-0195;Степанова Екатерина;Отдел кадров и делопроизводства;Windows 10 Pro;4;8;120;"Google Chrome; Microsoft Office 2016; Microsoft Outlook; WinRAR"
WS-ALR-0196;WS-ALR-0196;Федорова Екатерина;Юридический департамент;Windows 10 Pro;4;4;120;"Mozilla Firefox; WinRAR; Р-7 Офис"
WS-ALR-0197;WS-ALR-0197;Павлов Иван;Служба главного механика;Windows 10 Pro;4;8;1024;"1С:Предприятие 8.3; Chromium-GOST; Microsoft Office 2019; Microsoft Outlook; VLC Media Player; WinRAR"
WS-ALR-0198;WS-ALR-0198;Смирнов Максим;Геологоразведочная партия;Windows 10 Pro;6;16;512;"Microsoft Office 2019; Mozilla Firefox; SolidWorks; WinRAR; КОМПАС-3D"
WS-ALR-0199;WS-ALR-0199;Новиков Евгений;Служба главного механика;Windows 7 Pro (legacy);4;16;500;"AutoCAD; Microsoft Office 2016; Mozilla Firefox; VLC Media Player; WinRAR"
WS-ALR-0200;WS-ALR-0200;Павлов Максим;Бухгалтерия и финансовый контроль;Windows 10 Pro;4;8;240;"1С:Предприятие 8.3; Microsoft Office 2019; Microsoft Outlook; Mozilla Firefox; WinRAR"
WS-ALR-0201;WS-ALR-0201;Соколов Евгений;Служба главного механика;Windows 10 Pro;4;8;1024;"7-Zip; AutoCAD; VLC Media Player; Р-7 Офис; Яндекс Браузер"
WS-ALR-0202;WS-ALR-0202;Соколова Ирина;Управление информационных технологий;Windows 10 Pro;4;8;240;"7-Zip; МойОфис Стандартный; Яндекс Браузер"
WS-ALR-0203;WS-ALR-0203;Васильев Иван;Отдел кадров и делопроизводства;Windows 7 Pro (legacy);2;8;500;"7-Zip; Chromium-GOST; МойОфис Стандартный"
WS-ALR-0204;WS-ALR-0204;Алексеева Светлана;Бухгалтерия и финансовый контроль;Windows 10 Pro;4;8;120;"1С:Предприятие 8.3; 7-Zip; Google Chrome; МойОфис Стандартный"
WS-ALR-0205;WS-ALR-0205;Николаева Татьяна;Управление информационных технологий;Windows 10 Pro;4;4;120;"7-Zip; Google Chrome; Microsoft Office 2016; Microsoft Outlook"
WS-ALR-0206;WS-ALR-0206;Кузнецова Екатерина;Логистика, склады и снабжение;Windows 11 Pro;2;4;120;"1С:Предприятие 8.3; 7-Zip; Р-7 Офис; Яндекс Браузер"
WS-ALR-0207;WS-ALR-0207;Попова Юлия;Бухгалтерия и финансовый контроль;Windows 10 Pro;6;4;500;"1С:Предприятие 8.3; 7-Zip; МойОфис Стандартный; Яндекс Браузер"
WS-ALR-0208;WS-ALR-0208;Павлова Татьяна;Бухгалтерия и финансовый контроль;Windows 7 Pro (legacy);4;8;500;"1С:Предприятие 8.3; 7-Zip; Microsoft Office 2019; Microsoft Outlook; Mozilla Firefox"
WS-ALR-0209;WS-ALR-0209;Попова Екатерина;Бухгалтерия и финансовый контроль;Windows 10 Pro;4;8;120;"1С:Предприятие 8.3; Microsoft Office 2016; Microsoft Outlook; VipNet Client; WinRAR; КриптоПро CSP; Яндекс Браузер"
WS-ALR-0210;WS-ALR-0210;Попова Светлана;Управление информационных технологий;Windows 10 Pro;4;8;120;"Google Chrome; WinRAR; Р-7 Офис"
WS-ALR-0211;WS-ALR-0211;Новикова Екатерина;Управление информационных технологий;Windows 10 Pro;4;4;500;"Google Chrome; LibreOffice; WinRAR"
WS-ALR-0212;WS-ALR-0212;Лебедев Артем;Логистика, склады и снабжение;Windows 11 Pro;2;4;120;"1С:Предприятие 8.3; Google Chrome; Total Commander; WinRAR; МойОфис Стандартный"
WS-ALR-0213;WS-ALR-0213;Попов Михаил;Отдел кадров и делопроизводства;Windows 10 Pro;4;8;500;"7-Zip; Chromium-GOST; МойОфис Стандартный"
WS-ALR-0214;WS-ALR-0214;Козлова Елена;Геологоразведочная партия;Windows 10 Pro;6;16;256;"AutoCAD; Chromium-GOST; LibreOffice; WinRAR"
WS-ALR-0215;WS-ALR-0215;Кузнецов Сергей;Геологоразведочная партия;Windows 10 Pro;6;8;1024;"Microsoft Office 2019; Microsoft Outlook; WinRAR; КОМПАС-3D; Яндекс Браузер"
WS-ALR-0216;WS-ALR-0216;Егоров Иван;Юридический департамент;Windows 10 Pro;2;8;500;"7-Zip; Adobe Acrobat Reader; Google Chrome; МойОфис Стандартный"
WS-ALR-0217;WS-ALR-0217;Волков Дмитрий;Бухгалтерия и финансовый контроль;Windows 11 Pro;2;4;120;"1С:Предприятие 8.3; Microsoft Office 2019; Microsoft Outlook; WinRAR; КриптоПро CSP; Яндекс Браузер"
WS-ALR-0218;WS-ALR-0218;Кузнецов Сергей;Бухгалтерия и финансовый контроль;Windows 7 Pro (legacy);4;8;500;"1С:Предприятие 8.3; Google Chrome; LibreOffice; WinRAR; КриптоПро CSP"
WS-ALR-0219;WS-ALR-0219;Иванова Екатерина;Бухгалтерия и финансовый контроль;Windows 10 Pro;4;4;120;"1С:Предприятие 8.3; WinRAR; КриптоПро CSP; Р-7 Офис; Яндекс Браузер"
WS-ALR-0220;WS-ALR-0220;Новикова Екатерина;Бухгалтерия и финансовый контроль;Windows 10 Pro;6;8;500;"1С:Предприятие 8.3; 7-Zip; Microsoft Office 2019; Mozilla Firefox; КриптоПро CSP"
WS-ALR-0221;WS-ALR-0221;Новиков Андрей;Отдел кадров и делопроизводства;Windows 10 Pro;4;4;120;"Chromium-GOST; WinRAR; Р-7 Офис"
WS-ALR-0222;WS-ALR-0222;Иванова Мария;Геологоразведочная партия;Windows 11 Pro;4;16;512;"AutoCAD; Microsoft Office 2016; WinRAR; Яндекс Браузер"
WS-ALR-0223;WS-ALR-0223;Петров Евгений;Управление информационных технологий;Windows 10 Pro;4;16;120;"7-Zip; Mozilla Firefox; МойОфис Стандартный"
WS-ALR-0224;WS-ALR-0224;Соколов Евгений;Бухгалтерия и финансовый контроль;Windows 10 Pro;4;4;500;"1С:Предприятие 8.3; 7-Zip; Google Chrome; Microsoft Office 2019; Microsoft Outlook; КриптоПро CSP"
WS-ALR-0225;WS-ALR-0225;Смирнова Мария;Логистика, склады и снабжение;Windows 10 Pro;2;8;240;"1С:Предприятие 8.3; Mozilla Firefox; WinRAR; Р-7 Офис"
WS-ALR-0226;WS-ALR-0226;Степанов Максим;Логистика, склады и снабжение;Windows 10 Pro;2;2;240;"1С:Предприятие 8.3; 7-Zip; Mozilla Firefox; Р-7 Офис"
WS-ALR-0227;WS-ALR-0227;Павлов Андрей;Служба главного механика;Windows 10 Pro;6;8;240;"Chromium-GOST; Microsoft Office 2016; Microsoft Outlook; VLC Media Player; WinRAR; КОМПАС-3D"
WS-ALR-0228;WS-ALR-0228;Новиков Максим;Юридический департамент;Windows 10 Pro;4;8;240;"Chromium-GOST; WinRAR; КриптоПро CSP; Р-7 Офис"
WS-ALR-0229;WS-ALR-0229;Петрова Наталья;Бухгалтерия и финансовый контроль;Windows 11 Pro;6;8;500;"1С:Предприятие 8.3; 7-Zip; Chromium-GOST; Microsoft Office 2016; КриптоПро CSP"
WS-ALR-0230;WS-ALR-0230;Егоров Михаил;Служба главного механика;Windows 10 Pro;4;16;500;"Chromium-GOST; Microsoft Office 2019; Microsoft Outlook; WinRAR; КОМПАС-3D"
WS-ALR-0231;WS-ALR-0231;Смирнов Иван;Бухгалтерия и финансовый контроль;Windows 10 Pro;4;4;500;"1С:Предприятие 8.3; Microsoft Office 2016; Microsoft Outlook; WinRAR; КриптоПро CSP; Яндекс Браузер"
WS-ALR-0232;WS-ALR-0232;Попова Татьяна;Управление информационных технологий;Windows 10 Pro;4;8;500;"7-Zip; Chromium-GOST; LibreOffice"
WS-ALR-0233;WS-ALR-0233;Павлова Елена;Служба главного механика;Windows 10 Pro;6;8;240;"1С:Предприятие 8.3; Mozilla Firefox; WinRAR; Р-7 Офис"
WS-ALR-0234;WS-ALR-0234;Лебедева Елена;Отдел кадров и делопроизводства;Windows 10 Pro;4;8;120;"7-Zip; Р-7 Офис; Яндекс Браузер"
WS-ALR-0235;WS-ALR-0235;Новиков Роман;Управление информационных технологий;Windows 10 Pro;4;8;240;"Google Chrome; WinRAR; Р-7 Офис"
WS-ALR-0236;WS-ALR-0236;Васильев Алексей;Служба главного механика;Windows 11 Pro;6;16;1024;"7-Zip; AutoCAD; VLC Media Player; МойОфис Стандартный; Яндекс Браузер"
WS-ALR-0237;WS-ALR-0237;Смирнова Мария;Управление информационных технологий;Windows 7 Pro (legacy);4;2;120;"Microsoft Office 2016; Microsoft Outlook; WinRAR; Яндекс Браузер"
WS-ALR-0238;WS-ALR-0238;Федорова Анна;Юридический департамент;Windows 7 Pro (legacy);4;4;240;"7-Zip; Adobe Acrobat Reader; Chromium-GOST; КриптоПро CSP; Р-7 Офис"
WS-ALR-0239;WS-ALR-0239;Семенова Ирина;Логистика, склады и снабжение;Windows 10 Pro;2;16;240;"1С:Предприятие 8.3; 7-Zip; LibreOffice; Mozilla Firefox; Total Commander"
WS-ALR-0240;WS-ALR-0240;Лебедева Екатерина;Бухгалтерия и финансовый контроль;Windows 10 Pro;4;8;240;"1С:Предприятие 8.3; Google Chrome; WinRAR; Р-7 Офис"
WS-ALR-0241;WS-ALR-0241;Иванов Роман;Отдел кадров и делопроизводства;Windows 10 Pro;4;2;120;"Google Chrome; WinRAR; Р-7 Офис"
WS-ALR-0242;WS-ALR-0242;Егорова Ирина;Управление информационных технологий;Windows 10 Pro;4;4;240;"7-Zip; Chromium-GOST; Р-7 Офис"
WS-ALR-0243;WS-ALR-0243;Лебедева Мария;Логистика, склады и снабжение;Windows 10 Pro;2;4;500;"1С:Предприятие 8.3; Mozilla Firefox; SAP GUI; WinRAR; МойОфис Стандартный"
WS-ALR-0244;WS-ALR-0244;Новикова Юлия;Служба главного механика;Windows 10 Pro;6;8;500;"7-Zip; AutoCAD; Microsoft Office 2019; Microsoft Outlook; Mozilla Firefox"
WS-ALR-0245;WS-ALR-0245;Николаев Евгений;Логистика, склады и снабжение;Windows 11 Pro;2;4;120;"1С:Предприятие 8.3; 7-Zip; SAP GUI; Total Commander; МойОфис Стандартный; Яндекс Браузер"
WS-ALR-0246;WS-ALR-0246;Михайлов Алексей;Бухгалтерия и финансовый контроль;Windows 11 Pro;2;4;120;"1С:Предприятие 8.3; Google Chrome; WinRAR; Р-7 Офис"
WS-ALR-0247;WS-ALR-0247;Кузнецова Елена;Управление информационных технологий;Windows 10 Pro;6;8;120;"Google Chrome; WinRAR; МойОфис Стандартный"
WS-ALR-0248;WS-ALR-0248;Новиков Артем;Юридический департамент;Windows 11 Pro;4;8;120;"Adobe Acrobat Reader; Chromium-GOST; Microsoft Office 2019; Microsoft Outlook; WinRAR"
WS-ALR-0249;WS-ALR-0249;Соколова Светлана;Юридический департамент;Windows 10 Pro;4;8;240;"7-Zip; Adobe Acrobat Reader; Google Chrome; Microsoft Office 2016; Microsoft Outlook"
WS-ALR-0250;WS-ALR-0250;Волков Артем;Юридический департамент;Windows 11 Pro;4;8;120;"7-Zip; Adobe Acrobat Reader; Microsoft Office 2016; Microsoft Outlook; КриптоПро CSP; Яндекс Браузер"
WS-ALR-0251;WS-ALR-0251;Смирнов Алексей;Служба главного механика;Windows 10 Pro;6;16;1024;"Chromium-GOST; Microsoft Office 2019; Microsoft Outlook; WinRAR; КОМПАС-3D"
WS-ALR-0252;WS-ALR-0252;Смирнов Дмитрий;Управление информационных технологий;Windows 10 Pro;2;8;500;"7-Zip; Р-7 Офис; Яндекс Браузер"
WS-ALR-0253;WS-ALR-0253;Волкова Мария;Управление информационных технологий;Windows 10 Pro;4;8;120;"WinRAR; Р-7 Офис; Яндекс Браузер"
WS-ALR-0254;WS-ALR-0254;Егоров Дмитрий;Геологоразведочная партия;Windows 7 Pro (legacy);6;16;1024;"7-Zip; Microsoft Office 2016; Microsoft Outlook; Mozilla Firefox; SolidWorks; КОМПАС-3D"
WS-ALR-0255;WS-ALR-0255;Петрова Мария;Логистика, склады и снабжение;Windows 11 Pro;2;2;240;"1С:Предприятие 8.3; Google Chrome; WinRAR; Р-7 Офис"
WS-ALR-0256;WS-ALR-0256;Николаев Алексей;Бухгалтерия и финансовый контроль;Windows 10 Pro;4;8;120;"1С:Предприятие 8.3; 7-Zip; Google Chrome; Microsoft Office 2016; Microsoft Outlook; КриптоПро CSP"
WS-ALR-0257;WS-ALR-0257;Федорова Юлия;Управление информационных технологий;Windows 7 Pro (legacy);4;4;120;"7-Zip; МойОфис Стандартный; Яндекс Браузер"
WS-ALR-0258;WS-ALR-0258;Смирнов Иван;Отдел кадров и делопроизводства;Windows 11 Pro;4;4;120;"Microsoft Office 2016; Microsoft Outlook; WinRAR; Яндекс Браузер"
WS-ALR-0259;WS-ALR-0259;Смирнов Евгений;Геологоразведочная партия;Windows 10 Pro;6;16;256;"7-Zip; Microsoft Office 2016; Яндекс Браузер"
WS-ALR-0260;WS-ALR-0260;Волкова Татьяна;Служба главного механика;Windows 10 Pro;2;16;1024;"7-Zip; AutoCAD; Google Chrome; Microsoft Office 2016; VLC Media Player"
WS-ALR-0261;WS-ALR-0261;Михайлов Андрей;Геологоразведочная партия;Windows 10 Pro;4;16;1024;"7-Zip; Chromium-GOST; Microsoft Office 2016; Microsoft Outlook"
WS-ALR-0262;WS-ALR-0262;Попова Татьяна;Отдел кадров и делопроизводства;Windows 10 Pro;2;4;240;"7-Zip; Google Chrome; Р-7 Офис"
WS-ALR-0263;WS-ALR-0263;Морозова Ольга;Юридический департамент;Windows 10 Pro;6;8;240;"Adobe Acrobat Reader; Microsoft Office 2019; Microsoft Outlook; Mozilla Firefox; WinRAR; КриптоПро CSP"
WS-ALR-0264;WS-ALR-0264;Волков Евгений;Бухгалтерия и финансовый контроль;Windows 10 Pro;4;16;240;"1С:Предприятие 8.3; 7-Zip; LibreOffice; КриптоПро CSP; Яндекс Браузер"
WS-ALR-0265;WS-ALR-0265;Михайлов Роман;Отдел кадров и делопроизводства;Windows 10 Pro;4;4;500;"7-Zip; Google Chrome; МойОфис Стандартный"
WS-ALR-0266;WS-ALR-0266;Васильев Михаил;Управление информационных технологий;Windows 10 Pro;4;4;120;"Chromium-GOST; Microsoft Office 2019; Microsoft Outlook; WinRAR"
WS-ALR-0267;WS-ALR-0267;Кузнецов Артем;Управление информационных технологий;Windows 11 Pro;4;8;120;"7-Zip; Microsoft Office 2016; Microsoft Outlook; Mozilla Firefox"
WS-ALR-0268;WS-ALR-0268;Алексеева Екатерина;Управление информационных технологий;Windows 11 Pro;2;4;240;"Google Chrome; WinRAR; Р-7 Офис"
WS-ALR-0269;WS-ALR-0269;Николаев Максим;Служба главного механика;Windows 10 Pro;6;32;1024;"7-Zip; AutoCAD; Mozilla Firefox; Р-7 Офис"
WS-ALR-0270;WS-ALR-0270;Михайлова Светлана;Бухгалтерия и финансовый контроль;Windows 10 Pro;4;4;240;"1С:Предприятие 8.3; 7-Zip; Mozilla Firefox; КриптоПро CSP; МойОфис Стандартный"
WS-ALR-0271;WS-ALR-0271;Смирнова Екатерина;Юридический департамент;Windows 10 Pro;4;8;240;"7-Zip; Adobe Acrobat Reader; Microsoft Office 2019; Microsoft Outlook; Mozilla Firefox; КриптоПро CSP"
WS-ALR-0272;WS-ALR-0272;Михайлова Светлана;Геологоразведочная партия;Windows 10 Pro;4;8;512;"7-Zip; Google Chrome; SolidWorks; КОМПАС-3D; МойОфис Стандартный"
WS-ALR-0273;WS-ALR-0273;Федоров Алексей;Отдел кадров и делопроизводства;Windows 11 Pro;4;4;240;"Chromium-GOST; WinRAR; МойОфис Стандартный"
WS-ALR-0274;WS-ALR-0274;Волков Артем;Геологоразведочная партия;Windows 10 Pro;6;8;256;"7-Zip; КОМПАС-3D; МойОфис Стандартный; Яндекс Браузер"
WS-ALR-0275;WS-ALR-0275;Попова Елена;Геологоразведочная партия;Windows 11 Pro;6;16;512;"7-Zip; Chromium-GOST; КОМПАС-3D; МойОфис Стандартный"
WS-ALR-0276;WS-ALR-0276;Иванов Михаил;Управление информационных технологий;Windows 10 Pro;6;8;500;"WinRAR; МойОфис Стандартный; Яндекс Браузер"
WS-ALR-0277;WS-ALR-0277;Новикова Юлия;Бухгалтерия и финансовый контроль;Windows 10 Pro;4;4;120;"1С:Предприятие 8.3; Microsoft Office 2016; SAP GUI; WinRAR; Яндекс Браузер"
WS-ALR-0278;WS-ALR-0278;Михайлова Анна;Служба главного механика;Windows 10 Pro;4;32;1024;"VLC Media Player; WinRAR; КОМПАС-3D; Р-7 Офис; Яндекс Браузер"
WS-ALR-0279;WS-ALR-0279;Козлова Наталья;Геологоразведочная партия;Windows 10 Pro;2;32;256;"Google Chrome; WinRAR; КОМПАС-3D; Р-7 Офис"
WS-ALR-0280;WS-ALR-0280;Михайлов Роман;Управление информационных технологий;Windows 11 Pro;6;16;240;"Microsoft Office 2019; WinRAR; Яндекс Браузер"
WS-ALR-0281;WS-ALR-0281;Козлов Алексей;Бухгалтерия и финансовый контроль;Windows 10 Pro;2;16;240;"1С:Предприятие 8.3; 7-Zip; Mozilla Firefox; КриптоПро CSP; МойОфис Стандартный"
WS-ALR-0282;WS-ALR-0282;Лебедев Максим;Служба главного механика;Windows 10 Pro;4;8;500;"AutoCAD; Google Chrome; VLC Media Player; WinRAR; Р-7 Офис"
WS-ALR-0283;WS-ALR-0283;Васильев Артем;Логистика, склады и снабжение;Windows 7 Pro (legacy);4;4;500;"1С:Предприятие 8.3; Chromium-GOST; LibreOffice; Total Commander; WinRAR"
WS-ALR-0284;WS-ALR-0284;Морозов Иван;Служба главного механика;Windows 11 Pro;4;4;1024;"1С:Предприятие 8.3; 7-Zip; Р-7 Офис; Яндекс Браузер"
WS-ALR-0285;WS-ALR-0285;Лебедева Татьяна;Управление информационных технологий;Windows 10 Pro;4;4;500;"7-Zip; Google Chrome; Microsoft Office 2019; Microsoft Outlook"
WS-ALR-0286;WS-ALR-0286;Николаева Юлия;Геологоразведочная партия;Windows 10 Pro;6;8;256;"7-Zip; Chromium-GOST; Microsoft Office 2016; Microsoft Outlook"
WS-ALR-0287;WS-ALR-0287;Петрова Ольга;Геологоразведочная партия;Windows 10 Pro;6;32;256;"7-Zip; AutoCAD; Chromium-GOST; МойОфис Стандартный"
WS-ALR-0288;WS-ALR-0288;Соколов Артем;Логистика, склады и снабжение;Windows 10 Pro;4;2;240;"1С:Предприятие 8.3; Microsoft Office 2019; Mozilla Firefox; WinRAR"
WS-ALR-0289;WS-ALR-0289;Морозова Анна;Отдел кадров и делопроизводства;Windows 11 Pro;6;8;500;"7-Zip; Р-7 Офис; Яндекс Браузер"
WS-ALR-0290;WS-ALR-0290;Михайлов Дмитрий;Бухгалтерия и финансовый контроль;Windows 10 Pro;4;8;500;"1С:Предприятие 8.3; VipNet Client; WinRAR; Р-7 Офис; Яндекс Браузер"
WS-ALR-0291;WS-ALR-0291;Федоров Роман;Геологоразведочная партия;Windows 10 Pro;6;16;1024;"7-Zip; КОМПАС-3D; Р-7 Офис; Яндекс Браузер"
WS-ALR-0292;WS-ALR-0292;Козлова Екатерина;Геологоразведочная партия;Windows 10 Pro;6;8;512;"7-Zip; Р-7 Офис; Яндекс Браузер"
WS-ALR-0293;WS-ALR-0293;Петрова Елена;Геологоразведочная партия;Windows 10 Pro;4;16;256;"Mozilla Firefox; WinRAR; МойОфис Стандартный"
WS-ALR-0294;WS-ALR-0294;Алексеев Иван;Управление информационных технологий;Windows 10 Pro;2;8;120;"7-Zip; Google Chrome; МойОфис Стандартный"
WS-ALR-0295;WS-ALR-0295;Лебедев Дмитрий;Логистика, склады и снабжение;Windows 10 Pro;4;4;240;"1С:Предприятие 8.3; 7-Zip; Google Chrome; SAP GUI; Total Commander; МойОфис Стандартный"
WS-ALR-0296;WS-ALR-0296;Иванов Евгений;Управление информационных технологий;Windows 10 Pro;4;8;500;"WinRAR; МойОфис Стандартный; Яндекс Браузер"
WS-ALR-0297;WS-ALR-0297;Семенова Ирина;Служба главного механика;Windows 10 Pro;2;8;1024;"7-Zip; Microsoft Office 2019; Microsoft Outlook; КОМПАС-3D; Яндекс Браузер"
WS-ALR-0298;WS-ALR-0298;Васильев Иван;Геологоразведочная партия;Windows 10 Pro;4;8;256;"1С:Предприятие 8.3; AutoCAD; WinRAR; Р-7 Офис; Яндекс Браузер"
WS-ALR-0299;WS-ALR-0299;Николаева Юлия;Бухгалтерия и финансовый контроль;Windows 10 Pro;4;8;240;"1С:Предприятие 8.3; 7-Zip; Google Chrome; КриптоПро CSP; МойОфис Стандартный"
WS-ALR-0300;WS-ALR-0300;Козлова Татьяна;Отдел кадров и делопроизводства;Windows 10 Pro;4;4;120;"Google Chrome; WinRAR; Р-7 Офис"
WS-ALR-0301;WS-ALR-0301;Николаев Артем;Логистика, склады и снабжение;Windows 10 Pro;2;2;500;"1С:Предприятие 8.3; Microsoft Office 2016; WinRAR; Яндекс Браузер"
WS-ALR-0302;WS-ALR-0302;Новикова Елена;Служба главного механика;Windows 10 Pro;8;16;500;"Chromium-GOST; WinRAR; КОМПАС-3D; Р-7 Офис"
WS-ALR-0303;WS-ALR-0303;Михайлова Юлия;Управление информационных технологий;Windows 11 Pro;6;8;120;"7-Zip; Р-7 Офис; Яндекс Браузер"
WS-ALR-0304;WS-ALR-0304;Николаев Артем;Геологоразведочная партия;Windows 10 Pro;6;32;512;"1С:Предприятие 8.3; 7-Zip; Google Chrome; SolidWorks; КОМПАС-3D; МойОфис Стандартный"
WS-ALR-0305;WS-ALR-0305;Морозова Мария;Отдел кадров и делопроизводства;Windows 10 Pro;2;8;240;"Google Chrome; Microsoft Office 2016; WinRAR"
WS-ALR-0306;WS-ALR-0306;Соколов Иван;Управление информационных технологий;Windows 10 Pro;4;4;500;"Microsoft Office 2019; Mozilla Firefox; WinRAR"
WS-ALR-0307;WS-ALR-0307;Козлова Наталья;Отдел кадров и делопроизводства;Windows 10 Pro;4;8;240;"Microsoft Office 2016; WinRAR; Яндекс Браузер"
WS-ALR-0308;WS-ALR-0308;Соколов Алексей;Управление информационных технологий;Windows 10 Pro;4;8;240;"7-Zip; МойОфис Стандартный; Яндекс Браузер"
WS-ALR-0309;WS-ALR-0309;Козлова Анна;Отдел кадров и делопроизводства;Windows 11 Pro;4;8;240;"7-Zip; Chromium-GOST; Microsoft Office 2019"
WS-ALR-0310;WS-ALR-0310;Смирнова Елена;Геологоразведочная партия;Windows 10 Pro;4;8;256;"Google Chrome; Microsoft Office 2019; Microsoft Outlook; WinRAR; КОМПАС-3D"
WS-ALR-0311;WS-ALR-0311;Кузнецов Артем;Отдел кадров и делопроизводства;Windows 10 Pro;2;8;240;"7-Zip; Chromium-GOST; Р-7 Офис"
WS-ALR-0312;WS-ALR-0312;Федорова Светлана;Логистика, склады и снабжение;Windows 10 Pro;2;8;120;"1С:Предприятие 8.3; 7-Zip; Chromium-GOST; Microsoft Office 2016; Microsoft Outlook"
WS-ALR-0313;WS-ALR-0313;Николаев Дмитрий;Отдел кадров и делопроизводства;Windows 11 Pro;4;8;120;"WinRAR; МойОфис Стандартный; Яндекс Браузер"
WS-ALR-0314;WS-ALR-0314;Морозов Артем;Служба главного механика;Windows 7 Pro (legacy);4;8;1024;"AutoCAD; Google Chrome; Microsoft Office 2016; Microsoft Outlook; VLC Media Player; WinRAR"
WS-ALR-0315;WS-ALR-0315;Павлова Мария;Служба главного механика;Windows 10 Pro;4;8;1024;"Google Chrome; VLC Media Player; WinRAR; КОМПАС-3D; МойОфис Стандартный"
WS-ALR-0316;WS-ALR-0316;Федоров Сергей;Геологоразведочная партия;Windows 10 Pro;4;16;512;"7-Zip; КОМПАС-3D; МойОфис Стандартный; Яндекс Браузер"
WS-ALR-0317;WS-ALR-0317;Петрова Анна;Геологоразведочная партия;Windows 10 Pro;8;16;1024;"Mozilla Firefox; WinRAR; Р-7 Офис"
WS-ALR-0318;WS-ALR-0318;Степанова Наталья;Геологоразведочная партия;Windows 10 Pro;8;8;1024;"7-Zip; Mozilla Firefox; Р-7 Офис"
WS-ALR-0319;WS-ALR-0319;Васильев Максим;Бухгалтерия и финансовый контроль;Windows 10 Pro;4;8;240;"1С:Предприятие 8.3; 7-Zip; Microsoft Office 2016; Mozilla Firefox"
WS-ALR-0320;WS-ALR-0320;Попова Ирина;Юридический департамент;Windows 10 Pro;4;8;120;"Google Chrome; Microsoft Office 2016; Microsoft Outlook; WinRAR; КриптоПро CSP"
WS-ALR-0321;WS-ALR-0321;Федоров Сергей;Юридический департамент;Windows 11 Pro;4;8;240;"7-Zip; Adobe Acrobat Reader; Chromium-GOST; Р-7 Офис"
WS-ALR-0322;WS-ALR-0322;Лебедева Екатерина;Бухгалтерия и финансовый контроль;Windows 10 Pro;4;8;240;"1С:Предприятие 8.3; 7-Zip; Chromium-GOST; Microsoft Office 2016; Microsoft Outlook"
WS-ALR-0323;WS-ALR-0323;Морозова Наталья;Служба главного механика;Windows 11 Pro;6;16;240;"AutoCAD; Google Chrome; WinRAR; МойОфис Стандартный"
WS-ALR-0324;WS-ALR-0324;Морозова Анна;Логистика, склады и снабжение;Windows 10 Pro;4;4;120;"1С:Предприятие 8.3; 7-Zip; Chromium-GOST; Microsoft Office 2019; Total Commander"
WS-ALR-0325;WS-ALR-0325;Семенов Михаил;Служба главного механика;Windows 11 Pro;4;16;1024;"1С:Предприятие 8.3; 7-Zip; Mozilla Firefox; VLC Media Player; МойОфис Стандартный"
WS-ALR-0326;WS-ALR-0326;Лебедев Роман;Юридический департамент;Windows 10 Pro;6;8;120;"Microsoft Office 2019; WinRAR; КриптоПро CSP; Яндекс Браузер"
WS-ALR-0327;WS-ALR-0327;Волкова Мария;Служба главного механика;Windows 10 Pro;4;8;240;"AutoCAD; Chromium-GOST; Microsoft Office 2016; Microsoft Outlook; WinRAR"
WS-ALR-0328;WS-ALR-0328;Соколова Мария;Юридический департамент;Windows 10 Pro;4;8;120;"Adobe Acrobat Reader; Microsoft Office 2019; Microsoft Outlook; Mozilla Firefox; WinRAR"
WS-ALR-0329;WS-ALR-0329;Васильев Алексей;Геологоразведочная партия;Windows 10 Pro;6;16;512;"7-Zip; Chromium-GOST; МойОфис Стандартный"
WS-ALR-0330;WS-ALR-0330;Николаева Татьяна;Логистика, склады и снабжение;Windows 10 Pro;2;2;500;"1С:Предприятие 8.3; Mozilla Firefox; SAP GUI; WinRAR; Р-7 Офис"
WS-ALR-0331;WS-ALR-0331;Павлов Максим;Юридический департамент;Windows 10 Pro;6;4;500;"7-Zip; Google Chrome; LibreOffice"
WS-ALR-0332;WS-ALR-0332;Васильев Сергей;Юридический департамент;Windows 10 Pro;4;8;240;"7-Zip; Adobe Acrobat Reader; Mozilla Firefox; Р-7 Офис"
WS-ALR-0333;WS-ALR-0333;Козлов Сергей;Отдел кадров и делопроизводства;Windows 10 Pro;4;8;120;"7-Zip; Google Chrome; Р-7 Офис"
WS-ALR-0334;WS-ALR-0334;Степанова Ирина;Служба главного механика;Windows 11 Pro;4;16;500;"1С:Предприятие 8.3; 7-Zip; Google Chrome; МойОфис Стандартный"
WS-ALR-0335;WS-ALR-0335;Новикова Екатерина;Бухгалтерия и финансовый контроль;Windows 11 Pro;4;4;120;"1С:Предприятие 8.3; Microsoft Office 2019; VipNet Client; WinRAR; КриптоПро CSP; Яндекс Браузер"
WS-ALR-0336;WS-ALR-0336;Новиков Евгений;Управление информационных технологий;Windows 11 Pro;4;4;240;"7-Zip; Microsoft Office 2016; Яндекс Браузер"
WS-ALR-0337;WS-ALR-0337;Волкова Наталья;Логистика, склады и снабжение;Windows 7 Pro (legacy);2;8;500;"1С:Предприятие 8.3; Chromium-GOST; Total Commander; WinRAR; МойОфис Стандартный"
WS-ALR-0338;WS-ALR-0338;Николаев Михаил;Логистика, склады и снабжение;Windows 10 Pro;2;8;240;"1С:Предприятие 8.3; Mozilla Firefox; WinRAR; МойОфис Стандартный"
WS-ALR-0339;WS-ALR-0339;Смирнова Ольга;Логистика, склады и снабжение;Windows 7 Pro (legacy);4;4;120;"1С:Предприятие 8.3; 7-Zip; Р-7 Офис; Яндекс Браузер"
WS-ALR-0340;WS-ALR-0340;Михайлова Мария;Отдел кадров и делопроизводства;Windows 10 Pro;4;8;240;"7-Zip; Google Chrome; Р-7 Офис"
WS-ALR-0341;WS-ALR-0341;Семенов Роман;Геологоразведочная партия;Windows 11 Pro;4;16;1024;"7-Zip; Microsoft Office 2019; Яндекс Браузер"
WS-ALR-0342;WS-ALR-0342;Новикова Елена;Бухгалтерия и финансовый контроль;Windows 10 Pro;2;4;500;"1С:Предприятие 8.3; Microsoft Office 2019; Mozilla Firefox; WinRAR"
WS-ALR-0343;WS-ALR-0343;Морозов Иван;Логистика, склады и снабжение;Windows 10 Pro;4;4;120;"1С:Предприятие 8.3; SAP GUI; WinRAR; МойОфис Стандартный; Яндекс Браузер"
WS-ALR-0344;WS-ALR-0344;Новиков Роман;Бухгалтерия и финансовый контроль;Windows 11 Pro;2;4;120;"1С:Предприятие 8.3; 7-Zip; LibreOffice; SAP GUI; Яндекс Браузер"
WS-ALR-0345;WS-ALR-0345;Алексеев Михаил;Юридический департамент;Windows 7 Pro (legacy);4;8;500;"7-Zip; Chromium-GOST; Microsoft Office 2016; Microsoft Outlook; КриптоПро CSP"
WS-ALR-0346;WS-ALR-0346;Лебедев Евгений;Служба главного механика;Windows 7 Pro (legacy);6;16;500;"7-Zip; AutoCAD; Google Chrome; Microsoft Office 2019; Microsoft Outlook"
WS-ALR-0347;WS-ALR-0347;Новиков Евгений;Бухгалтерия и финансовый контроль;Windows 10 Pro;2;4;120;"1С:Предприятие 8.3; 7-Zip; Microsoft Office 2016; Microsoft Outlook; Mozilla Firefox; КриптоПро CSP"
WS-ALR-0348;WS-ALR-0348;Новикова Наталья;Бухгалтерия и финансовый контроль;Windows 10 Pro;2;4;500;"1С:Предприятие 8.3; Google Chrome; SAP GUI; WinRAR; КриптоПро CSP; МойОфис Стандартный"
WS-ALR-0349;WS-ALR-0349;Новикова Анна;Логистика, склады и снабжение;Windows 11 Pro;2;2;240;"1С:Предприятие 8.3; WinRAR; Р-7 Офис; Яндекс Браузер"
WS-ALR-0350;WS-ALR-0350;Козлов Сергей;Бухгалтерия и финансовый контроль;Windows 10 Pro;4;4;500;"1С:Предприятие 8.3; 7-Zip; Microsoft Office 2016; Mozilla Firefox; КриптоПро CSP"
WS-ALR-0351;WS-ALR-0351;Волков Сергей;Юридический департамент;Windows 10 Pro;6;8;120;"Adobe Acrobat Reader; Microsoft Office 2016; Microsoft Outlook; Mozilla Firefox; WinRAR; КриптоПро CSP"
WS-ALR-0352;WS-ALR-0352;Волков Андрей;Управление информационных технологий;Windows 10 Pro;4;8;240;"7-Zip; Chromium-GOST; МойОфис Стандартный"
WS-ALR-0353;WS-ALR-0353;Михайлова Екатерина;Геологоразведочная партия;Windows 10 Pro;4;16;1024;"Google Chrome; WinRAR; Р-7 Офис"
WS-ALR-0354;WS-ALR-0354;Морозов Дмитрий;Управление информационных технологий;Windows 10 Pro;2;8;120;"Chromium-GOST; Microsoft Office 2019; WinRAR"
WS-ALR-0355;WS-ALR-0355;Михайлова Екатерина;Логистика, склады и снабжение;Windows 11 Pro;2;8;120;"1С:Предприятие 8.3; 7-Zip; Mozilla Firefox; Total Commander; Р-7 Офис"
WS-ALR-0356;WS-ALR-0356;Иванов Михаил;Логистика, склады и снабжение;Windows 10 Pro;2;2;240;"1С:Предприятие 8.3; Microsoft Office 2016; SAP GUI; WinRAR; Яндекс Браузер"
WS-ALR-0357;WS-ALR-0357;Николаева Юлия;Служба главного механика;Windows 10 Pro;6;8;500;"1С:Предприятие 8.3; Google Chrome; WinRAR; Р-7 Офис"
WS-ALR-0358;WS-ALR-0358;Смирнов Артем;Отдел кадров и делопроизводства;Windows 10 Pro;4;8;120;"7-Zip; Google Chrome; Microsoft Office 2019; Microsoft Outlook"
WS-ALR-0359;WS-ALR-0359;Семенов Иван;Юридический департамент;Windows 10 Pro;4;4;120;"Adobe Acrobat Reader; Microsoft Office 2019; Microsoft Outlook; WinRAR; КриптоПро CSP; Яндекс Браузер"
WS-ALR-0360;WS-ALR-0360;Федорова Екатерина;Отдел кадров и делопроизводства;Windows 10 Pro;4;8;240;"7-Zip; Chromium-GOST; МойОфис Стандартный"
WS-ALR-0361;WS-ALR-0361;Лебедева Наталья;Служба главного механика;Windows 10 Pro;4;8;1024;"7-Zip; AutoCAD; Microsoft Office 2016; Яндекс Браузер"
WS-ALR-0362;WS-ALR-0362;Иванова Татьяна;Юридический департамент;Windows 10 Pro;2;8;500;"Adobe Acrobat Reader; Microsoft Office 2019; WinRAR; Яндекс Браузер"
WS-ALR-0363;WS-ALR-0363;Соколов Дмитрий;Управление информационных технологий;Windows 7 Pro (legacy);2;4;240;"7-Zip; Mozilla Firefox; МойОфис Стандартный"
WS-ALR-0364;WS-ALR-0364;Волков Дмитрий;Логистика, склады и снабжение;Windows 10 Pro;2;4;240;"1С:Предприятие 8.3; 7-Zip; Mozilla Firefox; SAP GUI; МойОфис Стандартный"
WS-ALR-0365;WS-ALR-0365;Егоров Алексей;Отдел кадров и делопроизводства;Windows 11 Pro;2;8;120;"Mozilla Firefox; WinRAR; Р-7 Офис"
WS-ALR-0366;WS-ALR-0366;Михайлова Елена;Служба главного механика;Windows 10 Pro;4;16;240;"AutoCAD; Chromium-GOST; Microsoft Office 2019; Microsoft Outlook; WinRAR"
WS-ALR-0367;WS-ALR-0367;Васильева Татьяна;Управление информационных технологий;Windows 11 Pro;4;4;120;"Mozilla Firefox; WinRAR; МойОфис Стандартный"
WS-ALR-0368;WS-ALR-0368;Новикова Ольга;Бухгалтерия и финансовый контроль;Windows 10 Pro;2;4;500;"1С:Предприятие 8.3; WinRAR; МойОфис Стандартный; Яндекс Браузер"
WS-ALR-0369;WS-ALR-0369;Николаев Роман;Бухгалтерия и финансовый контроль;Windows 10 Pro;4;4;500;"1С:Предприятие 8.3; 7-Zip; Chromium-GOST; МойОфис Стандартный"
WS-ALR-0370;WS-ALR-0370;Новикова Наталья;Юридический департамент;Windows 7 Pro (legacy);4;2;120;"Chromium-GOST; WinRAR; КриптоПро CSP; Р-7 Офис"
WS-ALR-0371;WS-ALR-0371;Лебедев Алексей;Служба главного механика;Windows 11 Pro;2;32;500;"WinRAR; КОМПАС-3D; Р-7 Офис; Яндекс Браузер"
WS-ALR-0372;WS-ALR-0372;Егорова Наталья;Геологоразведочная партия;Windows 10 Pro;6;8;256;"7-Zip; AutoCAD; Mozilla Firefox; КОМПАС-3D; МойОфис Стандартный"
WS-ALR-0373;WS-ALR-0373;Степанова Наталья;Юридический департамент;Windows 10 Pro;2;8;240;"7-Zip; Adobe Acrobat Reader; Microsoft Office 2019; Microsoft Outlook; Mozilla Firefox"
WS-ALR-0374;WS-ALR-0374;Алексеев Сергей;Управление информационных технологий;Windows 10 Pro;4;8;120;"Google Chrome; Microsoft Office 2019; WinRAR"
WS-ALR-0375;WS-ALR-0375;Соколова Екатерина;Юридический департамент;Windows 10 Pro;2;8;240;"Adobe Acrobat Reader; Microsoft Office 2019; Microsoft Outlook; WinRAR; КриптоПро CSP; Яндекс Браузер"
WS-ALR-0376;WS-ALR-0376;Кузнецова Мария;Управление информационных технологий;Windows 10 Pro;4;8;120;"7-Zip; Google Chrome; Р-7 Офис"
WS-ALR-0377;WS-ALR-0377;Соколова Екатерина;Юридический департамент;Windows 10 Pro;4;8;240;"Adobe Acrobat Reader; Google Chrome; WinRAR; КриптоПро CSP; Р-7 Офис"
WS-ALR-0378;WS-ALR-0378;Павлова Светлана;Геологоразведочная партия;Windows 10 Pro;6;16;1024;"Google Chrome; Microsoft Office 2016; WinRAR"
WS-ALR-0379;WS-ALR-0379;Кузнецова Наталья;Бухгалтерия и финансовый контроль;Windows 10 Pro;4;4;240;"1С:Предприятие 8.3; 7-Zip; VipNet Client; КриптоПро CSP; МойОфис Стандартный; Яндекс Браузер"
WS-ALR-0380;WS-ALR-0380;Федоров Алексей;Бухгалтерия и финансовый контроль;Windows 10 Pro;4;8;120;"1С:Предприятие 8.3; Mozilla Firefox; VipNet Client; WinRAR; Р-7 Офис"
WS-ALR-0381;WS-ALR-0381;Павлов Максим;Управление информационных технологий;Windows 11 Pro;4;8;240;"Google Chrome; Microsoft Office 2016; WinRAR"
WS-ALR-0382;WS-ALR-0382;Семенова Наталья;Управление информационных технологий;Windows 10 Pro;2;4;240;"Chromium-GOST; WinRAR; МойОфис Стандартный"
WS-ALR-0383;WS-ALR-0383;Смирнов Роман;Служба главного механика;Windows 7 Pro (legacy);4;8;240;"AutoCAD; Chromium-GOST; WinRAR; МойОфис Стандартный"
WS-ALR-0384;WS-ALR-0384;Петров Михаил;Бухгалтерия и финансовый контроль;Windows 10 Pro;2;4;240;"1С:Предприятие 8.3; Chromium-GOST; SAP GUI; WinRAR; КриптоПро CSP; МойОфис Стандартный"
WS-ALR-0385;WS-ALR-0385;Васильева Ольга;Юридический департамент;Windows 10 Pro;4;8;120;"7-Zip; Adobe Acrobat Reader; Google Chrome; Microsoft Office 2019; Microsoft Outlook; КриптоПро CSP"
WS-ALR-0386;WS-ALR-0386;Козлов Алексей;Логистика, склады и снабжение;Windows 10 Pro;2;16;500;"1С:Предприятие 8.3; Google Chrome; Microsoft Office 2019; WinRAR"
WS-ALR-0387;WS-ALR-0387;Семенова Екатерина;Юридический департамент;Windows 10 Pro;2;4;240;"7-Zip; Adobe Acrobat Reader; Microsoft Office 2016; Microsoft Outlook; КриптоПро CSP; Яндекс Браузер"
WS-ALR-0388;WS-ALR-0388;Смирнова Елена;Служба главного механика;Windows 10 Pro;4;16;1024;"AutoCAD; Chromium-GOST; WinRAR; МойОфис Стандартный"
WS-ALR-0389;WS-ALR-0389;Павлов Сергей;Юридический департамент;Windows 10 Pro;4;8;500;"Adobe Acrobat Reader; WinRAR; Р-7 Офис; Яндекс Браузер"
WS-ALR-0390;WS-ALR-0390;Волкова Ольга;Юридический департамент;Windows 11 Pro;4;4;500;"7-Zip; Microsoft Office 2016; Microsoft Outlook; Яндекс Браузер"
WS-ALR-0391;WS-ALR-0391;Лебедева Татьяна;Логистика, склады и снабжение;Windows 10 Pro;2;2;120;"1С:Предприятие 8.3; 7-Zip; Chromium-GOST; Р-7 Офис"
WS-ALR-0392;WS-ALR-0392;Алексеева Екатерина;Бухгалтерия и финансовый контроль;Windows 10 Pro;4;4;240;"1С:Предприятие 8.3; 7-Zip; Microsoft Office 2016; Mozilla Firefox; VipNet Client"
WS-ALR-0393;WS-ALR-0393;Егорова Мария;Бухгалтерия и финансовый контроль;Windows 7 Pro (legacy);4;2;500;"1С:Предприятие 8.3; Google Chrome; Microsoft Office 2016; Microsoft Outlook; VipNet Client; WinRAR; КриптоПро CSP"
WS-ALR-0394;WS-ALR-0394;Попова Ирина;Бухгалтерия и финансовый контроль;Windows 7 Pro (legacy);4;8;240;"1С:Предприятие 8.3; Chromium-GOST; Microsoft Office 2019; WinRAR; КриптоПро CSP"
WS-ALR-0395;WS-ALR-0395;Волкова Юлия;Отдел кадров и делопроизводства;Windows 11 Pro;4;8;240;"7-Zip; Mozilla Firefox; Р-7 Офис"
WS-ALR-0396;WS-ALR-0396;Новиков Алексей;Управление информационных технологий;Windows 10 Pro;2;4;240;"7-Zip; Mozilla Firefox; Р-7 Офис"
WS-ALR-0397;WS-ALR-0397;Лебедева Ольга;Служба главного механика;Windows 11 Pro;8;16;240;"1С:Предприятие 8.3; Google Chrome; WinRAR; Р-7 Офис"
WS-ALR-0398;WS-ALR-0398;Попов Иван;Бухгалтерия и финансовый контроль;Windows 10 Pro;2;8;240;"1С:Предприятие 8.3; Google Chrome; WinRAR; МойОфис Стандартный"
WS-ALR-0399;WS-ALR-0399;Иванов Михаил;Управление информационных технологий;Windows 10 Pro;4;4;240;"Microsoft Office 2019; Microsoft Outlook; Mozilla Firefox; WinRAR"
WS-ALR-0400;WS-ALR-0400;Михайлова Светлана;Бухгалтерия и финансовый контроль;Windows 10 Pro;4;8;500;"1С:Предприятие 8.3; WinRAR; КриптоПро CSP; Р-7 Офис; Яндекс Браузер"
WS-ALR-0401;WS-ALR-0401;Волков Роман;Отдел кадров и делопроизводства;Windows 11 Pro;4;4;500;"7-Zip; Google Chrome; Microsoft Office 2016; Microsoft Outlook"
WS-ALR-0402;WS-ALR-0402;Васильев Максим;Бухгалтерия и финансовый контроль;Windows 10 Pro;2;8;120;"1С:Предприятие 8.3; 7-Zip; Google Chrome; МойОфис Стандартный"
WS-ALR-0403;WS-ALR-0403;Егоров Алексей;Геологоразведочная партия;Windows 10 Pro;2;16;256;"7-Zip; КОМПАС-3D; Р-7 Офис; Яндекс Браузер"
WS-ALR-0404;WS-ALR-0404;Попов Андрей;Логистика, склады и снабжение;Windows 10 Pro;2;8;120;"1С:Предприятие 8.3; Chromium-GOST; SAP GUI; WinRAR; МойОфис Стандартный"
WS-ALR-0405;WS-ALR-0405;Волкова Екатерина;Служба главного механика;Windows 10 Pro;6;8;1024;"7-Zip; Chromium-GOST; VLC Media Player; КОМПАС-3D; МойОфис Стандартный"
WS-ALR-0406;WS-ALR-0406;Федоров Артем;Отдел кадров и делопроизводства;Windows 10 Pro;4;4;120;"7-Zip; Microsoft Office 2019; Яндекс Браузер"
WS-ALR-0407;WS-ALR-0407;Петрова Екатерина;Отдел кадров и делопроизводства;Windows 10 Pro;6;8;120;"Google Chrome; WinRAR; Р-7 Офис"
WS-ALR-0408;WS-ALR-0408;Попова Татьяна;Служба главного механика;Windows 11 Pro;4;16;500;"7-Zip; AutoCAD; VLC Media Player; Р-7 Офис; Яндекс Браузер"
WS-ALR-0409;WS-ALR-0409;Морозов Сергей;Отдел кадров и делопроизводства;Windows 10 Pro;4;8;240;"Google Chrome; WinRAR; МойОфис Стандартный"
WS-ALR-0410;WS-ALR-0410;Соколова Татьяна;Отдел кадров и делопроизводства;Windows 10 Pro;4;8;240;"7-Zip; Google Chrome; МойОфис Стандартный"
WS-ALR-0411;WS-ALR-0411;Алексеев Андрей;Бухгалтерия и финансовый контроль;Windows 11 Pro;4;8;120;"1С:Предприятие 8.3; 7-Zip; Р-7 Офис; Яндекс Браузер"
WS-ALR-0412;WS-ALR-0412;Кузнецов Иван;Управление информационных технологий;Windows 10 Pro;2;8;120;"7-Zip; Mozilla Firefox; МойОфис Стандартный"
WS-ALR-0413;WS-ALR-0413;Новикова Ирина;Отдел кадров и делопроизводства;Windows 10 Pro;4;8;500;"Google Chrome; WinRAR; Р-7 Офис"
WS-ALR-0414;WS-ALR-0414;Егорова Анна;Управление информационных технологий;Windows 10 Pro;2;8;240;"7-Zip; МойОфис Стандартный; Яндекс Браузер"
WS-ALR-0415;WS-ALR-0415;Иванов Михаил;Логистика, склады и снабжение;Windows 10 Pro;2;2;120;"1С:Предприятие 8.3; 7-Zip; LibreOffice; Mozilla Firefox"
WS-ALR-0416;WS-ALR-0416;Николаева Юлия;Служба главного механика;Windows 10 Pro;2;4;1024;"Mozilla Firefox; WinRAR; КОМПАС-3D; МойОфис Стандартный"
WS-ALR-0417;WS-ALR-0417;Козлова Елена;Отдел кадров и делопроизводства;Windows 10 Pro;6;8;120;"7-Zip; Mozilla Firefox; Р-7 Офис"
WS-ALR-0418;WS-ALR-0418;Семенова Анна;Отдел кадров и делопроизводства;Windows 10 Pro;2;8;500;"7-Zip; Google Chrome; Р-7 Офис"
WS-ALR-0419;WS-ALR-0419;Егорова Анна;Отдел кадров и делопроизводства;Windows 10 Pro;4;8;240;"Microsoft Office 2016; Microsoft Outlook; Mozilla Firefox; WinRAR"
WS-ALR-0420;WS-ALR-0420;Егоров Евгений;Отдел кадров и делопроизводства;Windows 10 Pro;4;8;500;"Google Chrome; WinRAR; Р-7 Офис"
WS-ALR-0421;WS-ALR-0421;Васильев Дмитрий;Отдел кадров и делопроизводства;Windows 10 Pro;4;8;500;"WinRAR; Р-7 Офис; Яндекс Браузер"
WS-ALR-0422;WS-ALR-0422;Лебедева Ольга;Служба главного механика;Windows 10 Pro;6;8;240;"AutoCAD; Chromium-GOST; Microsoft Office 2016; WinRAR"
WS-ALR-0423;WS-ALR-0423;Козлов Алексей;Отдел кадров и делопроизводства;Windows 10 Pro;4;4;240;"Mozilla Firefox; WinRAR; МойОфис Стандартный"
WS-ALR-0424;WS-ALR-0424;Морозов Алексей;Юридический департамент;Windows 11 Pro;4;8;500;"Adobe Acrobat Reader; WinRAR; МойОфис Стандартный; Яндекс Браузер"
WS-ALR-0425;WS-ALR-0425;Петрова Елена;Управление информационных технологий;Windows 10 Pro;4;8;240;"Chromium-GOST; Microsoft Office 2016; WinRAR"
WS-ALR-0426;WS-ALR-0426;Соколова Мария;Геологоразведочная партия;Windows 10 Pro;2;8;1024;"7-Zip; Microsoft Office 2016; Mozilla Firefox"
WS-ALR-0427;WS-ALR-0427;Павлова Екатерина;Управление информационных технологий;Windows 10 Pro;2;8;120;"Google Chrome; WinRAR; Р-7 Офис"
WS-ALR-0428;WS-ALR-0428;Лебедев Артем;Управление информационных технологий;Windows 10 Pro;4;8;240;"7-Zip; Chromium-GOST; Microsoft Office 2016; Microsoft Outlook"
WS-ALR-0429;WS-ALR-0429;Соколова Ирина;Бухгалтерия и финансовый контроль;Windows 10 Pro;4;8;240;"1С:Предприятие 8.3; Google Chrome; Microsoft Office 2019; VipNet Client; WinRAR; КриптоПро CSP"
WS-ALR-0430;WS-ALR-0430;Лебедев Роман;Юридический департамент;Windows 10 Pro;4;8;120;"Adobe Acrobat Reader; Chromium-GOST; WinRAR; КриптоПро CSP; МойОфис Стандартный"
WS-ALR-0431;WS-ALR-0431;Попов Максим;Юридический департамент;Windows 10 Pro;2;4;240;"Adobe Acrobat Reader; Microsoft Office 2016; Microsoft Outlook; Mozilla Firefox; WinRAR"
WS-ALR-0432;WS-ALR-0432;Новиков Евгений;Бухгалтерия и финансовый контроль;Windows 10 Pro;2;8;120;"1С:Предприятие 8.3; 7-Zip; Mozilla Firefox; МойОфис Стандартный"
WS-ALR-0433;WS-ALR-0433;Волкова Татьяна;Бухгалтерия и финансовый контроль;Windows 11 Pro;4;8;240;"1С:Предприятие 8.3; 7-Zip; Chromium-GOST; МойОфис Стандартный"
WS-ALR-0434;WS-ALR-0434;Новикова Светлана;Бухгалтерия и финансовый контроль;Windows 10 Pro;2;8;500;"1С:Предприятие 8.3; WinRAR; КриптоПро CSP; Р-7 Офис; Яндекс Браузер"
WS-ALR-0435;WS-ALR-0435;Соколова Татьяна;Юридический департамент;Windows 7 Pro (legacy);2;4;240;"Adobe Acrobat Reader; Mozilla Firefox; WinRAR; МойОфис Стандартный"
WS-ALR-0436;WS-ALR-0436;Козлова Елена;Управление информационных технологий;Windows 10 Pro;4;8;240;"Chromium-GOST; WinRAR; Р-7 Офис"
WS-ALR-0437;WS-ALR-0437;Иванов Роман;Юридический департамент;Windows 7 Pro (legacy);6;8;120;"7-Zip; Adobe Acrobat Reader; КриптоПро CSP; МойОфис Стандартный; Яндекс Браузер"
WS-ALR-0438;WS-ALR-0438;Козлов Андрей;Юридический департамент;Windows 10 Pro;4;8;240;"Microsoft Office 2019; WinRAR; КриптоПро CSP; Яндекс Браузер"
WS-ALR-0439;WS-ALR-0439;Семенов Иван;Юридический департамент;Windows 11 Pro;4;8;500;"7-Zip; Mozilla Firefox; КриптоПро CSP; МойОфис Стандартный"
WS-ALR-0440;WS-ALR-0440;Лебедева Елена;Управление информационных технологий;Windows 10 Pro;4;8;120;"7-Zip; Google Chrome; Р-7 Офис"
WS-ALR-0441;WS-ALR-0441;Морозова Мария;Бухгалтерия и финансовый контроль;Windows 10 Pro;2;8;120;"1С:Предприятие 8.3; Chromium-GOST; Microsoft Office 2019; Microsoft Outlook; WinRAR; КриптоПро CSP"
WS-ALR-0442;WS-ALR-0442;Михайлов Иван;Служба главного механика;Windows 10 Pro;8;16;1024;"Chromium-GOST; Microsoft Office 2019; Microsoft Outlook; WinRAR; КОМПАС-3D"
WS-ALR-0443;WS-ALR-0443;Морозова Екатерина;Логистика, склады и снабжение;Windows 10 Pro;2;8;240;"1С:Предприятие 8.3; 7-Zip; Google Chrome; Р-7 Офис"
WS-ALR-0444;WS-ALR-0444;Иванов Алексей;Геологоразведочная партия;Windows 10 Pro;6;32;1024;"7-Zip; AutoCAD; Chromium-GOST; LibreOffice; КОМПАС-3D"
WS-ALR-0445;WS-ALR-0445;Кузнецов Михаил;Служба главного механика;Windows 10 Pro;4;32;1024;"1С:Предприятие 8.3; 7-Zip; Microsoft Office 2016; Microsoft Outlook; Яндекс Браузер"
WS-ALR-0446;WS-ALR-0446;Михайлов Андрей;Управление информационных технологий;Windows 10 Pro;2;8;240;"Google Chrome; WinRAR; Р-7 Офис"
WS-ALR-0447;WS-ALR-0447;Николаев Артем;Управление информационных технологий;Windows 11 Pro;4;4;500;"Chromium-GOST; WinRAR; МойОфис Стандартный"
WS-ALR-0448;WS-ALR-0448;Федоров Алексей;Юридический департамент;Windows 7 Pro (legacy);2;16;240;"Adobe Acrobat Reader; Chromium-GOST; Microsoft Office 2016; WinRAR; КриптоПро CSP"
WS-ALR-0449;WS-ALR-0449;Соколова Анна;Отдел кадров и делопроизводства;Windows 10 Pro;4;8;500;"7-Zip; Google Chrome; МойОфис Стандартный"
WS-ALR-0450;WS-ALR-0450;Михайлова Елена;Управление информационных технологий;Windows 10 Pro;4;8;500;"7-Zip; МойОфис Стандартный; Яндекс Браузер"
WS-ALR-0451;WS-ALR-0451;Алексеев Роман;Логистика, склады и снабжение;Windows 11 Pro;2;8;500;"1С:Предприятие 8.3; 7-Zip; МойОфис Стандартный; Яндекс Браузер"
WS-ALR-0452;WS-ALR-0452;Кузнецов Михаил;Логистика, склады и снабжение;Windows 7 Pro (legacy);2;4;120;"1С:Предприятие 8.3; 7-Zip; Google Chrome; Р-7 Офис"
WS-ALR-0453;WS-ALR-0453;Волков Евгений;Бухгалтерия и финансовый контроль;Windows 7 Pro (legacy);4;16;240;"1С:Предприятие 8.3; Google Chrome; WinRAR; КриптоПро CSP; Р-7 Офис"
WS-ALR-0454;WS-ALR-0454;Семенова Мария;Юридический департамент;Windows 11 Pro;2;4;120;"7-Zip; Adobe Acrobat Reader; Chromium-GOST; КриптоПро CSP; Р-7 Офис"
WS-ALR-0455;WS-ALR-0455;Смирнова Ирина;Служба главного механика;Windows 10 Pro;8;8;1024;"1С:Предприятие 8.3; Mozilla Firefox; WinRAR; Р-7 Офис"
WS-ALR-0456;WS-ALR-0456;Соколов Сергей;Бухгалтерия и финансовый контроль;Windows 10 Pro;2;8;120;"1С:Предприятие 8.3; 7-Zip; Google Chrome; Microsoft Office 2016; КриптоПро CSP"
WS-ALR-0457;WS-ALR-0457;Попова Ирина;Геологоразведочная партия;Windows 10 Pro;2;32;1024;"WinRAR; КОМПАС-3D; Р-7 Офис; Яндекс Браузер"
WS-ALR-0458;WS-ALR-0458;Егорова Наталья;Управление информационных технологий;Windows 10 Pro;6;8;500;"LibreOffice; WinRAR; Яндекс Браузер"
WS-ALR-0459;WS-ALR-0459;Морозова Наталья;Управление информационных технологий;Windows 10 Pro;6;16;500;"7-Zip; Chromium-GOST; Microsoft Office 2019"
WS-ALR-0460;WS-ALR-0460;Кузнецов Дмитрий;Логистика, склады и снабжение;Windows 10 Pro;4;4;120;"1С:Предприятие 8.3; Mozilla Firefox; WinRAR; МойОфис Стандартный"
WS-ALR-0461;WS-ALR-0461;Петров Артем;Управление информационных технологий;Windows 11 Pro;4;8;500;"7-Zip; Chromium-GOST; МойОфис Стандартный"
WS-ALR-0462;WS-ALR-0462;Николаев Роман;Управление информационных технологий;Windows 10 Pro;4;4;240;"Chromium-GOST; WinRAR; Р-7 Офис"
WS-ALR-0463;WS-ALR-0463;Степанов Евгений;Бухгалтерия и финансовый контроль;Windows 10 Pro;2;8;240;"1С:Предприятие 8.3; 7-Zip; Google Chrome; VipNet Client; КриптоПро CSP; Р-7 Офис"
WS-ALR-0464;WS-ALR-0464;Васильев Максим;Юридический департамент;Windows 7 Pro (legacy);4;16;500;"WinRAR; КриптоПро CSP; Р-7 Офис; Яндекс Браузер"
WS-ALR-0465;WS-ALR-0465;Михайлов Роман;Логистика, склады и снабжение;Windows 10 Pro;2;4;120;"1С:Предприятие 8.3; 7-Zip; Р-7 Офис; Яндекс Браузер"
WS-ALR-0466;WS-ALR-0466;Новикова Екатерина;Служба главного механика;Windows 10 Pro;4;8;1024;"1С:Предприятие 8.3; 7-Zip; Microsoft Office 2016; Microsoft Outlook; Яндекс Браузер"
WS-ALR-0467;WS-ALR-0467;Федорова Татьяна;Юридический департамент;Windows 10 Pro;4;4;500;"Mozilla Firefox; WinRAR; Р-7 Офис"
WS-ALR-0468;WS-ALR-0468;Новикова Юлия;Управление информационных технологий;Windows 10 Pro;2;8;500;"7-Zip; Р-7 Офис; Яндекс Браузер"
WS-ALR-0469;WS-ALR-0469;Семенова Ирина;Отдел кадров и делопроизводства;Windows 10 Pro;4;8;500;"Microsoft Office 2016; Mozilla Firefox; WinRAR"
WS-ALR-0470;WS-ALR-0470;Федорова Анна;Служба главного механика;Windows 10 Pro;4;4;240;"7-Zip; AutoCAD; Microsoft Office 2016; Microsoft Outlook; Яндекс Браузер"
WS-ALR-0471;WS-ALR-0471;Лебедев Максим;Юридический департамент;Windows 10 Pro;4;8;500;"7-Zip; Adobe Acrobat Reader; Chromium-GOST; SolidWorks; КриптоПро CSP; Р-7 Офис"
WS-ALR-0472;WS-ALR-0472;Семенов Михаил;Служба главного механика;Windows 10 Pro;4;32;500;"1С:Предприятие 8.3; 7-Zip; Chromium-GOST; МойОфис Стандартный"
WS-ALR-0473;WS-ALR-0473;Лебедев Андрей;Отдел кадров и делопроизводства;Windows 10 Pro;4;16;500;"7-Zip; Google Chrome; Р-7 Офис"
WS-ALR-0474;WS-ALR-0474;Николаева Екатерина;Отдел кадров и делопроизводства;Windows 10 Pro;6;16;240;"7-Zip; Chromium-GOST; Р-7 Офис"
WS-ALR-0475;WS-ALR-0475;Козлова Елена;Юридический департамент;Windows 10 Pro;4;4;240;"7-Zip; Adobe Acrobat Reader; Mozilla Firefox; Р-7 Офис"
WS-ALR-0476;WS-ALR-0476;Соколов Роман;Служба главного механика;Windows 11 Pro;4;8;1024;"Chromium-GOST; Microsoft Office 2019; WinRAR; КОМПАС-3D"
WS-ALR-0477;WS-ALR-0477;Лебедева Анна;Отдел кадров и делопроизводства;Windows 10 Pro;4;8;500;"Google Chrome; Microsoft Office 2019; WinRAR"
WS-ALR-0478;WS-ALR-0478;Кузнецов Роман;Юридический департамент;Windows 10 Pro;2;8;120;"Chromium-GOST; WinRAR; КриптоПро CSP; МойОфис Стандартный"
WS-ALR-0479;WS-ALR-0479;Иванов Дмитрий;Юридический департамент;Windows 10 Pro;4;8;500;"7-Zip; Adobe Acrobat Reader; Chromium-GOST; Microsoft Office 2019; КриптоПро CSP"
WS-ALR-0480;WS-ALR-0480;Козлов Андрей;Бухгалтерия и финансовый контроль;Windows 10 Pro;4;4;240;"1С:Предприятие 8.3; 7-Zip; Google Chrome; Microsoft Office 2019; Microsoft Outlook"
WS-ALR-0481;WS-ALR-0481;Смирнов Андрей;Управление информационных технологий;Windows 11 Pro;4;16;240;"7-Zip; Microsoft Office 2019; Яндекс Браузер"
WS-ALR-0482;WS-ALR-0482;Козлов Андрей;Геологоразведочная партия;Windows 11 Pro;4;4;1024;"7-Zip; Microsoft Office 2019; Microsoft Outlook; SolidWorks; Яндекс Браузер"
WS-ALR-0483;WS-ALR-0483;Волков Михаил;Управление информационных технологий;Windows 11 Pro;2;4;120;"Microsoft Office 2019; Microsoft Outlook; Mozilla Firefox; WinRAR"
WS-ALR-0484;WS-ALR-0484;Морозова Ирина;Управление информационных технологий;Windows 10 Pro;2;4;240;"Google Chrome; WinRAR; Р-7 Офис"
WS-ALR-0485;WS-ALR-0485;Павлов Михаил;Логистика, склады и снабжение;Windows 7 Pro (legacy);2;4;240;"1С:Предприятие 8.3; Microsoft Office 2019; Mozilla Firefox; WinRAR"
WS-ALR-0486;WS-ALR-0486;Васильева Наталья;Бухгалтерия и финансовый контроль;Windows 10 Pro;4;8;500;"1С:Предприятие 8.3; 7-Zip; КриптоПро CSP; Р-7 Офис; Яндекс Браузер"
WS-ALR-0487;WS-ALR-0487;Васильев Дмитрий;Бухгалтерия и финансовый контроль;Windows 11 Pro;2;16;500;"1С:Предприятие 8.3; Google Chrome; WinRAR; Р-7 Офис"
WS-ALR-0488;WS-ALR-0488;Иванова Ольга;Отдел кадров и делопроизводства;Windows 10 Pro;6;8;500;"Chromium-GOST; WinRAR; Р-7 Офис"
WS-ALR-0489;WS-ALR-0489;Николаева Мария;Логистика, склады и снабжение;Windows 10 Pro;4;8;500;"1С:Предприятие 8.3; Google Chrome; Microsoft Office 2019; SAP GUI; WinRAR"
WS-ALR-0490;WS-ALR-0490;Павлов Михаил;Юридический департамент;Windows 10 Pro;4;16;120;"Google Chrome; Microsoft Office 2019; Microsoft Outlook; WinRAR; КриптоПро CSP"
WS-ALR-0491;WS-ALR-0491;Лебедев Роман;Логистика, склады и снабжение;Windows 10 Pro;2;16;120;"1С:Предприятие 8.3; Google Chrome; Microsoft Office 2016; Microsoft Outlook; SAP GUI; WinRAR"
WS-ALR-0492;WS-ALR-0492;Степанов Роман;Отдел кадров и делопроизводства;Windows 10 Pro;4;8;120;"Chromium-GOST; WinRAR; МойОфис Стандартный"
WS-ALR-0493;WS-ALR-0493;Васильева Екатерина;Юридический департамент;Windows 10 Pro;4;8;120;"WinRAR; КриптоПро CSP; Р-7 Офис; Яндекс Браузер"
WS-ALR-0494;WS-ALR-0494;Лебедева Татьяна;Логистика, склады и снабжение;Windows 10 Pro;2;2;120;"1С:Предприятие 8.3; 7-Zip; Mozilla Firefox; Р-7 Офис"
WS-ALR-0495;WS-ALR-0495;Алексеева Светлана;Отдел кадров и делопроизводства;Windows 11 Pro;4;8;500;"Microsoft Office 2016; Mozilla Firefox; WinRAR"
WS-ALR-0496;WS-ALR-0496;Петрова Татьяна;Юридический департамент;Windows 10 Pro;2;4;500;"7-Zip; Adobe Acrobat Reader; LibreOffice; Mozilla Firefox"
WS-ALR-0497;WS-ALR-0497;Петров Дмитрий;Отдел кадров и делопроизводства;Windows 10 Pro;4;16;120;"7-Zip; Mozilla Firefox; МойОфис Стандартный"
WS-ALR-0498;WS-ALR-0498;Павлов Дмитрий;Управление информационных технологий;Windows 11 Pro;4;4;240;"Google Chrome; WinRAR; Р-7 Офис"
WS-ALR-0499;WS-ALR-0499;Степанов Михаил;Логистика, склады и снабжение;Windows 10 Pro;4;4;240;"1С:Предприятие 8.3; 7-Zip; Google Chrome; Total Commander; МойОфис Стандартный"
WS-ALR-0500;WS-ALR-0500;Смирнов Сергей;Логистика, склады и снабжение;Windows 11 Pro;2;4;500;"1С:Предприятие 8.3; Microsoft Office 2019; Microsoft Outlook; Mozilla Firefox; WinRAR"
WS-ALR-0501;WS-ALR-0501;Семенова Светлана;Отдел кадров и делопроизводства;Windows 10 Pro;4;8;120;"7-Zip; Google Chrome; Microsoft Office 2019"
WS-ALR-0502;WS-ALR-0502;Алексеев Максим;Отдел кадров и делопроизводства;Windows 11 Pro;2;4;500;"Microsoft Office 2016; Mozilla Firefox; WinRAR"
WS-ALR-0503;WS-ALR-0503;Федорова Екатерина;Юридический департамент;Windows 10 Pro;2;8;500;"7-Zip; LibreOffice; Яндекс Браузер"
WS-ALR-0504;WS-ALR-0504;Павлова Ирина;Отдел кадров и делопроизводства;Windows 10 Pro;2;8;500;"7-Zip; Chromium-GOST; МойОфис Стандартный"
WS-ALR-0505;WS-ALR-0505;Семенова Екатерина;Бухгалтерия и финансовый контроль;Windows 10 Pro;4;4;240;"1С:Предприятие 8.3; 7-Zip; Mozilla Firefox; Р-7 Офис"
WS-ALR-0506;WS-ALR-0506;Морозова Светлана;Бухгалтерия и финансовый контроль;Windows 10 Pro;2;8;120;"1С:Предприятие 8.3; Chromium-GOST; VipNet Client; WinRAR; КриптоПро CSP; МойОфис Стандартный"
WS-ALR-0507;WS-ALR-0507;Смирнов Иван;Логистика, склады и снабжение;Windows 10 Pro;2;4;120;"1С:Предприятие 8.3; WinRAR; Р-7 Офис; Яндекс Браузер"
WS-ALR-0508;WS-ALR-0508;Попова Анна;Бухгалтерия и финансовый контроль;Windows 10 Pro;2;4;500;"1С:Предприятие 8.3; Chromium-GOST; WinRAR; КриптоПро CSP; Р-7 Офис"
WS-ALR-0509;WS-ALR-0509;Лебедева Мария;Геологоразведочная партия;Windows 10 Pro;2;8;1024;"1С:Предприятие 8.3; 7-Zip; Chromium-GOST; МойОфис Стандартный"
WS-ALR-0510;WS-ALR-0510;Федоров Михаил;Логистика, склады и снабжение;Windows 10 Pro;2;4;500;"1С:Предприятие 8.3; 7-Zip; Chromium-GOST; Р-7 Офис"
WS-ALR-0511;WS-ALR-0511;Козлова Татьяна;Бухгалтерия и финансовый контроль;Windows 11 Pro;2;8;240;"1С:Предприятие 8.3; 7-Zip; Google Chrome; МойОфис Стандартный"
WS-ALR-0512;WS-ALR-0512;Волкова Анна;Геологоразведочная партия;Windows 10 Pro;4;16;1024;"1С:Предприятие 8.3; 7-Zip; Google Chrome; КОМПАС-3D; МойОфис Стандартный"
WS-ALR-0513;WS-ALR-0513;Козлов Михаил;Геологоразведочная партия;Windows 10 Pro;8;32;256;"Google Chrome; Microsoft Office 2016; WinRAR; КОМПАС-3D"
WS-ALR-0514;WS-ALR-0514;Семенов Артем;Отдел кадров и делопроизводства;Windows 10 Pro;4;16;500;"7-Zip; Chromium-GOST; Microsoft Office 2016; Microsoft Outlook"
WS-ALR-0515;WS-ALR-0515;Лебедев Иван;Геологоразведочная партия;Windows 10 Pro;6;16;512;"7-Zip; AutoCAD; Microsoft Office 2019; Mozilla Firefox"
WS-ALR-0516;WS-ALR-0516;Волков Андрей;Служба главного механика;Windows 10 Pro;4;32;1024;"1С:Предприятие 8.3; Google Chrome; WinRAR; МойОфис Стандартный"
WS-ALR-0517;WS-ALR-0517;Волкова Наталья;Отдел кадров и делопроизводства;Windows 10 Pro;4;16;120;"Microsoft Office 2016; WinRAR; Яндекс Браузер"
WS-ALR-0518;WS-ALR-0518;Федорова Юлия;Отдел кадров и делопроизводства;Windows 7 Pro (legacy);2;8;240;"7-Zip; Google Chrome; МойОфис Стандартный"
WS-ALR-0519;WS-ALR-0519;Соколова Юлия;Отдел кадров и делопроизводства;Windows 10 Pro;6;2;500;"7-Zip; Microsoft Office 2019; Microsoft Outlook; Mozilla Firefox"
WS-ALR-0520;WS-ALR-0520;Соколова Мария;Отдел кадров и делопроизводства;Windows 10 Pro;4;8;500;"7-Zip; Chromium-GOST; Microsoft Office 2016"
WS-ALR-0521;WS-ALR-0521;Михайлова Екатерина;Бухгалтерия и финансовый контроль;Windows 10 Pro;4;8;240;"1С:Предприятие 8.3; 7-Zip; Chromium-GOST; LibreOffice"
WS-ALR-0522;WS-ALR-0522;Иванова Наталья;Бухгалтерия и финансовый контроль;Windows 10 Pro;4;16;500;"1С:Предприятие 8.3; WinRAR; Р-7 Офис; Яндекс Браузер"
WS-ALR-0523;WS-ALR-0523;Павлова Ольга;Юридический департамент;Windows 11 Pro;4;8;120;"Adobe Acrobat Reader; Microsoft Office 2019; Microsoft Outlook; WinRAR; КриптоПро CSP; Яндекс Браузер"
WS-ALR-0524;WS-ALR-0524;Михайлов Алексей;Логистика, склады и снабжение;Windows 10 Pro;2;16;120;"1С:Предприятие 8.3; 7-Zip; Chromium-GOST; МойОфис Стандартный"
WS-ALR-0525;WS-ALR-0525;Лебедева Ирина;Бухгалтерия и финансовый контроль;Windows 11 Pro;4;8;500;"1С:Предприятие 8.3; Google Chrome; WinRAR; КриптоПро CSP; МойОфис Стандартный"
WS-ALR-0526;WS-ALR-0526;Михайлова Светлана;Логистика, склады и снабжение;Windows 10 Pro;4;8;500;"1С:Предприятие 8.3; 7-Zip; Microsoft Office 2016; Microsoft Outlook; Mozilla Firefox; SAP GUI; Total Commander"
WS-ALR-0527;WS-ALR-0527;Кузнецова Елена;Логистика, склады и снабжение;Windows 10 Pro;2;8;240;"1С:Предприятие 8.3; Microsoft Office 2016; Microsoft Outlook; SAP GUI; Total Commander; WinRAR; Яндекс Браузер"
WS-ALR-0528;WS-ALR-0528;Алексеева Анна;Логистика, склады и снабжение;Windows 10 Pro;4;2;120;"1С:Предприятие 8.3; WinRAR; Р-7 Офис; Яндекс Браузер"
WS-ALR-0529;WS-ALR-0529;Иванова Елена;Отдел кадров и делопроизводства;Windows 11 Pro;4;8;120;"7-Zip; МойОфис Стандартный; Яндекс Браузер"
WS-ALR-0530;WS-ALR-0530;Соколова Екатерина;Отдел кадров и делопроизводства;Windows 11 Pro;2;16;500;"Google Chrome; WinRAR; Р-7 Офис"
WS-ALR-0531;WS-ALR-0531;Петрова Наталья;Юридический департамент;Windows 10 Pro;4;4;120;"Adobe Acrobat Reader; Chromium-GOST; Microsoft Office 2016; Microsoft Outlook; WinRAR"
WS-ALR-0532;WS-ALR-0532;Васильев Михаил;Управление информационных технологий;Windows 10 Pro;4;8;240;"7-Zip; Google Chrome; Р-7 Офис"
WS-ALR-0533;WS-ALR-0533;Смирнов Михаил;Юридический департамент;Windows 10 Pro;4;4;500;"Adobe Acrobat Reader; WinRAR; Р-7 Офис; Яндекс Браузер"
WS-ALR-0534;WS-ALR-0534;Егоров Артем;Геологоразведочная партия;Windows 10 Pro;8;16;1024;"Google Chrome; Microsoft Office 2016; Microsoft Outlook; SolidWorks; WinRAR"
WS-ALR-0535;WS-ALR-0535;Михайлов Алексей;Бухгалтерия и финансовый контроль;Windows 10 Pro;4;8;120;"1С:Предприятие 8.3; Chromium-GOST; Microsoft Office 2016; WinRAR; КриптоПро CSP"
WS-ALR-0536;WS-ALR-0536;Волков Алексей;Логистика, склады и снабжение;Windows 11 Pro;2;2;500;"1С:Предприятие 8.3; 7-Zip; SAP GUI; МойОфис Стандартный; Яндекс Браузер"
WS-ALR-0537;WS-ALR-0537;Иванов Дмитрий;Служба главного механика;Windows 10 Pro;4;8;240;"7-Zip; Google Chrome; VLC Media Player; КОМПАС-3D; Р-7 Офис"
WS-ALR-0538;WS-ALR-0538;Попов Евгений;Бухгалтерия и финансовый контроль;Windows 7 Pro (legacy);4;2;240;"1С:Предприятие 8.3; Microsoft Office 2019; Microsoft Outlook; WinRAR; КриптоПро CSP; Яндекс Браузер"
WS-ALR-0539;WS-ALR-0539;Лебедева Юлия;Юридический департамент;Windows 7 Pro (legacy);2;8;120;"7-Zip; Adobe Acrobat Reader; Chromium-GOST; КриптоПро CSP; МойОфис Стандартный"
WS-ALR-0540;WS-ALR-0540;Смирнов Максим;Отдел кадров и делопроизводства;Windows 10 Pro;4;8;500;"7-Zip; Google Chrome; Р-7 Офис"
WS-ALR-0541;WS-ALR-0541;Васильев Евгений;Бухгалтерия и финансовый контроль;Windows 11 Pro;6;8;240;"1С:Предприятие 8.3; 7-Zip; Chromium-GOST; Microsoft Office 2019; VipNet Client"
WS-ALR-0542;WS-ALR-0542;Волкова Светлана;Отдел кадров и делопроизводства;Windows 10 Pro;4;8;240;"Google Chrome; Microsoft Office 2016; Microsoft Outlook; WinRAR"
WS-ALR-0543;WS-ALR-0543;Степанова Анна;Управление информационных технологий;Windows 10 Pro;2;8;120;"7-Zip; Mozilla Firefox; Р-7 Офис"
WS-ALR-0544;WS-ALR-0544;Степанова Анна;Геологоразведочная партия;Windows 10 Pro;8;8;512;"1С:Предприятие 8.3; 7-Zip; Microsoft Office 2019; Microsoft Outlook; КОМПАС-3D; Яндекс Браузер"
WS-ALR-0545;WS-ALR-0545;Лебедева Елена;Управление информационных технологий;Windows 10 Pro;4;8;240;"Mozilla Firefox; WinRAR; МойОфис Стандартный"
WS-ALR-0546;WS-ALR-0546;Михайлова Наталья;Бухгалтерия и финансовый контроль;Windows 10 Pro;2;4;120;"1С:Предприятие 8.3; 7-Zip; Google Chrome; Microsoft Office 2019; SAP GUI; VipNet Client; КриптоПро CSP"
WS-ALR-0547;WS-ALR-0547;Морозов Артем;Отдел кадров и делопроизводства;Windows 7 Pro (legacy);4;4;500;"7-Zip; Google Chrome; Microsoft Office 2016"
WS-ALR-0548;WS-ALR-0548;Новикова Мария;Управление информационных технологий;Windows 10 Pro;4;2;240;"Microsoft Office 2019; Mozilla Firefox; WinRAR"
WS-ALR-0549;WS-ALR-0549;Васильева Светлана;Служба главного механика;Windows 10 Pro;4;16;1024;"Chromium-GOST; WinRAR; КОМПАС-3D; МойОфис Стандартный"
WS-ALR-0550;WS-ALR-0550;Морозова Наталья;Геологоразведочная партия;Windows 10 Pro;4;16;256;"AutoCAD; Mozilla Firefox; WinRAR; КОМПАС-3D; МойОфис Стандартный"
WS-ALR-0551;WS-ALR-0551;Егоров Алексей;Служба главного механика;Windows 10 Pro;6;16;500;"1С:Предприятие 8.3; Chromium-GOST; WinRAR; Р-7 Офис"
WS-ALR-0552;WS-ALR-0552;Морозов Роман;Логистика, склады и снабжение;Windows 11 Pro;2;4;120;"1С:Предприятие 8.3; 7-Zip; Chromium-GOST; LibreOffice"
WS-ALR-0553;WS-ALR-0553;Степанова Юлия;Бухгалтерия и финансовый контроль;Windows 10 Pro;6;8;120;"1С:Предприятие 8.3; 7-Zip; Mozilla Firefox; VipNet Client; КриптоПро CSP; Р-7 Офис"
WS-ALR-0554;WS-ALR-0554;Кузнецов Роман;Отдел кадров и делопроизводства;Windows 10 Pro;4;4;120;"WinRAR; МойОфис Стандартный; Яндекс Браузер"
WS-ALR-0555;WS-ALR-0555;Федорова Анна;Управление информационных технологий;Windows 10 Pro;4;4;500;"WinRAR; МойОфис Стандартный; Яндекс Браузер"
WS-ALR-0556;WS-ALR-0556;Морозов Иван;Управление информационных технологий;Windows 10 Pro;4;8;120;"7-Zip; Р-7 Офис; Яндекс Браузер"
WS-ALR-0557;WS-ALR-0557;Алексеев Сергей;Логистика, склады и снабжение;Windows 10 Pro;4;16;120;"1С:Предприятие 8.3; Chromium-GOST; WinRAR; Р-7 Офис"
WS-ALR-0558;WS-ALR-0558;Степанов Роман;Отдел кадров и делопроизводства;Windows 10 Pro;4;4;240;"7-Zip; Google Chrome; МойОфис Стандартный"
WS-ALR-0559;WS-ALR-0559;Алексеев Сергей;Логистика, склады и снабжение;Windows 10 Pro;2;4;240;"1С:Предприятие 8.3; Mozilla Firefox; SAP GUI; Total Commander; WinRAR; Р-7 Офис"
WS-ALR-0560;WS-ALR-0560;Волкова Наталья;Логистика, склады и снабжение;Windows 10 Pro;4;8;240;"1С:Предприятие 8.3; 7-Zip; Mozilla Firefox; SAP GUI; Р-7 Офис"
WS-ALR-0561;WS-ALR-0561;Петрова Анна;Бухгалтерия и финансовый контроль;Windows 10 Pro;2;8;500;"1С:Предприятие 8.3; 7-Zip; Microsoft Office 2019; Microsoft Outlook; Яндекс Браузер"
WS-ALR-0562;WS-ALR-0562;Егоров Артем;Бухгалтерия и финансовый контроль;Windows 10 Pro;4;8;120;"1С:Предприятие 8.3; 7-Zip; Google Chrome; Microsoft Office 2019; Microsoft Outlook"
WS-ALR-0563;WS-ALR-0563;Семенов Дмитрий;Геологоразведочная партия;Windows 10 Pro;6;4;1024;"1С:Предприятие 8.3; AutoCAD; Mozilla Firefox; WinRAR; КОМПАС-3D; Р-7 Офис"
WS-ALR-0564;WS-ALR-0564;Морозов Михаил;Служба главного механика;Windows 10 Pro;4;16;500;"7-Zip; AutoCAD; Р-7 Офис; Яндекс Браузер"
WS-ALR-0565;WS-ALR-0565;Петров Евгений;Бухгалтерия и финансовый контроль;Windows 10 Pro;2;4;120;"1С:Предприятие 8.3; Chromium-GOST; VipNet Client; WinRAR; МойОфис Стандартный"
WS-ALR-0566;WS-ALR-0566;Васильев Евгений;Геологоразведочная партия;Windows 10 Pro;4;16;1024;"7-Zip; AutoCAD; КОМПАС-3D; Р-7 Офис; Яндекс Браузер"
WS-ALR-0567;WS-ALR-0567;Смирнов Алексей;Отдел кадров и делопроизводства;Windows 10 Pro;4;8;120;"7-Zip; Google Chrome; МойОфис Стандартный"
WS-ALR-0568;WS-ALR-0568;Иванов Алексей;Бухгалтерия и финансовый контроль;Windows 11 Pro;2;4;500;"1С:Предприятие 8.3; 7-Zip; LibreOffice; КриптоПро CSP; Яндекс Браузер"
WS-ALR-0569;WS-ALR-0569;Лебедев Дмитрий;Бухгалтерия и финансовый контроль;Windows 10 Pro;4;8;240;"1С:Предприятие 8.3; 7-Zip; Chromium-GOST; Microsoft Office 2019; Microsoft Outlook; SAP GUI; VipNet Client; КриптоПро CSP"
WS-ALR-0570;WS-ALR-0570;Алексеев Алексей;Геологоразведочная партия;Windows 10 Pro;2;16;256;"7-Zip; Mozilla Firefox; МойОфис Стандартный"
WS-ALR-0571;WS-ALR-0571;Лебедев Артем;Логистика, склады и снабжение;Windows 10 Pro;2;4;120;"1С:Предприятие 8.3; Chromium-GOST; LibreOffice; WinRAR"
WS-ALR-0572;WS-ALR-0572;Морозов Михаил;Бухгалтерия и финансовый контроль;Windows 10 Pro;4;4;500;"1С:Предприятие 8.3; Google Chrome; WinRAR; КриптоПро CSP; МойОфис Стандартный"
WS-ALR-0573;WS-ALR-0573;Павлов Максим;Юридический департамент;Windows 10 Pro;6;8;120;"7-Zip; Р-7 Офис; Яндекс Браузер"
WS-ALR-0574;WS-ALR-0574;Егорова Ольга;Геологоразведочная партия;Windows 10 Pro;4;8;256;"7-Zip; Microsoft Office 2019; Microsoft Outlook; Яндекс Браузер"
WS-ALR-0575;WS-ALR-0575;Павлов Дмитрий;Бухгалтерия и финансовый контроль;Windows 10 Pro;4;8;240;"1С:Предприятие 8.3; 7-Zip; Microsoft Office 2019; Microsoft Outlook; КриптоПро CSP; Яндекс Браузер"
WS-ALR-0576;WS-ALR-0576;Михайлов Максим;Логистика, склады и снабжение;Windows 10 Pro;2;4;240;"1С:Предприятие 8.3; Chromium-GOST; Microsoft Office 2016; Microsoft Outlook; WinRAR"
WS-ALR-0577;WS-ALR-0577;Соколов Михаил;Геологоразведочная партия;Windows 10 Pro;4;8;1024;"7-Zip; Chromium-GOST; SolidWorks; КОМПАС-3D; Р-7 Офис"
WS-ALR-0578;WS-ALR-0578;Николаев Иван;Бухгалтерия и финансовый контроль;Windows 10 Pro;4;4;240;"1С:Предприятие 8.3; Chromium-GOST; Microsoft Office 2019; Microsoft Outlook; WinRAR"
WS-ALR-0579;WS-ALR-0579;Павлова Татьяна;Управление информационных технологий;Windows 10 Pro;4;8;120;"7-Zip; Microsoft Office 2019; Microsoft Outlook; Mozilla Firefox"
WS-ALR-0580;WS-ALR-0580;Николаев Роман;Управление информационных технологий;Windows 10 Pro;4;8;120;"Google Chrome; WinRAR; Р-7 Офис"
WS-ALR-0581;WS-ALR-0581;Козлова Анна;Бухгалтерия и финансовый контроль;Windows 11 Pro;2;8;120;"1С:Предприятие 8.3; 7-Zip; Mozilla Firefox; VipNet Client; КриптоПро CSP; МойОфис Стандартный"
WS-ALR-0582;WS-ALR-0582;Алексеева Ирина;Управление информационных технологий;Windows 10 Pro;6;16;500;"Google Chrome; WinRAR; Р-7 Офис"
WS-ALR-0583;WS-ALR-0583;Кузнецова Екатерина;Бухгалтерия и финансовый контроль;Windows 11 Pro;2;8;120;"1С:Предприятие 8.3; 7-Zip; Mozilla Firefox; КриптоПро CSP; МойОфис Стандартный"
WS-ALR-0584;WS-ALR-0584;Егорова Светлана;Геологоразведочная партия;Windows 10 Pro;6;16;256;"Microsoft Office 2016; Microsoft Outlook; Mozilla Firefox; SolidWorks; WinRAR"
WS-ALR-0585;WS-ALR-0585;Новиков Михаил;Служба главного механика;Windows 11 Pro;8;16;240;"1С:Предприятие 8.3; 7-Zip; Google Chrome; Microsoft Office 2016; VLC Media Player"
WS-ALR-0586;WS-ALR-0586;Алексеева Анна;Логистика, склады и снабжение;Windows 10 Pro;4;8;120;"1С:Предприятие 8.3; Chromium-GOST; WinRAR; МойОфис Стандартный"
WS-ALR-0587;WS-ALR-0587;Алексеева Мария;Геологоразведочная партия;Windows 11 Pro;6;16;1024;"1С:Предприятие 8.3; 7-Zip; AutoCAD; Microsoft Office 2016; КОМПАС-3D; Яндекс Браузер"
WS-ALR-0588;WS-ALR-0588;Иванов Роман;Отдел кадров и делопроизводства;Windows 10 Pro;4;16;120;"7-Zip; Microsoft Office 2019; Microsoft Outlook; Яндекс Браузер"
WS-ALR-0589;WS-ALR-0589;Лебедев Роман;Отдел кадров и делопроизводства;Windows 10 Pro;4;4;500;"7-Zip; Chromium-GOST; Р-7 Офис"
WS-ALR-0590;WS-ALR-0590;Семенов Андрей;Бухгалтерия и финансовый контроль;Windows 7 Pro (legacy);2;8;120;"1С:Предприятие 8.3; 7-Zip; Microsoft Office 2019; Microsoft Outlook; Яндекс Браузер"
WS-ALR-0591;WS-ALR-0591;Петров Андрей;Логистика, склады и снабжение;Windows 10 Pro;2;2;120;"1С:Предприятие 8.3; 7-Zip; Google Chrome; Р-7 Офис"
WS-ALR-0592;WS-ALR-0592;Иванов Андрей;Бухгалтерия и финансовый контроль;Windows 7 Pro (legacy);4;4;120;"1С:Предприятие 8.3; 7-Zip; МойОфис Стандартный; Яндекс Браузер"
WS-ALR-0593;WS-ALR-0593;Егоров Евгений;Юридический департамент;Windows 10 Pro;4;8;240;"Adobe Acrobat Reader; Google Chrome; Microsoft Office 2016; Microsoft Outlook; WinRAR; КриптоПро CSP"
WS-ALR-0594;WS-ALR-0594;Смирнова Юлия;Логистика, склады и снабжение;Windows 10 Pro;4;16;120;"1С:Предприятие 8.3; Microsoft Office 2019; Microsoft Outlook; WinRAR; Яндекс Браузер"
WS-ALR-0595;WS-ALR-0595;Павлов Андрей;Управление информационных технологий;Windows 10 Pro;4;4;120;"Google Chrome; Microsoft Office 2016; WinRAR"
WS-ALR-0596;WS-ALR-0596;Соколова Татьяна;Логистика, склады и снабжение;Windows 10 Pro;4;2;240;"1С:Предприятие 8.3; Microsoft Office 2019; WinRAR; Яндекс Браузер"
WS-ALR-0597;WS-ALR-0597;Алексеева Ирина;Отдел кадров и делопроизводства;Windows 11 Pro;4;8;240;"LibreOffice; Mozilla Firefox; WinRAR"
WS-ALR-0598;WS-ALR-0598;Алексеев Андрей;Бухгалтерия и финансовый контроль;Windows 7 Pro (legacy);2;4;120;"1С:Предприятие 8.3; 7-Zip; КриптоПро CSP; Р-7 Офис; Яндекс Браузер"
WS-ALR-0599;WS-ALR-0599;Петрова Наталья;Управление информационных технологий;Windows 11 Pro;6;8;240;"7-Zip; Chromium-GOST; МойОфис Стандартный"
WS-ALR-0600;WS-ALR-0600;Попов Сергей;Юридический департамент;Windows 10 Pro;4;8;120;"Adobe Acrobat Reader; Google Chrome; Microsoft Office 2019; Microsoft Outlook; WinRAR; КриптоПро CSP"
WS-ALR-0601;WS-ALR-0601;Козлов Михаил;Отдел кадров и делопроизводства;Windows 10 Pro;4;8;500;"7-Zip; Google Chrome; Microsoft Office 2019"
WS-ALR-0602;WS-ALR-0602;Алексеева Елена;Логистика, склады и снабжение;Windows 10 Pro;4;8;500;"1С:Предприятие 8.3; Microsoft Office 2019; Microsoft Outlook; Mozilla Firefox; SAP GUI; Total Commander; WinRAR"
WS-ALR-0603;WS-ALR-0603;Соколова Екатерина;Юридический департамент;Windows 10 Pro;2;8;240;"Adobe Acrobat Reader; Chromium-GOST; LibreOffice; SolidWorks; WinRAR"
WS-ALR-0604;WS-ALR-0604;Лебедева Анна;Логистика, склады и снабжение;Windows 10 Pro;2;4;500;"1С:Предприятие 8.3; 7-Zip; Chromium-GOST; SAP GUI; МойОфис Стандартный"
WS-ALR-0605;WS-ALR-0605;Михайлов Роман;Геологоразведочная партия;Windows 10 Pro;6;16;1024;"7-Zip; Google Chrome; Microsoft Office 2016; КОМПАС-3D"
WS-ALR-0606;WS-ALR-0606;Новиков Андрей;Геологоразведочная партия;Windows 10 Pro;6;32;512;"Chromium-GOST; WinRAR; КОМПАС-3D; МойОфис Стандартный"
WS-ALR-0607;WS-ALR-0607;Михайлов Артем;Отдел кадров и делопроизводства;Windows 11 Pro;2;8;120;"Mozilla Firefox; WinRAR; МойОфис Стандартный"
WS-ALR-0608;WS-ALR-0608;Иванов Иван;Служба главного механика;Windows 10 Pro;4;16;1024;"Microsoft Office 2019; Microsoft Outlook; Mozilla Firefox; VLC Media Player; WinRAR; КОМПАС-3D"
WS-ALR-0609;WS-ALR-0609;Козлов Артем;Логистика, склады и снабжение;Windows 10 Pro;2;4;500;"1С:Предприятие 8.3; SAP GUI; Total Commander; WinRAR; Р-7 Офис; Яндекс Браузер"
WS-ALR-0610;WS-ALR-0610;Васильев Роман;Служба главного механика;Windows 10 Pro;6;8;240;"Microsoft Office 2016; Microsoft Outlook; WinRAR; КОМПАС-3D; Яндекс Браузер"
WS-ALR-0611;WS-ALR-0611;Петрова Татьяна;Логистика, склады и снабжение;Windows 10 Pro;2;8;240;"1С:Предприятие 8.3; 7-Zip; Chromium-GOST; Total Commander; МойОфис Стандартный"
WS-ALR-0612;WS-ALR-0612;Алексеев Михаил;Логистика, склады и снабжение;Windows 10 Pro;2;4;240;"1С:Предприятие 8.3; Microsoft Office 2016; Mozilla Firefox; Total Commander; WinRAR"
WS-ALR-0613;WS-ALR-0613;Семенов Сергей;Служба главного механика;Windows 10 Pro;6;16;500;"AutoCAD; Mozilla Firefox; VLC Media Player; WinRAR; МойОфис Стандартный"
WS-ALR-0614;WS-ALR-0614;Михайлова Светлана;Служба главного механика;Windows 7 Pro (legacy);4;4;1024;"Microsoft Office 2016; Microsoft Outlook; Mozilla Firefox; WinRAR; КОМПАС-3D"
WS-ALR-0615;WS-ALR-0615;Федорова Татьяна;Отдел кадров и делопроизводства;Windows 10 Pro;2;8;120;"Chromium-GOST; Microsoft Office 2019; Microsoft Outlook; WinRAR"
WS-ALR-0616;WS-ALR-0616;Павлова Мария;Логистика, склады и снабжение;Windows 10 Pro;2;4;500;"1С:Предприятие 8.3; 7-Zip; LibreOffice; Total Commander; Яндекс Браузер"
WS-ALR-0617;WS-ALR-0617;Иванов Иван;Геологоразведочная партия;Windows 7 Pro (legacy);8;16;256;"1С:Предприятие 8.3; 7-Zip; Microsoft Office 2016; SolidWorks; Яндекс Браузер"
WS-ALR-0618;WS-ALR-0618;Федорова Светлана;Геологоразведочная партия;Windows 10 Pro;6;16;512;"7-Zip; Р-7 Офис; Яндекс Браузер"
WS-ALR-0619;WS-ALR-0619;Васильева Наталья;Отдел кадров и делопроизводства;Windows 10 Pro;4;8;500;"7-Zip; Google Chrome; Microsoft Office 2016"
WS-ALR-0620;WS-ALR-0620;Соколов Дмитрий;Бухгалтерия и финансовый контроль;Windows 10 Pro;4;4;120;"1С:Предприятие 8.3; 7-Zip; Chromium-GOST; Microsoft Office 2016; Microsoft Outlook"
WS-ALR-0621;WS-ALR-0621;Алексеев Иван;Служба главного механика;Windows 7 Pro (legacy);8;8;1024;"7-Zip; AutoCAD; Mozilla Firefox; Р-7 Офис"
WS-ALR-0622;WS-ALR-0622;Волков Артем;Отдел кадров и делопроизводства;Windows 11 Pro;4;8;500;"Chromium-GOST; Microsoft Office 2019; Microsoft Outlook; WinRAR"
WS-ALR-0623;WS-ALR-0623;Иванова Анна;Геологоразведочная партия;Windows 10 Pro;4;32;512;"7-Zip; AutoCAD; Microsoft Office 2016; Microsoft Outlook; КОМПАС-3D; Яндекс Браузер"
WS-ALR-0624;WS-ALR-0624;Новиков Максим;Юридический департамент;Windows 11 Pro;4;2;120;"7-Zip; Microsoft Office 2019; Microsoft Outlook; Mozilla Firefox"
WS-ALR-0625;WS-ALR-0625;Павлов Андрей;Логистика, склады и снабжение;Windows 10 Pro;2;4;240;"1С:Предприятие 8.3; 7-Zip; Google Chrome; Microsoft Office 2019; Microsoft Outlook; Total Commander"
WS-ALR-0626;WS-ALR-0626;Козлова Мария;Юридический департамент;Windows 10 Pro;4;8;240;"Adobe Acrobat Reader; Chromium-GOST; WinRAR; МойОфис Стандартный"
WS-ALR-0627;WS-ALR-0627;Смирнов Евгений;Юридический департамент;Windows 10 Pro;4;16;240;"Chromium-GOST; Microsoft Office 2016; Microsoft Outlook; WinRAR"
WS-ALR-0628;WS-ALR-0628;Павлова Татьяна;Служба главного механика;Windows 10 Pro;6;32;240;"7-Zip; AutoCAD; Google Chrome; Microsoft Office 2019; Microsoft Outlook; VLC Media Player"
WS-ALR-0629;WS-ALR-0629;Кузнецов Максим;Бухгалтерия и финансовый контроль;Windows 10 Pro;2;4;500;"1С:Предприятие 8.3; Google Chrome; Microsoft Office 2019; Microsoft Outlook; WinRAR"
WS-ALR-0630;WS-ALR-0630;Павлова Ирина;Служба главного механика;Windows 10 Pro;6;16;1024;"AutoCAD; WinRAR; МойОфис Стандартный; Яндекс Браузер"
WS-ALR-0631;WS-ALR-0631;Козлова Татьяна;Геологоразведочная партия;Windows 10 Pro;4;16;1024;"LibreOffice; WinRAR; Яндекс Браузер"
WS-ALR-0632;WS-ALR-0632;Волков Сергей;Бухгалтерия и финансовый контроль;Windows 10 Pro;4;8;120;"1С:Предприятие 8.3; Mozilla Firefox; VipNet Client; WinRAR; КриптоПро CSP; Р-7 Офис"
WS-ALR-0633;WS-ALR-0633;Попова Мария;Служба главного механика;Windows 7 Pro (legacy);4;8;500;"7-Zip; AutoCAD; Chromium-GOST; Microsoft Office 2016; Microsoft Outlook"
WS-ALR-0634;WS-ALR-0634;Смирнова Светлана;Управление информационных технологий;Windows 10 Pro;4;16;240;"WinRAR; МойОфис Стандартный; Яндекс Браузер"
WS-ALR-0635;WS-ALR-0635;Волков Роман;Отдел кадров и делопроизводства;Windows 10 Pro;4;4;500;"Chromium-GOST; WinRAR; Р-7 Офис"
WS-ALR-0636;WS-ALR-0636;Соколова Ирина;Управление информационных технологий;Windows 11 Pro;4;4;120;"7-Zip; Microsoft Office 2019; Microsoft Outlook; Mozilla Firefox"
WS-ALR-0637;WS-ALR-0637;Михайлов Евгений;Юридический департамент;Windows 10 Pro;4;8;240;"7-Zip; Mozilla Firefox; КриптоПро CSP; Р-7 Офис"
WS-ALR-0638;WS-ALR-0638;Волков Михаил;Отдел кадров и делопроизводства;Windows 10 Pro;2;8;500;"7-Zip; Chromium-GOST; МойОфис Стандартный"
WS-ALR-0639;WS-ALR-0639;Лебедева Анна;Управление информационных технологий;Windows 7 Pro (legacy);6;8;120;"Chromium-GOST; LibreOffice; WinRAR"
WS-ALR-0640;WS-ALR-0640;Лебедев Андрей;Геологоразведочная партия;Windows 11 Pro;6;16;1024;"Chromium-GOST; Microsoft Office 2019; SolidWorks; WinRAR; КОМПАС-3D"
WS-ALR-0641;WS-ALR-0641;Васильев Михаил;Служба главного механика;Windows 10 Pro;2;8;1024;"1С:Предприятие 8.3; 7-Zip; Chromium-GOST; Microsoft Office 2016; Microsoft Outlook"
WS-ALR-0642;WS-ALR-0642;Федоров Роман;Служба главного механика;Windows 7 Pro (legacy);6;8;240;"1С:Предприятие 8.3; 7-Zip; Chromium-GOST; МойОфис Стандартный"
WS-ALR-0643;WS-ALR-0643;Лебедев Максим;Юридический департамент;Windows 10 Pro;4;4;120;"7-Zip; Adobe Acrobat Reader; Chromium-GOST; LibreOffice"
WS-ALR-0644;WS-ALR-0644;Новиков Дмитрий;Служба главного механика;Windows 10 Pro;8;32;500;"7-Zip; AutoCAD; МойОфис Стандартный; Яндекс Браузер"
WS-ALR-0645;WS-ALR-0645;Михайлов Максим;Логистика, склады и снабжение;Windows 10 Pro;2;4;500;"1С:Предприятие 8.3; 7-Zip; Mozilla Firefox; SAP GUI; Total Commander; Р-7 Офис"
WS-ALR-0646;WS-ALR-0646;Михайлова Татьяна;Геологоразведочная партия;Windows 10 Pro;2;16;256;"1С:Предприятие 8.3; 7-Zip; Microsoft Office 2016; Microsoft Outlook; SolidWorks; Яндекс Браузер"
WS-ALR-0647;WS-ALR-0647;Волкова Ирина;Управление информационных технологий;Windows 11 Pro;2;4;500;"7-Zip; Р-7 Офис; Яндекс Браузер"
WS-ALR-0648;WS-ALR-0648;Степанова Ольга;Юридический департамент;Windows 10 Pro;4;8;500;"7-Zip; Adobe Acrobat Reader; Google Chrome; Microsoft Office 2016; Microsoft Outlook; КриптоПро CSP"
WS-ALR-0649;WS-ALR-0649;Соколов Артем;Геологоразведочная партия;Windows 10 Pro;8;16;256;"1С:Предприятие 8.3; AutoCAD; Google Chrome; Microsoft Office 2016; WinRAR; КОМПАС-3D"
WS-ALR-0650;WS-ALR-0650;Козлов Евгений;Бухгалтерия и финансовый контроль;Windows 10 Pro;4;16;240;"1С:Предприятие 8.3; WinRAR; КриптоПро CSP; МойОфис Стандартный; Яндекс Браузер"
WS-ALR-0651;WS-ALR-0651;Новикова Юлия;Логистика, склады и снабжение;Windows 7 Pro (legacy);2;8;120;"1С:Предприятие 8.3; 7-Zip; Microsoft Office 2016; Microsoft Outlook; Яндекс Браузер"
WS-ALR-0652;WS-ALR-0652;Семенов Иван;Служба главного механика;Windows 10 Pro;4;16;500;"AutoCAD; Mozilla Firefox; WinRAR; МойОфис Стандартный"
WS-ALR-0653;WS-ALR-0653;Павлов Алексей;Бухгалтерия и финансовый контроль;Windows 10 Pro;4;8;500;"1С:Предприятие 8.3; Google Chrome; Microsoft Office 2019; Microsoft Outlook; VipNet Client; WinRAR; КриптоПро CSP"
WS-ALR-0654;WS-ALR-0654;Смирнов Роман;Отдел кадров и делопроизводства;Windows 7 Pro (legacy);6;8;240;"Chromium-GOST; Microsoft Office 2019; Microsoft Outlook; WinRAR"
WS-ALR-0655;WS-ALR-0655;Козлов Артем;Отдел кадров и делопроизводства;Windows 11 Pro;4;4;500;"Google Chrome; WinRAR; МойОфис Стандартный"
WS-ALR-0656;WS-ALR-0656;Новикова Мария;Управление информационных технологий;Windows 10 Pro;4;8;500;"Google Chrome; LibreOffice; WinRAR"
WS-ALR-0657;WS-ALR-0657;Волков Алексей;Отдел кадров и делопроизводства;Windows 7 Pro (legacy);6;4;120;"7-Zip; Google Chrome; Р-7 Офис"
WS-ALR-0658;WS-ALR-0658;Попова Екатерина;Бухгалтерия и финансовый контроль;Windows 11 Pro;4;8;500;"1С:Предприятие 8.3; 7-Zip; Google Chrome; Microsoft Office 2019; Microsoft Outlook; КриптоПро CSP"
WS-ALR-0659;WS-ALR-0659;Семенов Михаил;Логистика, склады и снабжение;Windows 11 Pro;4;4;240;"1С:Предприятие 8.3; Chromium-GOST; SAP GUI; Total Commander; WinRAR; МойОфис Стандартный"
WS-ALR-0660;WS-ALR-0660;Степанов Артем;Служба главного механика;Windows 10 Pro;6;8;1024;"1С:Предприятие 8.3; 7-Zip; Google Chrome; Р-7 Офис"
WS-ALR-0661;WS-ALR-0661;Кузнецов Артем;Бухгалтерия и финансовый контроль;Windows 10 Pro;4;4;240;"1С:Предприятие 8.3; 7-Zip; Microsoft Office 2016; Microsoft Outlook; Mozilla Firefox; SAP GUI; VipNet Client"
WS-ALR-0662;WS-ALR-0662;Иванов Андрей;Бухгалтерия и финансовый контроль;Windows 10 Pro;4;8;120;"1С:Предприятие 8.3; 7-Zip; Chromium-GOST; Microsoft Office 2019; Microsoft Outlook"
WS-ALR-0663;WS-ALR-0663;Козлов Андрей;Геологоразведочная партия;Windows 10 Pro;4;16;1024;"7-Zip; МойОфис Стандартный; Яндекс Браузер"
WS-ALR-0664;WS-ALR-0664;Васильева Ирина;Юридический департамент;Windows 10 Pro;4;4;240;"7-Zip; Adobe Acrobat Reader; Microsoft Office 2019; Microsoft Outlook; КриптоПро CSP; Яндекс Браузер"
WS-ALR-0665;WS-ALR-0665;Иванов Максим;Логистика, склады и снабжение;Windows 7 Pro (legacy);2;4;240;"1С:Предприятие 8.3; 7-Zip; Google Chrome; Microsoft Office 2019"
WS-ALR-0666;WS-ALR-0666;Петрова Ирина;Отдел кадров и делопроизводства;Windows 7 Pro (legacy);2;16;240;"7-Zip; Google Chrome; Microsoft Office 2016; Microsoft Outlook"
WS-ALR-0667;WS-ALR-0667;Смирнов Сергей;Отдел кадров и делопроизводства;Windows 10 Pro;2;8;500;"7-Zip; Google Chrome; Microsoft Office 2016; Microsoft Outlook"
WS-ALR-0668;WS-ALR-0668;Николаев Роман;Бухгалтерия и финансовый контроль;Windows 10 Pro;4;8;120;"1С:Предприятие 8.3; Google Chrome; Microsoft Office 2016; SAP GUI; WinRAR"
WS-ALR-0669;WS-ALR-0669;Васильев Михаил;Бухгалтерия и финансовый контроль;Windows 10 Pro;4;4;500;"1С:Предприятие 8.3; 7-Zip; Mozilla Firefox; КриптоПро CSP; МойОфис Стандартный"
WS-ALR-0670;WS-ALR-0670;Петров Михаил;Служба главного механика;Windows 11 Pro;4;16;500;"1С:Предприятие 8.3; Microsoft Office 2016; Microsoft Outlook; Mozilla Firefox; WinRAR"
WS-ALR-0671;WS-ALR-0671;Алексеев Максим;Логистика, склады и снабжение;Windows 10 Pro;2;4;500;"1С:Предприятие 8.3; 7-Zip; Mozilla Firefox; Р-7 Офис"
WS-ALR-0672;WS-ALR-0672;Кузнецов Максим;Бухгалтерия и финансовый контроль;Windows 11 Pro;2;4;120;"1С:Предприятие 8.3; Google Chrome; LibreOffice; VipNet Client; WinRAR"
WS-ALR-0673;WS-ALR-0673;Федоров Михаил;Отдел кадров и делопроизводства;Windows 10 Pro;4;8;500;"7-Zip; Mozilla Firefox; МойОфис Стандартный"
WS-ALR-0674;WS-ALR-0674;Попов Михаил;Логистика, склады и снабжение;Windows 10 Pro;4;16;240;"1С:Предприятие 8.3; WinRAR; Р-7 Офис; Яндекс Браузер"
WS-ALR-0675;WS-ALR-0675;Петрова Юлия;Юридический департамент;Windows 10 Pro;4;2;120;"7-Zip; Adobe Acrobat Reader; Chromium-GOST; МойОфис Стандартный"
WS-ALR-0676;WS-ALR-0676;Павлов Михаил;Логистика, склады и снабжение;Windows 11 Pro;2;8;240;"1С:Предприятие 8.3; Google Chrome; Microsoft Office 2019; SAP GUI; Total Commander; WinRAR"
WS-ALR-0677;WS-ALR-0677;Николаев Дмитрий;Логистика, склады и снабжение;Windows 7 Pro (legacy);2;8;120;"1С:Предприятие 8.3; Microsoft Office 2016; Mozilla Firefox; WinRAR"
WS-ALR-0678;WS-ALR-0678;Федорова Светлана;Геологоразведочная партия;Windows 10 Pro;6;16;256;"1С:Предприятие 8.3; 7-Zip; Google Chrome; КОМПАС-3D; Р-7 Офис"
WS-ALR-0679;WS-ALR-0679;Алексеев Максим;Бухгалтерия и финансовый контроль;Windows 10 Pro;4;4;500;"1С:Предприятие 8.3; WinRAR; Р-7 Офис; Яндекс Браузер"
WS-ALR-0680;WS-ALR-0680;Лебедева Ольга;Управление информационных технологий;Windows 10 Pro;2;4;120;"Google Chrome; WinRAR; МойОфис Стандартный"
WS-ALR-0681;WS-ALR-0681;Попова Мария;Бухгалтерия и финансовый контроль;Windows 10 Pro;4;4;240;"1С:Предприятие 8.3; 7-Zip; Chromium-GOST; Microsoft Office 2016; Microsoft Outlook; КриптоПро CSP"
WS-ALR-0682;WS-ALR-0682;Смирнова Ирина;Юридический департамент;Windows 10 Pro;2;2;240;"Adobe Acrobat Reader; Microsoft Office 2019; WinRAR; Яндекс Браузер"
WS-ALR-0683;WS-ALR-0683;Попов Михаил;Логистика, склады и снабжение;Windows 11 Pro;4;4;500;"1С:Предприятие 8.3; 7-Zip; МойОфис Стандартный; Яндекс Браузер"
WS-ALR-0684;WS-ALR-0684;Федоров Дмитрий;Служба главного механика;Windows 10 Pro;6;8;240;"7-Zip; Microsoft Office 2019; КОМПАС-3D; Яндекс Браузер"
WS-ALR-0685;WS-ALR-0685;Павлова Светлана;Управление информационных технологий;Windows 10 Pro;4;16;500;"Google Chrome; Microsoft Office 2019; Microsoft Outlook; WinRAR"
WS-ALR-0686;WS-ALR-0686;Смирнова Татьяна;Бухгалтерия и финансовый контроль;Windows 7 Pro (legacy);4;8;240;"1С:Предприятие 8.3; 7-Zip; Chromium-GOST; LibreOffice"
WS-ALR-0687;WS-ALR-0687;Иванов Андрей;Юридический департамент;Windows 10 Pro;4;4;500;"WinRAR; КриптоПро CSP; МойОфис Стандартный; Яндекс Браузер"
WS-ALR-0688;WS-ALR-0688;Волкова Ольга;Логистика, склады и снабжение;Windows 7 Pro (legacy);2;2;240;"1С:Предприятие 8.3; Google Chrome; LibreOffice; WinRAR"
WS-ALR-0689;WS-ALR-0689;Степанов Андрей;Управление информационных технологий;Windows 10 Pro;4;8;240;"Microsoft Office 2019; Mozilla Firefox; WinRAR"
WS-ALR-0690;WS-ALR-0690;Павлова Ольга;Логистика, склады и снабжение;Windows 10 Pro;4;8;240;"1С:Предприятие 8.3; SAP GUI; WinRAR; Р-7 Офис; Яндекс Браузер"
WS-ALR-0691;WS-ALR-0691;Смирнова Юлия;Логистика, склады и снабжение;Windows 10 Pro;2;8;500;"1С:Предприятие 8.3; 7-Zip; Microsoft Office 2019; Microsoft Outlook; SAP GUI; Total Commander; Яндекс Браузер"
WS-ALR-0692;WS-ALR-0692;Семенова Анна;Юридический департамент;Windows 11 Pro;4;8;240;"7-Zip; Mozilla Firefox; МойОфис Стандартный"
WS-ALR-0693;WS-ALR-0693;Алексеев Артем;Юридический департамент;Windows 10 Pro;4;4;500;"7-Zip; Adobe Acrobat Reader; Microsoft Office 2016; Microsoft Outlook; Mozilla Firefox; КриптоПро CSP"
WS-ALR-0694;WS-ALR-0694;Морозов Артем;Управление информационных технологий;Windows 10 Pro;6;8;240;"Microsoft Office 2019; WinRAR; Яндекс Браузер"
WS-ALR-0695;WS-ALR-0695;Иванов Артем;Юридический департамент;Windows 11 Pro;4;16;240;"7-Zip; Adobe Acrobat Reader; Google Chrome; КриптоПро CSP; МойОфис Стандартный"
WS-ALR-0696;WS-ALR-0696;Павлова Татьяна;Логистика, склады и снабжение;Windows 10 Pro;4;4;120;"1С:Предприятие 8.3; 7-Zip; Microsoft Office 2019; Microsoft Outlook; Total Commander; Яндекс Браузер"
WS-ALR-0697;WS-ALR-0697;Егорова Татьяна;Логистика, склады и снабжение;Windows 11 Pro;4;4;120;"1С:Предприятие 8.3; Microsoft Office 2019; Microsoft Outlook; Mozilla Firefox; WinRAR"
WS-ALR-0698;WS-ALR-0698;Кузнецов Артем;Бухгалтерия и финансовый контроль;Windows 10 Pro;4;8;120;"1С:Предприятие 8.3; Google Chrome; WinRAR; МойОфис Стандартный"
WS-ALR-0699;WS-ALR-0699;Новикова Татьяна;Бухгалтерия и финансовый контроль;Windows 10 Pro;2;8;240;"1С:Предприятие 8.3; Chromium-GOST; Microsoft Office 2016; Microsoft Outlook; WinRAR; КриптоПро CSP"
WS-ALR-0700;WS-ALR-0700;Николаев Иван;Юридический департамент;Windows 10 Pro;4;8;120;"Adobe Acrobat Reader; Microsoft Office 2019; Microsoft Outlook; WinRAR; Яндекс Браузер"
WS-ALR-0701;WS-ALR-0701;Лебедева Наталья;Отдел кадров и делопроизводства;Windows 10 Pro;4;8;500;"Mozilla Firefox; WinRAR; МойОфис Стандартный"
WS-ALR-0702;WS-ALR-0702;Волкова Татьяна;Служба главного механика;Windows 10 Pro;4;8;1024;"Mozilla Firefox; WinRAR; КОМПАС-3D; МойОфис Стандартный"
WS-ALR-0703;WS-ALR-0703;Попова Юлия;Геологоразведочная партия;Windows 10 Pro;8;32;256;"7-Zip; Microsoft Office 2016; Microsoft Outlook; Яндекс Браузер"
WS-ALR-0704;WS-ALR-0704;Павлова Наталья;Юридический департамент;Windows 10 Pro;2;8;240;"7-Zip; Adobe Acrobat Reader; Mozilla Firefox; КриптоПро CSP; МойОфис Стандартный"
WS-ALR-0705;WS-ALR-0705;Волков Андрей;Управление информационных технологий;Windows 10 Pro;6;16;240;"7-Zip; Microsoft Office 2019; Mozilla Firefox"
WS-ALR-0706;WS-ALR-0706;Новиков Евгений;Управление информационных технологий;Windows 10 Pro;6;4;240;"7-Zip; Chromium-GOST; Microsoft Office 2019; Microsoft Outlook"
WS-ALR-0707;WS-ALR-0707;Волков Михаил;Геологоразведочная партия;Windows 10 Pro;6;16;1024;"Google Chrome; WinRAR; МойОфис Стандартный"
WS-ALR-0708;WS-ALR-0708;Алексеева Юлия;Служба главного механика;Windows 10 Pro;6;16;1024;"7-Zip; Microsoft Office 2019; Microsoft Outlook; Mozilla Firefox; КОМПАС-3D"
WS-ALR-0709;WS-ALR-0709;Лебедев Иван;Управление информационных технологий;Windows 10 Pro;4;4;120;"Microsoft Office 2019; WinRAR; Яндекс Браузер"
WS-ALR-0710;WS-ALR-0710;Петрова Мария;Служба главного механика;Windows 10 Pro;4;32;240;"1С:Предприятие 8.3; VLC Media Player; WinRAR; МойОфис Стандартный; Яндекс Браузер"
WS-ALR-0711;WS-ALR-0711;Кузнецова Мария;Логистика, склады и снабжение;Windows 10 Pro;2;4;500;"1С:Предприятие 8.3; Chromium-GOST; Microsoft Office 2016; SAP GUI; WinRAR"
WS-ALR-0712;WS-ALR-0712;Козлов Артем;Геологоразведочная партия;Windows 10 Pro;6;16;512;"7-Zip; Google Chrome; МойОфис Стандартный"
WS-ALR-0713;WS-ALR-0713;Попов Андрей;Управление информационных технологий;Windows 10 Pro;4;8;120;"Chromium-GOST; WinRAR; МойОфис Стандартный"
WS-ALR-0714;WS-ALR-0714;Егоров Сергей;Геологоразведочная партия;Windows 10 Pro;8;16;256;"7-Zip; AutoCAD; Mozilla Firefox; Р-7 Офис"
WS-ALR-0715;WS-ALR-0715;Алексеева Татьяна;Юридический департамент;Windows 11 Pro;4;8;240;"7-Zip; Adobe Acrobat Reader; Chromium-GOST; МойОфис Стандартный"
WS-ALR-0716;WS-ALR-0716;Морозов Андрей;Юридический департамент;Windows 10 Pro;4;16;500;"7-Zip; Adobe Acrobat Reader; КриптоПро CSP; Р-7 Офис; Яндекс Браузер"
WS-ALR-0717;WS-ALR-0717;Павлова Светлана;Бухгалтерия и финансовый контроль;Windows 10 Pro;2;8;240;"1С:Предприятие 8.3; 7-Zip; VipNet Client; КриптоПро CSP; МойОфис Стандартный; Яндекс Браузер"
WS-ALR-0718;WS-ALR-0718;Егоров Евгений;Служба главного механика;Windows 10 Pro;2;8;1024;"Google Chrome; Microsoft Office 2016; Microsoft Outlook; WinRAR; КОМПАС-3D"
WS-ALR-0719;WS-ALR-0719;Соколов Иван;Управление информационных технологий;Windows 10 Pro;4;8;240;"7-Zip; Microsoft Office 2016; Mozilla Firefox"
WS-ALR-0720;WS-ALR-0720;Егоров Артем;Служба главного механика;Windows 10 Pro;4;8;1024;"Google Chrome; Microsoft Office 2016; WinRAR; КОМПАС-3D"
WS-ALR-0721;WS-ALR-0721;Семенов Сергей;Бухгалтерия и финансовый контроль;Windows 10 Pro;2;4;500;"1С:Предприятие 8.3; Google Chrome; WinRAR; МойОфис Стандартный"
WS-ALR-0722;WS-ALR-0722;Попов Алексей;Геологоразведочная партия;Windows 10 Pro;4;8;256;"7-Zip; Google Chrome; КОМПАС-3D; МойОфис Стандартный"
WS-ALR-0723;WS-ALR-0723;Иванова Елена;Бухгалтерия и финансовый контроль;Windows 10 Pro;2;8;500;"1С:Предприятие 8.3; 7-Zip; Google Chrome; Microsoft Office 2016; Microsoft Outlook; SAP GUI"
WS-ALR-0724;WS-ALR-0724;Кузнецова Юлия;Служба главного механика;Windows 10 Pro;6;16;1024;"AutoCAD; Microsoft Office 2019; Microsoft Outlook; Mozilla Firefox; WinRAR"
WS-ALR-0725;WS-ALR-0725;Лебедев Евгений;Юридический департамент;Windows 10 Pro;4;4;500;"Adobe Acrobat Reader; Google Chrome; WinRAR; КриптоПро CSP; МойОфис Стандартный"
WS-ALR-0726;WS-ALR-0726;Семенов Алексей;Юридический департамент;Windows 10 Pro;4;4;240;"7-Zip; Adobe Acrobat Reader; КриптоПро CSP; Р-7 Офис; Яндекс Браузер"
WS-ALR-0727;WS-ALR-0727;Новиков Роман;Логистика, склады и снабжение;Windows 11 Pro;2;4;120;"1С:Предприятие 8.3; Google Chrome; Microsoft Office 2016; Microsoft Outlook; WinRAR"
WS-ALR-0728;WS-ALR-0728;Волков Андрей;Логистика, склады и снабжение;Windows 11 Pro;2;8;120;"1С:Предприятие 8.3; 7-Zip; МойОфис Стандартный; Яндекс Браузер"
WS-ALR-0729;WS-ALR-0729;Петров Максим;Бухгалтерия и финансовый контроль;Windows 10 Pro;4;4;240;"1С:Предприятие 8.3; 7-Zip; VipNet Client; МойОфис Стандартный; Яндекс Браузер"
WS-ALR-0730;WS-ALR-0730;Николаева Елена;Служба главного механика;Windows 10 Pro;4;16;1024;"7-Zip; AutoCAD; Chromium-GOST; Microsoft Office 2016; Microsoft Outlook; VLC Media Player"
WS-ALR-0731;WS-ALR-0731;Семенова Татьяна;Геологоразведочная партия;Windows 10 Pro;6;16;256;"LibreOffice; Mozilla Firefox; SolidWorks; WinRAR; КОМПАС-3D"
WS-ALR-0732;WS-ALR-0732;Волков Сергей;Бухгалтерия и финансовый контроль;Windows 10 Pro;4;8;500;"1С:Предприятие 8.3; 7-Zip; Chromium-GOST; VipNet Client; КриптоПро CSP; МойОфис Стандартный"
WS-ALR-0733;WS-ALR-0733;Соколова Анна;Служба главного механика;Windows 10 Pro;4;8;1024;"1С:Предприятие 8.3; Google Chrome; Microsoft Office 2016; VLC Media Player; WinRAR"
WS-ALR-0734;WS-ALR-0734;Алексеева Ольга;Юридический департамент;Windows 11 Pro;4;16;500;"Adobe Acrobat Reader; Chromium-GOST; WinRAR; КриптоПро CSP; МойОфис Стандартный"
WS-ALR-0735;WS-ALR-0735;Васильев Андрей;Бухгалтерия и финансовый контроль;Windows 10 Pro;2;8;120;"1С:Предприятие 8.3; 7-Zip; Chromium-GOST; Microsoft Office 2019; Microsoft Outlook; КриптоПро CSP"
WS-ALR-0736;WS-ALR-0736;Кузнецова Мария;Бухгалтерия и финансовый контроль;Windows 11 Pro;2;8;240;"1С:Предприятие 8.3; Mozilla Firefox; VipNet Client; WinRAR; КриптоПро CSP; МойОфис Стандартный"
WS-ALR-0737;WS-ALR-0737;Соколова Татьяна;Отдел кадров и делопроизводства;Windows 10 Pro;4;4;500;"Google Chrome; WinRAR; Р-7 Офис"
WS-ALR-0738;WS-ALR-0738;Михайлов Дмитрий;Отдел кадров и делопроизводства;Windows 10 Pro;2;16;120;"WinRAR; МойОфис Стандартный; Яндекс Браузер"
WS-ALR-0739;WS-ALR-0739;Михайлов Евгений;Логистика, склады и снабжение;Windows 10 Pro;4;8;240;"1С:Предприятие 8.3; Mozilla Firefox; WinRAR; МойОфис Стандартный"
WS-ALR-0740;WS-ALR-0740;Петров Артем;Управление информационных технологий;Windows 10 Pro;4;8;240;"7-Zip; Google Chrome; МойОфис Стандартный"
WS-ALR-0741;WS-ALR-0741;Егорова Юлия;Юридический департамент;Windows 10 Pro;4;8;500;"7-Zip; Adobe Acrobat Reader; Chromium-GOST; КриптоПро CSP; Р-7 Офис"
WS-ALR-0742;WS-ALR-0742;Егоров Алексей;Логистика, склады и снабжение;Windows 10 Pro;2;4;240;"1С:Предприятие 8.3; 7-Zip; Microsoft Office 2016; Яндекс Браузер"
WS-ALR-0743;WS-ALR-0743;Михайлова Ирина;Юридический департамент;Windows 10 Pro;2;8;120;"7-Zip; Adobe Acrobat Reader; Google Chrome; SolidWorks; КриптоПро CSP; Р-7 Офис"
WS-ALR-0744;WS-ALR-0744;Семенова Елена;Геологоразведочная партия;Windows 10 Pro;6;16;1024;"Google Chrome; WinRAR; МойОфис Стандартный"
WS-ALR-0745;WS-ALR-0745;Николаева Светлана;Логистика, склады и снабжение;Windows 10 Pro;2;4;500;"1С:Предприятие 8.3; 7-Zip; LibreOffice; Яндекс Браузер"
WS-ALR-0746;WS-ALR-0746;Иванова Ирина;Служба главного механика;Windows 7 Pro (legacy);6;8;500;"1С:Предприятие 8.3; 7-Zip; Google Chrome; Microsoft Office 2016; Microsoft Outlook"
WS-ALR-0747;WS-ALR-0747;Семенова Мария;Служба главного механика;Windows 10 Pro;6;32;240;"Google Chrome; Microsoft Office 2019; Microsoft Outlook; WinRAR; КОМПАС-3D"
WS-ALR-0748;WS-ALR-0748;Степанов Дмитрий;Служба главного механика;Windows 10 Pro;4;16;1024;"1С:Предприятие 8.3; Microsoft Office 2019; Microsoft Outlook; WinRAR; Яндекс Браузер"
WS-ALR-0749;WS-ALR-0749;Егоров Алексей;Юридический департамент;Windows 10 Pro;2;16;500;"Adobe Acrobat Reader; Chromium-GOST; Microsoft Office 2016; WinRAR; КриптоПро CSP"
WS-ALR-0750;WS-ALR-0750;Соколов Дмитрий;Служба главного механика;Windows 10 Pro;4;8;240;"AutoCAD; Mozilla Firefox; WinRAR; МойОфис Стандартный"
WS-ALR-0751;WS-ALR-0751;Волков Михаил;Бухгалтерия и финансовый контроль;Windows 10 Pro;4;8;500;"1С:Предприятие 8.3; 7-Zip; Chromium-GOST; Microsoft Office 2016; Microsoft Outlook"
WS-ALR-0752;WS-ALR-0752;Егоров Дмитрий;Служба главного механика;Windows 7 Pro (legacy);4;32;1024;"1С:Предприятие 8.3; Mozilla Firefox; WinRAR; Р-7 Офис"
WS-ALR-0753;WS-ALR-0753;Федорова Юлия;Отдел кадров и делопроизводства;Windows 10 Pro;4;4;240;"7-Zip; Chromium-GOST; МойОфис Стандартный"
WS-ALR-0754;WS-ALR-0754;Федоров Артем;Геологоразведочная партия;Windows 10 Pro;4;16;1024;"1С:Предприятие 8.3; 7-Zip; Mozilla Firefox; Р-7 Офис"
WS-ALR-0755;WS-ALR-0755;Павлова Елена;Управление информационных технологий;Windows 7 Pro (legacy);4;16;240;"Google Chrome; WinRAR; Р-7 Офис"
WS-ALR-0756;WS-ALR-0756;Иванова Наталья;Геологоразведочная партия;Windows 10 Pro;2;32;512;"7-Zip; Microsoft Office 2016; Microsoft Outlook; SolidWorks; КОМПАС-3D; Яндекс Браузер"
WS-ALR-0757;WS-ALR-0757;Смирнов Роман;Управление информационных технологий;Windows 10 Pro;4;8;240;"Microsoft Office 2019; WinRAR; Яндекс Браузер"
WS-ALR-0758;WS-ALR-0758;Кузнецов Дмитрий;Логистика, склады и снабжение;Windows 11 Pro;4;2;500;"1С:Предприятие 8.3; Microsoft Office 2016; WinRAR; Яндекс Браузер"
WS-ALR-0759;WS-ALR-0759;Степанов Андрей;Служба главного механика;Windows 10 Pro;6;16;240;"7-Zip; AutoCAD; Chromium-GOST; Microsoft Office 2016"
WS-ALR-0760;WS-ALR-0760;Федоров Михаил;Служба главного механика;Windows 10 Pro;6;16;240;"7-Zip; AutoCAD; Mozilla Firefox; МойОфис Стандартный"
WS-ALR-0761;WS-ALR-0761;Михайлов Андрей;Геологоразведочная партия;Windows 10 Pro;6;8;1024;"1С:Предприятие 8.3; Mozilla Firefox; SolidWorks; WinRAR; МойОфис Стандартный"
WS-ALR-0762;WS-ALR-0762;Новикова Мария;Геологоразведочная партия;Windows 10 Pro;6;16;1024;"AutoCAD; WinRAR; МойОфис Стандартный; Яндекс Браузер"
WS-ALR-0763;WS-ALR-0763;Соколова Мария;Управление информационных технологий;Windows 10 Pro;4;8;500;"WinRAR; Р-7 Офис; Яндекс Браузер"
WS-ALR-0764;WS-ALR-0764;Попова Анна;Юридический департамент;Windows 10 Pro;4;8;120;"Adobe Acrobat Reader; WinRAR; Р-7 Офис; Яндекс Браузер"
WS-ALR-0765;WS-ALR-0765;Семенова Юлия;Юридический департамент;Windows 10 Pro;6;2;120;"Adobe Acrobat Reader; Mozilla Firefox; WinRAR; МойОфис Стандартный"
WS-ALR-0766;WS-ALR-0766;Павлова Ольга;Управление информационных технологий;Windows 10 Pro;2;8;500;"Chromium-GOST; Microsoft Office 2016; Microsoft Outlook; WinRAR"
WS-ALR-0767;WS-ALR-0767;Новиков Михаил;Бухгалтерия и финансовый контроль;Windows 7 Pro (legacy);4;8;240;"1С:Предприятие 8.3; WinRAR; КриптоПро CSP; Р-7 Офис; Яндекс Браузер"
WS-ALR-0768;WS-ALR-0768;Новикова Светлана;Юридический департамент;Windows 10 Pro;4;4;500;"Google Chrome; WinRAR; КриптоПро CSP; МойОфис Стандартный"
WS-ALR-0769;WS-ALR-0769;Егорова Ирина;Юридический департамент;Windows 10 Pro;2;4;500;"7-Zip; Chromium-GOST; Microsoft Office 2019; Microsoft Outlook"
WS-ALR-0770;WS-ALR-0770;Новикова Юлия;Бухгалтерия и финансовый контроль;Windows 10 Pro;4;4;120;"1С:Предприятие 8.3; Microsoft Office 2016; Mozilla Firefox; WinRAR"
WS-ALR-0771;WS-ALR-0771;Козлова Екатерина;Геологоразведочная партия;Windows 7 Pro (legacy);4;8;512;"1С:Предприятие 8.3; 7-Zip; AutoCAD; Google Chrome; КОМПАС-3D; МойОфис Стандартный"
WS-ALR-0772;WS-ALR-0772;Соколов Андрей;Геологоразведочная партия;Windows 11 Pro;4;4;256;"1С:Предприятие 8.3; Google Chrome; Microsoft Office 2016; SolidWorks; WinRAR; КОМПАС-3D"
WS-ALR-0773;WS-ALR-0773;Волкова Светлана;Юридический департамент;Windows 11 Pro;4;8;120;"Adobe Acrobat Reader; SolidWorks; WinRAR; КриптоПро CSP; Р-7 Офис; Яндекс Браузер"
WS-ALR-0774;WS-ALR-0774;Попов Роман;Отдел кадров и делопроизводства;Windows 7 Pro (legacy);2;4;500;"7-Zip; Google Chrome; МойОфис Стандартный"
WS-ALR-0775;WS-ALR-0775;Алексеев Евгений;Служба главного механика;Windows 10 Pro;2;16;240;"7-Zip; AutoCAD; Google Chrome; Р-7 Офис"
WS-ALR-0776;WS-ALR-0776;Алексеев Роман;Служба главного механика;Windows 11 Pro;4;16;240;"Microsoft Office 2016; Microsoft Outlook; Mozilla Firefox; VLC Media Player; WinRAR; КОМПАС-3D"
WS-ALR-0777;WS-ALR-0777;Васильев Дмитрий;Геологоразведочная партия;Windows 11 Pro;8;8;512;"7-Zip; Р-7 Офис; Яндекс Браузер"
WS-ALR-0778;WS-ALR-0778;Волков Дмитрий;Управление информационных технологий;Windows 10 Pro;6;16;500;"Microsoft Office 2019; Microsoft Outlook; WinRAR; Яндекс Браузер"
WS-ALR-0779;WS-ALR-0779;Егоров Дмитрий;Геологоразведочная партия;Windows 10 Pro;6;16;512;"AutoCAD; Microsoft Office 2019; Mozilla Firefox; WinRAR; КОМПАС-3D"
WS-ALR-0780;WS-ALR-0780;Алексеева Юлия;Отдел кадров и делопроизводства;Windows 10 Pro;4;8;500;"7-Zip; Mozilla Firefox; Р-7 Офис"
WS-ALR-0781;WS-ALR-0781;Лебедев Михаил;Отдел кадров и делопроизводства;Windows 10 Pro;4;8;120;"7-Zip; Microsoft Office 2019; Mozilla Firefox"
WS-ALR-0782;WS-ALR-0782;Морозов Артем;Геологоразведочная партия;Windows 10 Pro;4;16;256;"7-Zip; МойОфис Стандартный; Яндекс Браузер"
WS-ALR-0783;WS-ALR-0783;Михайлов Алексей;Управление информационных технологий;Windows 10 Pro;2;8;120;"7-Zip; Mozilla Firefox; МойОфис Стандартный"
WS-ALR-0784;WS-ALR-0784;Михайлова Юлия;Служба главного механика;Windows 11 Pro;4;32;500;"1С:Предприятие 8.3; 7-Zip; Microsoft Office 2016; Microsoft Outlook; Mozilla Firefox; VLC Media Player"
WS-ALR-0785;WS-ALR-0785;Михайлова Ольга;Бухгалтерия и финансовый контроль;Windows 10 Pro;4;8;240;"1С:Предприятие 8.3; 7-Zip; Google Chrome; КриптоПро CSP; Р-7 Офис"
WS-ALR-0786;WS-ALR-0786;Николаева Татьяна;Отдел кадров и делопроизводства;Windows 10 Pro;2;8;120;"Chromium-GOST; Microsoft Office 2016; Microsoft Outlook; WinRAR"
WS-ALR-0787;WS-ALR-0787;Смирнов Михаил;Логистика, склады и снабжение;Windows 10 Pro;4;16;500;"1С:Предприятие 8.3; 7-Zip; Mozilla Firefox; Total Commander; МойОфис Стандартный"
WS-ALR-0788;WS-ALR-0788;Кузнецов Роман;Отдел кадров и делопроизводства;Windows 10 Pro;4;4;240;"7-Zip; Microsoft Office 2019; Microsoft Outlook; Mozilla Firefox"
WS-ALR-0789;WS-ALR-0789;Алексеев Артем;Служба главного механика;Windows 10 Pro;4;8;240;"7-Zip; AutoCAD; Google Chrome; VLC Media Player; Р-7 Офис"
WS-ALR-0790;WS-ALR-0790;Новикова Елена;Геологоразведочная партия;Windows 10 Pro;6;16;256;"Google Chrome; Microsoft Office 2019; WinRAR"
WS-ALR-0791;WS-ALR-0791;Козлов Роман;Юридический департамент;Windows 7 Pro (legacy);4;8;500;"7-Zip; Google Chrome; LibreOffice; КриптоПро CSP"
WS-ALR-0792;WS-ALR-0792;Новиков Евгений;Юридический департамент;Windows 10 Pro;2;4;500;"Adobe Acrobat Reader; Google Chrome; Microsoft Office 2016; Microsoft Outlook; WinRAR; КриптоПро CSP"
WS-ALR-0793;WS-ALR-0793;Иванова Юлия;Бухгалтерия и финансовый контроль;Windows 10 Pro;4;4;240;"1С:Предприятие 8.3; 7-Zip; Google Chrome; SAP GUI; VipNet Client; КриптоПро CSP; Р-7 Офис"
WS-ALR-0794;WS-ALR-0794;Соколова Мария;Геологоразведочная партия;Windows 11 Pro;6;16;256;"Google Chrome; LibreOffice; SolidWorks; WinRAR"
WS-ALR-0795;WS-ALR-0795;Михайлов Михаил;Логистика, склады и снабжение;Windows 11 Pro;2;4;500;"1С:Предприятие 8.3; 7-Zip; SAP GUI; МойОфис Стандартный; Яндекс Браузер"
WS-ALR-0796;WS-ALR-0796;Морозова Екатерина;Юридический департамент;Windows 10 Pro;4;2;120;"Google Chrome; WinRAR; МойОфис Стандартный"
WS-ALR-0797;WS-ALR-0797;Волков Максим;Бухгалтерия и финансовый контроль;Windows 10 Pro;4;4;120;"1С:Предприятие 8.3; 7-Zip; КриптоПро CSP; МойОфис Стандартный; Яндекс Браузер"
WS-ALR-0798;WS-ALR-0798;Федорова Татьяна;Геологоразведочная партия;Windows 10 Pro;4;8;512;"1С:Предприятие 8.3; Google Chrome; Microsoft Office 2019; Microsoft Outlook; WinRAR; КОМПАС-3D"
WS-ALR-0799;WS-ALR-0799;Васильев Роман;Бухгалтерия и финансовый контроль;Windows 10 Pro;2;16;500;"1С:Предприятие 8.3; Chromium-GOST; WinRAR; Р-7 Офис"
WS-ALR-0800;WS-ALR-0800;Алексеев Артем;Геологоразведочная партия;Windows 10 Pro;2;16;1024;"Chromium-GOST; Microsoft Office 2019; WinRAR"
WS-ALR-0801;WS-ALR-0801;Козлова Екатерина;Бухгалтерия и финансовый контроль;Windows 7 Pro (legacy);4;8;120;"1С:Предприятие 8.3; Microsoft Office 2016; Microsoft Outlook; VipNet Client; WinRAR; КриптоПро CSP; Яндекс Браузер"
WS-ALR-0802;WS-ALR-0802;Михайлова Елена;Логистика, склады и снабжение;Windows 11 Pro;4;8;120;"1С:Предприятие 8.3; Microsoft Office 2016; Microsoft Outlook; Mozilla Firefox; SAP GUI; WinRAR"
WS-ALR-0803;WS-ALR-0803;Кузнецова Ольга;Отдел кадров и делопроизводства;Windows 10 Pro;4;8;240;"7-Zip; Mozilla Firefox; Р-7 Офис"
WS-ALR-0804;WS-ALR-0804;Васильева Екатерина;Логистика, склады и снабжение;Windows 10 Pro;2;8;240;"1С:Предприятие 8.3; Chromium-GOST; Microsoft Office 2019; Microsoft Outlook; SAP GUI; WinRAR"
WS-ALR-0805;WS-ALR-0805;Степанов Михаил;Служба главного механика;Windows 10 Pro;6;8;240;"AutoCAD; Chromium-GOST; VLC Media Player; WinRAR; МойОфис Стандартный"
WS-ALR-0806;WS-ALR-0806;Попова Ирина;Геологоразведочная партия;Windows 10 Pro;2;8;512;"7-Zip; LibreOffice; SolidWorks; Яндекс Браузер"
WS-ALR-0807;WS-ALR-0807;Михайлова Мария;Служба главного механика;Windows 7 Pro (legacy);4;16;500;"1С:Предприятие 8.3; 7-Zip; МойОфис Стандартный; Яндекс Браузер"
WS-ALR-0808;WS-ALR-0808;Лебедева Наталья;Отдел кадров и делопроизводства;Windows 10 Pro;4;4;120;"7-Zip; Chromium-GOST; МойОфис Стандартный"
WS-ALR-0809;WS-ALR-0809;Волкова Екатерина;Отдел кадров и делопроизводства;Windows 10 Pro;4;8;240;"7-Zip; Mozilla Firefox; Р-7 Офис"
WS-ALR-0810;WS-ALR-0810;Михайлов Андрей;Геологоразведочная партия;Windows 7 Pro (legacy);4;8;1024;"1С:Предприятие 8.3; AutoCAD; Mozilla Firefox; WinRAR; Р-7 Офис"
WS-ALR-0811;WS-ALR-0811;Лебедев Артем;Геологоразведочная партия;Windows 11 Pro;6;16;1024;"7-Zip; Google Chrome; SolidWorks; КОМПАС-3D; Р-7 Офис"
WS-ALR-0812;WS-ALR-0812;Новиков Роман;Отдел кадров и делопроизводства;Windows 10 Pro;4;16;120;"7-Zip; Google Chrome; МойОфис Стандартный"
WS-ALR-0813;WS-ALR-0813;Петрова Светлана;Отдел кадров и делопроизводства;Windows 11 Pro;6;2;500;"7-Zip; Chromium-GOST; Р-7 Офис"
WS-ALR-0814;WS-ALR-0814;Соколова Ольга;Служба главного механика;Windows 11 Pro;8;8;500;"7-Zip; AutoCAD; Microsoft Office 2019; Microsoft Outlook; Mozilla Firefox"
WS-ALR-0815;WS-ALR-0815;Лебедева Наталья;Отдел кадров и делопроизводства;Windows 11 Pro;2;8;120;"7-Zip; Google Chrome; LibreOffice"
WS-ALR-0816;WS-ALR-0816;Кузнецов Максим;Бухгалтерия и финансовый контроль;Windows 11 Pro;4;4;240;"1С:Предприятие 8.3; 7-Zip; Microsoft Office 2016; Microsoft Outlook; Mozilla Firefox"
WS-ALR-0817;WS-ALR-0817;Соколова Елена;Отдел кадров и делопроизводства;Windows 10 Pro;4;8;500;"7-Zip; МойОфис Стандартный; Яндекс Браузер"
WS-ALR-0818;WS-ALR-0818;Соколов Максим;Управление информационных технологий;Windows 10 Pro;2;4;120;"Mozilla Firefox; WinRAR; МойОфис Стандартный"
WS-ALR-0819;WS-ALR-0819;Павлов Сергей;Логистика, склады и снабжение;Windows 10 Pro;4;8;120;"1С:Предприятие 8.3; 7-Zip; Mozilla Firefox; Р-7 Офис"
WS-ALR-0820;WS-ALR-0820;Николаев Евгений;Геологоразведочная партия;Windows 11 Pro;6;16;1024;"Google Chrome; WinRAR; Р-7 Офис"
WS-ALR-0821;WS-ALR-0821;Егорова Ирина;Отдел кадров и делопроизводства;Windows 10 Pro;4;8;240;"Mozilla Firefox; WinRAR; МойОфис Стандартный"
WS-ALR-0822;WS-ALR-0822;Лебедев Роман;Отдел кадров и делопроизводства;Windows 7 Pro (legacy);4;16;500;"7-Zip; Mozilla Firefox; МойОфис Стандартный"
WS-ALR-0823;WS-ALR-0823;Волков Андрей;Отдел кадров и делопроизводства;Windows 10 Pro;4;8;240;"Microsoft Office 2016; Microsoft Outlook; Mozilla Firefox; WinRAR"
WS-ALR-0824;WS-ALR-0824;Лебедев Артем;Служба главного механика;Windows 7 Pro (legacy);6;4;500;"Google Chrome; WinRAR; КОМПАС-3D; Р-7 Офис"
WS-ALR-0825;WS-ALR-0825;Егоров Евгений;Логистика, склады и снабжение;Windows 10 Pro;2;8;120;"1С:Предприятие 8.3; Google Chrome; Total Commander; WinRAR; Р-7 Офис"
WS-ALR-0826;WS-ALR-0826;Николаев Андрей;Управление информационных технологий;Windows 11 Pro;2;8;500;"7-Zip; Microsoft Office 2019; Microsoft Outlook; Яндекс Браузер"
WS-ALR-0827;WS-ALR-0827;Козлова Ольга;Бухгалтерия и финансовый контроль;Windows 10 Pro;2;4;120;"1С:Предприятие 8.3; 7-Zip; Google Chrome; LibreOffice"
WS-ALR-0828;WS-ALR-0828;Волков Иван;Юридический департамент;Windows 10 Pro;2;4;500;"7-Zip; Chromium-GOST; КриптоПро CSP; МойОфис Стандартный"
WS-ALR-0829;WS-ALR-0829;Смирнова Ирина;Логистика, склады и снабжение;Windows 10 Pro;2;2;120;"1С:Предприятие 8.3; 7-Zip; Chromium-GOST; SAP GUI; МойОфис Стандартный"
WS-ALR-0830;WS-ALR-0830;Новиков Михаил;Бухгалтерия и финансовый контроль;Windows 11 Pro;2;8;500;"1С:Предприятие 8.3; 7-Zip; Mozilla Firefox; МойОфис Стандартный"
WS-ALR-0831;WS-ALR-0831;Соколова Анна;Управление информационных технологий;Windows 10 Pro;4;8;240;"7-Zip; Mozilla Firefox; Р-7 Офис"
WS-ALR-0832;WS-ALR-0832;Новиков Андрей;Служба главного механика;Windows 10 Pro;4;32;500;"1С:Предприятие 8.3; Google Chrome; WinRAR; МойОфис Стандартный"
WS-ALR-0833;WS-ALR-0833;Павлова Мария;Бухгалтерия и финансовый контроль;Windows 11 Pro;2;4;240;"1С:Предприятие 8.3; Microsoft Office 2019; Mozilla Firefox; SAP GUI; WinRAR; КриптоПро CSP"
WS-ALR-0834;WS-ALR-0834;Волкова Наталья;Бухгалтерия и финансовый контроль;Windows 10 Pro;2;8;240;"1С:Предприятие 8.3; 7-Zip; Google Chrome; Microsoft Office 2019; VipNet Client; КриптоПро CSP"
WS-ALR-0835;WS-ALR-0835;Кузнецов Максим;Бухгалтерия и финансовый контроль;Windows 10 Pro;4;4;240;"1С:Предприятие 8.3; 7-Zip; Chromium-GOST; Microsoft Office 2019; Microsoft Outlook; КриптоПро CSP"
WS-ALR-0836;WS-ALR-0836;Николаева Екатерина;Отдел кадров и делопроизводства;Windows 10 Pro;2;8;500;"Chromium-GOST; WinRAR; Р-7 Офис"
WS-ALR-0837;WS-ALR-0837;Морозов Максим;Юридический департамент;Windows 10 Pro;4;8;500;"7-Zip; Adobe Acrobat Reader; SolidWorks; КриптоПро CSP; Р-7 Офис; Яндекс Браузер"
WS-ALR-0838;WS-ALR-0838;Петров Андрей;Бухгалтерия и финансовый контроль;Windows 11 Pro;4;4;120;"1С:Предприятие 8.3; WinRAR; Р-7 Офис; Яндекс Браузер"
WS-ALR-0839;WS-ALR-0839;Алексеева Татьяна;Служба главного механика;Windows 10 Pro;4;4;500;"Google Chrome; Microsoft Office 2016; Microsoft Outlook; VLC Media Player; WinRAR; КОМПАС-3D"
WS-ALR-0840;WS-ALR-0840;Николаев Артем;Бухгалтерия и финансовый контроль;Windows 11 Pro;4;16;500;"1С:Предприятие 8.3; Google Chrome; WinRAR; Р-7 Офис"
WS-ALR-0841;WS-ALR-0841;Петров Михаил;Служба главного механика;Windows 10 Pro;6;16;240;"Google Chrome; WinRAR; КОМПАС-3D; МойОфис Стандартный"
WS-ALR-0842;WS-ALR-0842;Соколов Артем;Юридический департамент;Windows 10 Pro;4;8;240;"7-Zip; Adobe Acrobat Reader; Microsoft Office 2016; Microsoft Outlook; КриптоПро CSP; Яндекс Браузер"
WS-ALR-0843;WS-ALR-0843;Соколов Алексей;Бухгалтерия и финансовый контроль;Windows 10 Pro;4;4;240;"1С:Предприятие 8.3; Google Chrome; Microsoft Office 2016; Microsoft Outlook; WinRAR; КриптоПро CSP"
WS-ALR-0844;WS-ALR-0844;Попов Михаил;Бухгалтерия и финансовый контроль;Windows 10 Pro;4;8;240;"1С:Предприятие 8.3; 7-Zip; Microsoft Office 2019; Microsoft Outlook; Яндекс Браузер"
WS-ALR-0845;WS-ALR-0845;Николаев Евгений;Геологоразведочная партия;Windows 10 Pro;6;16;256;"7-Zip; AutoCAD; LibreOffice; КОМПАС-3D; Яндекс Браузер"
WS-ALR-0846;WS-ALR-0846;Смирнов Сергей;Юридический департамент;Windows 11 Pro;4;4;240;"Adobe Acrobat Reader; Mozilla Firefox; WinRAR; Р-7 Офис"
WS-ALR-0847;WS-ALR-0847;Волкова Ирина;Управление информационных технологий;Windows 7 Pro (legacy);4;4;500;"7-Zip; LibreOffice; Яндекс Браузер"
WS-ALR-0848;WS-ALR-0848;Васильев Евгений;Служба главного механика;Windows 10 Pro;4;16;500;"7-Zip; AutoCAD; Google Chrome; Microsoft Office 2016; Microsoft Outlook; VLC Media Player"
WS-ALR-0849;WS-ALR-0849;Волкова Наталья;Юридический департамент;Windows 10 Pro;2;8;500;"Chromium-GOST; WinRAR; Р-7 Офис"
WS-ALR-0850;WS-ALR-0850;Иванов Артем;Отдел кадров и делопроизводства;Windows 10 Pro;4;8;240;"7-Zip; Google Chrome; Microsoft Office 2016; Microsoft Outlook"
WS-ALR-0851;WS-ALR-0851;Алексеева Ирина;Геологоразведочная партия;Windows 7 Pro (legacy);6;4;512;"7-Zip; Google Chrome; LibreOffice"
WS-ALR-0852;WS-ALR-0852;Егорова Наталья;Бухгалтерия и финансовый контроль;Windows 10 Pro;4;4;500;"1С:Предприятие 8.3; 7-Zip; Р-7 Офис; Яндекс Браузер"
WS-ALR-0853;WS-ALR-0853;Кузнецов Михаил;Юридический департамент;Windows 10 Pro;4;8;120;"7-Zip; Adobe Acrobat Reader; Mozilla Firefox; Р-7 Офис"
WS-ALR-0854;WS-ALR-0854;Морозов Алексей;Юридический департамент;Windows 10 Pro;4;8;240;"Adobe Acrobat Reader; Chromium-GOST; WinRAR; Р-7 Офис"
WS-ALR-0855;WS-ALR-0855;Соколов Сергей;Юридический департамент;Windows 10 Pro;4;8;500;"7-Zip; Adobe Acrobat Reader; Google Chrome; КриптоПро CSP; МойОфис Стандартный"
WS-ALR-0856;WS-ALR-0856;Федоров Алексей;Геологоразведочная партия;Windows 10 Pro;6;8;512;"1С:Предприятие 8.3; 7-Zip; AutoCAD; Microsoft Office 2016; Microsoft Outlook; Mozilla Firefox; КОМПАС-3D"
WS-ALR-0857;WS-ALR-0857;Петров Алексей;Геологоразведочная партия;Windows 10 Pro;4;16;512;"7-Zip; AutoCAD; Microsoft Office 2019; Mozilla Firefox"
WS-ALR-0858;WS-ALR-0858;Федорова Анна;Юридический департамент;Windows 10 Pro;2;4;240;"7-Zip; Microsoft Office 2019; Microsoft Outlook; Mozilla Firefox; КриптоПро CSP"
WS-ALR-0859;WS-ALR-0859;Егоров Сергей;Логистика, склады и снабжение;Windows 10 Pro;2;4;500;"1С:Предприятие 8.3; 7-Zip; Mozilla Firefox; Total Commander; МойОфис Стандартный"
WS-ALR-0860;WS-ALR-0860;Лебедев Артем;Геологоразведочная партия;Windows 11 Pro;8;16;512;"1С:Предприятие 8.3; Chromium-GOST; Microsoft Office 2016; Microsoft Outlook; WinRAR"
WS-ALR-0861;WS-ALR-0861;Соколов Евгений;Логистика, склады и снабжение;Windows 10 Pro;2;4;120;"1С:Предприятие 8.3; Chromium-GOST; Total Commander; WinRAR; МойОфис Стандартный"
WS-ALR-0862;WS-ALR-0862;Смирнова Екатерина;Бухгалтерия и финансовый контроль;Windows 7 Pro (legacy);2;4;240;"1С:Предприятие 8.3; 7-Zip; SAP GUI; КриптоПро CSP; Р-7 Офис; Яндекс Браузер"
WS-ALR-0863;WS-ALR-0863;Петров Роман;Бухгалтерия и финансовый контроль;Windows 11 Pro;2;8;120;"1С:Предприятие 8.3; Microsoft Office 2016; Mozilla Firefox; WinRAR"
WS-ALR-0864;WS-ALR-0864;Морозова Юлия;Геологоразведочная партия;Windows 10 Pro;6;16;256;"7-Zip; Chromium-GOST; Р-7 Офис"
WS-ALR-0865;WS-ALR-0865;Петрова Светлана;Логистика, склады и снабжение;Windows 7 Pro (legacy);4;8;500;"1С:Предприятие 8.3; 7-Zip; Chromium-GOST; МойОфис Стандартный"
WS-ALR-0866;WS-ALR-0866;Васильев Роман;Бухгалтерия и финансовый контроль;Windows 11 Pro;4;8;120;"1С:Предприятие 8.3; 7-Zip; Microsoft Office 2016; Microsoft Outlook; Mozilla Firefox; КриптоПро CSP"
WS-ALR-0867;WS-ALR-0867;Кузнецова Татьяна;Логистика, склады и снабжение;Windows 10 Pro;2;8;500;"1С:Предприятие 8.3; 7-Zip; Google Chrome; Р-7 Офис"
WS-ALR-0868;WS-ALR-0868;Егоров Артем;Геологоразведочная партия;Windows 10 Pro;8;16;1024;"7-Zip; AutoCAD; Chromium-GOST; КОМПАС-3D; Р-7 Офис"
WS-ALR-0869;WS-ALR-0869;Николаева Татьяна;Служба главного механика;Windows 10 Pro;2;8;500;"7-Zip; AutoCAD; Microsoft Office 2019; Microsoft Outlook; Яндекс Браузер"
WS-ALR-0870;WS-ALR-0870;Николаев Алексей;Логистика, склады и снабжение;Windows 10 Pro;2;4;120;"1С:Предприятие 8.3; 7-Zip; Chromium-GOST; SAP GUI; Total Commander; Р-7 Офис"
WS-ALR-0871;WS-ALR-0871;Петрова Анна;Служба главного механика;Windows 10 Pro;4;8;500;"1С:Предприятие 8.3; 7-Zip; Mozilla Firefox; VLC Media Player; МойОфис Стандартный"
WS-ALR-0872;WS-ALR-0872;Попова Светлана;Логистика, склады и снабжение;Windows 10 Pro;2;4;500;"1С:Предприятие 8.3; Microsoft Office 2019; Microsoft Outlook; WinRAR; Яндекс Браузер"
WS-ALR-0873;WS-ALR-0873;Иванова Наталья;Управление информационных технологий;Windows 10 Pro;6;8;240;"7-Zip; Mozilla Firefox; Р-7 Офис"
WS-ALR-0874;WS-ALR-0874;Николаев Андрей;Управление информационных технологий;Windows 7 Pro (legacy);6;8;500;"Google Chrome; Microsoft Office 2016; WinRAR"
WS-ALR-0875;WS-ALR-0875;Петров Андрей;Геологоразведочная партия;Windows 10 Pro;6;32;512;"7-Zip; МойОфис Стандартный; Яндекс Браузер"
WS-ALR-0876;WS-ALR-0876;Семенова Юлия;Управление информационных технологий;Windows 10 Pro;4;8;120;"WinRAR; Р-7 Офис; Яндекс Браузер"
WS-ALR-0877;WS-ALR-0877;Волкова Юлия;Управление информационных технологий;Windows 10 Pro;4;4;240;"WinRAR; МойОфис Стандартный; Яндекс Браузер"
WS-ALR-0878;WS-ALR-0878;Семенов Алексей;Юридический департамент;Windows 10 Pro;4;4;500;"Adobe Acrobat Reader; Microsoft Office 2016; Microsoft Outlook; WinRAR; КриптоПро CSP; Яндекс Браузер"
WS-ALR-0879;WS-ALR-0879;Егоров Михаил;Логистика, склады и снабжение;Windows 10 Pro;2;4;240;"1С:Предприятие 8.3; Chromium-GOST; Total Commander; WinRAR; МойОфис Стандартный"
WS-ALR-0880;WS-ALR-0880;Алексеев Андрей;Управление информационных технологий;Windows 10 Pro;4;8;240;"Google Chrome; WinRAR; Р-7 Офис"
WS-ALR-0881;WS-ALR-0881;Кузнецов Евгений;Отдел кадров и делопроизводства;Windows 10 Pro;4;8;120;"Chromium-GOST; LibreOffice; WinRAR"
WS-ALR-0882;WS-ALR-0882;Михайлова Мария;Логистика, склады и снабжение;Windows 10 Pro;2;8;500;"1С:Предприятие 8.3; 7-Zip; Microsoft Office 2019; Microsoft Outlook; Mozilla Firefox"
WS-ALR-0883;WS-ALR-0883;Николаев Дмитрий;Служба главного механика;Windows 10 Pro;4;8;500;"7-Zip; AutoCAD; Google Chrome; Р-7 Офис"
WS-ALR-0884;WS-ALR-0884;Семенов Евгений;Юридический департамент;Windows 11 Pro;6;8;240;"7-Zip; Adobe Acrobat Reader; МойОфис Стандартный; Яндекс Браузер"
WS-ALR-0885;WS-ALR-0885;Семенова Юлия;Служба главного механика;Windows 10 Pro;6;16;500;"AutoCAD; Microsoft Office 2019; Microsoft Outlook; Mozilla Firefox; WinRAR"
WS-ALR-0886;WS-ALR-0886;Егорова Наталья;Служба главного механика;Windows 10 Pro;6;8;1024;"Mozilla Firefox; WinRAR; КОМПАС-3D; Р-7 Офис"
WS-ALR-0887;WS-ALR-0887;Козлова Ирина;Юридический департамент;Windows 10 Pro;2;16;500;"Adobe Acrobat Reader; Google Chrome; SolidWorks; WinRAR; КриптоПро CSP; МойОфис Стандартный"
WS-ALR-0888;WS-ALR-0888;Николаев Иван;Юридический департамент;Windows 7 Pro (legacy);4;8;120;"Adobe Acrobat Reader; Google Chrome; LibreOffice; WinRAR; КриптоПро CSP"
WS-ALR-0889;WS-ALR-0889;Попов Андрей;Юридический департамент;Windows 10 Pro;2;8;120;"7-Zip; Google Chrome; Microsoft Office 2019"
WS-ALR-0890;WS-ALR-0890;Лебедев Артем;Юридический департамент;Windows 11 Pro;4;16;240;"Adobe Acrobat Reader; WinRAR; Р-7 Офис; Яндекс Браузер"
WS-ALR-0891;WS-ALR-0891;Семенов Роман;Управление информационных технологий;Windows 10 Pro;4;4;240;"7-Zip; Google Chrome; Р-7 Офис"
WS-ALR-0892;WS-ALR-0892;Петрова Наталья;Бухгалтерия и финансовый контроль;Windows 10 Pro;2;8;500;"1С:Предприятие 8.3; Mozilla Firefox; WinRAR; Р-7 Офис"
WS-ALR-0893;WS-ALR-0893;Николаев Сергей;Логистика, склады и снабжение;Windows 7 Pro (legacy);2;4;120;"1С:Предприятие 8.3; 7-Zip; Google Chrome; МойОфис Стандартный"
WS-ALR-0894;WS-ALR-0894;Николаев Алексей;Служба главного механика;Windows 10 Pro;6;16;1024;"7-Zip; Chromium-GOST; VLC Media Player; КОМПАС-3D; Р-7 Офис"
WS-ALR-0895;WS-ALR-0895;Морозов Артем;Отдел кадров и делопроизводства;Windows 10 Pro;2;4;120;"Chromium-GOST; WinRAR; Р-7 Офис"
WS-ALR-0896;WS-ALR-0896;Михайлова Наталья;Служба главного механика;Windows 10 Pro;8;16;1024;"AutoCAD; Microsoft Office 2019; WinRAR; Яндекс Браузер"
WS-ALR-0897;WS-ALR-0897;Лебедев Дмитрий;Логистика, склады и снабжение;Windows 11 Pro;4;8;240;"1С:Предприятие 8.3; LibreOffice; WinRAR; Яндекс Браузер"
WS-ALR-0898;WS-ALR-0898;Козлова Юлия;Отдел кадров и делопроизводства;Windows 11 Pro;4;8;500;"Microsoft Office 2019; WinRAR; Яндекс Браузер"
WS-ALR-0899;WS-ALR-0899;Волков Дмитрий;Геологоразведочная партия;Windows 11 Pro;8;16;1024;"Microsoft Office 2019; Microsoft Outlook; Mozilla Firefox; WinRAR"
WS-ALR-0900;WS-ALR-0900;Волков Иван;Управление информационных технологий;Windows 10 Pro;4;8;120;"7-Zip; Mozilla Firefox; МойОфис Стандартный"
WS-ALR-0901;WS-ALR-0901;Семенов Сергей;Отдел кадров и делопроизводства;Windows 10 Pro;4;8;120;"Google Chrome; WinRAR; МойОфис Стандартный"
WS-ALR-0902;WS-ALR-0902;Новикова Наталья;Управление информационных технологий;Windows 11 Pro;4;8;120;"Chromium-GOST; WinRAR; МойОфис Стандартный"
WS-ALR-0903;WS-ALR-0903;Волкова Екатерина;Служба главного механика;Windows 11 Pro;4;16;1024;"Chromium-GOST; VLC Media Player; WinRAR; КОМПАС-3D; Р-7 Офис"
WS-ALR-0904;WS-ALR-0904;Васильев Михаил;Бухгалтерия и финансовый контроль;Windows 10 Pro;4;8;240;"1С:Предприятие 8.3; 7-Zip; Chromium-GOST; Microsoft Office 2019; Microsoft Outlook; VipNet Client; КриптоПро CSP"
WS-ALR-0905;WS-ALR-0905;Алексеева Светлана;Юридический департамент;Windows 11 Pro;6;8;240;"Chromium-GOST; WinRAR; КриптоПро CSP; Р-7 Офис"
WS-ALR-0906;WS-ALR-0906;Петрова Ирина;Отдел кадров и делопроизводства;Windows 10 Pro;4;8;500;"WinRAR; МойОфис Стандартный; Яндекс Браузер"
WS-ALR-0907;WS-ALR-0907;Новиков Михаил;Бухгалтерия и финансовый контроль;Windows 11 Pro;4;8;120;"1С:Предприятие 8.3; Chromium-GOST; SAP GUI; WinRAR; КриптоПро CSP; Р-7 Офис"
WS-ALR-0908;WS-ALR-0908;Михайлова Светлана;Бухгалтерия и финансовый контроль;Windows 11 Pro;4;8;120;"1С:Предприятие 8.3; 7-Zip; LibreOffice; Mozilla Firefox; КриптоПро CSP"
WS-ALR-0909;WS-ALR-0909;Кузнецова Мария;Бухгалтерия и финансовый контроль;Windows 10 Pro;2;16;500;"1С:Предприятие 8.3; 7-Zip; Chromium-GOST; МойОфис Стандартный"
WS-ALR-0910;WS-ALR-0910;Петрова Наталья;Логистика, склады и снабжение;Windows 10 Pro;4;2;500;"1С:Предприятие 8.3; 7-Zip; Google Chrome; Microsoft Office 2016"
WS-ALR-0911;WS-ALR-0911;Смирнов Роман;Отдел кадров и делопроизводства;Windows 11 Pro;2;4;500;"Mozilla Firefox; WinRAR; МойОфис Стандартный"
WS-ALR-0912;WS-ALR-0912;Морозов Дмитрий;Юридический департамент;Windows 10 Pro;2;8;240;"Adobe Acrobat Reader; WinRAR; КриптоПро CSP; МойОфис Стандартный; Яндекс Браузер"
WS-ALR-0913;WS-ALR-0913;Иванова Екатерина;Юридический департамент;Windows 10 Pro;4;8;120;"7-Zip; Microsoft Office 2016; Mozilla Firefox"
WS-ALR-0914;WS-ALR-0914;Егоров Евгений;Бухгалтерия и финансовый контроль;Windows 10 Pro;4;8;240;"1С:Предприятие 8.3; Google Chrome; WinRAR; КриптоПро CSP; МойОфис Стандартный"
WS-ALR-0915;WS-ALR-0915;Попова Наталья;Геологоразведочная партия;Windows 10 Pro;8;32;512;"Microsoft Office 2019; Microsoft Outlook; WinRAR; КОМПАС-3D; Яндекс Браузер"
WS-ALR-0916;WS-ALR-0916;Семенов Андрей;Отдел кадров и делопроизводства;Windows 10 Pro;4;4;120;"7-Zip; Chromium-GOST; Microsoft Office 2019; Microsoft Outlook"
WS-ALR-0917;WS-ALR-0917;Павлова Елена;Служба главного механика;Windows 10 Pro;6;8;1024;"7-Zip; AutoCAD; Chromium-GOST; Р-7 Офис"
WS-ALR-0918;WS-ALR-0918;Николаев Иван;Служба главного механика;Windows 11 Pro;4;16;1024;"1С:Предприятие 8.3; Microsoft Office 2019; Microsoft Outlook; Mozilla Firefox; WinRAR"
WS-ALR-0919;WS-ALR-0919;Волков Роман;Геологоразведочная партия;Windows 7 Pro (legacy);4;8;512;"1С:Предприятие 8.3; Google Chrome; WinRAR; Р-7 Офис"
WS-ALR-0920;WS-ALR-0920;Лебедев Дмитрий;Отдел кадров и делопроизводства;Windows 10 Pro;4;8;240;"7-Zip; Google Chrome; Microsoft Office 2019; Microsoft Outlook"
WS-ALR-0921;WS-ALR-0921;Федоров Евгений;Юридический департамент;Windows 10 Pro;2;8;240;"Adobe Acrobat Reader; Microsoft Office 2016; Mozilla Firefox; WinRAR"
WS-ALR-0922;WS-ALR-0922;Михайлов Сергей;Бухгалтерия и финансовый контроль;Windows 7 Pro (legacy);4;4;500;"1С:Предприятие 8.3; 7-Zip; Microsoft Office 2019; Microsoft Outlook; Mozilla Firefox"
WS-ALR-0923;WS-ALR-0923;Алексеева Екатерина;Бухгалтерия и финансовый контроль;Windows 10 Pro;2;4;240;"1С:Предприятие 8.3; Google Chrome; WinRAR; КриптоПро CSP; Р-7 Офис"
WS-ALR-0924;WS-ALR-0924;Васильева Татьяна;Бухгалтерия и финансовый контроль;Windows 10 Pro;4;8;500;"1С:Предприятие 8.3; 7-Zip; Chromium-GOST; КриптоПро CSP; Р-7 Офис"
WS-ALR-0925;WS-ALR-0925;Иванов Роман;Служба главного механика;Windows 10 Pro;6;8;1024;"1С:Предприятие 8.3; Google Chrome; Microsoft Office 2019; Microsoft Outlook; VLC Media Player; WinRAR"
WS-ALR-0926;WS-ALR-0926;Волкова Наталья;Логистика, склады и снабжение;Windows 10 Pro;4;4;500;"1С:Предприятие 8.3; Google Chrome; Microsoft Office 2016; SAP GUI; WinRAR"
WS-ALR-0927;WS-ALR-0927;Смирнова Ирина;Отдел кадров и делопроизводства;Windows 7 Pro (legacy);2;8;500;"7-Zip; Google Chrome; Microsoft Office 2016"
WS-ALR-0928;WS-ALR-0928;Козлова Елена;Логистика, склады и снабжение;Windows 11 Pro;2;4;500;"1С:Предприятие 8.3; 7-Zip; Microsoft Office 2016; Яндекс Браузер"
WS-ALR-0929;WS-ALR-0929;Степанов Сергей;Логистика, склады и снабжение;Windows 10 Pro;4;8;120;"1С:Предприятие 8.3; Microsoft Office 2019; Microsoft Outlook; WinRAR; Яндекс Браузер"
WS-ALR-0930;WS-ALR-0930;Кузнецова Елена;Бухгалтерия и финансовый контроль;Windows 10 Pro;4;4;240;"1С:Предприятие 8.3; 7-Zip; Mozilla Firefox; КриптоПро CSP; Р-7 Офис"
WS-ALR-0931;WS-ALR-0931;Лебедева Елена;Логистика, склады и снабжение;Windows 11 Pro;4;2;500;"1С:Предприятие 8.3; Google Chrome; Microsoft Office 2016; Microsoft Outlook; WinRAR"
WS-ALR-0932;WS-ALR-0932;Васильева Екатерина;Управление информационных технологий;Windows 10 Pro;2;4;240;"7-Zip; Chromium-GOST; МойОфис Стандартный"
WS-ALR-0933;WS-ALR-0933;Васильев Дмитрий;Управление информационных технологий;Windows 10 Pro;6;8;240;"7-Zip; Google Chrome; Microsoft Office 2016; Microsoft Outlook"
WS-ALR-0934;WS-ALR-0934;Михайлов Евгений;Отдел кадров и делопроизводства;Windows 10 Pro;2;16;240;"7-Zip; Microsoft Office 2019; Яндекс Браузер"
WS-ALR-0935;WS-ALR-0935;Иванова Анна;Отдел кадров и делопроизводства;Windows 10 Pro;4;8;500;"Chromium-GOST; WinRAR; МойОфис Стандартный"
WS-ALR-0936;WS-ALR-0936;Соколов Артем;Бухгалтерия и финансовый контроль;Windows 10 Pro;4;8;120;"1С:Предприятие 8.3; 7-Zip; КриптоПро CSP; Р-7 Офис; Яндекс Браузер"
WS-ALR-0937;WS-ALR-0937;Николаева Ирина;Служба главного механика;Windows 10 Pro;8;8;500;"1С:Предприятие 8.3; 7-Zip; Chromium-GOST; LibreOffice"
WS-ALR-0938;WS-ALR-0938;Семенов Андрей;Служба главного механика;Windows 10 Pro;4;4;500;"1С:Предприятие 8.3; 7-Zip; Mozilla Firefox; Р-7 Офис"
WS-ALR-0939;WS-ALR-0939;Михайлов Роман;Отдел кадров и делопроизводства;Windows 7 Pro (legacy);2;16;500;"Mozilla Firefox; WinRAR; МойОфис Стандартный"
WS-ALR-0940;WS-ALR-0940;Смирнова Елена;Логистика, склады и снабжение;Windows 10 Pro;2;2;500;"1С:Предприятие 8.3; 7-Zip; SAP GUI; Р-7 Офис; Яндекс Браузер"
WS-ALR-0941;WS-ALR-0941;Соколова Юлия;Юридический департамент;Windows 11 Pro;4;8;240;"7-Zip; Adobe Acrobat Reader; Mozilla Firefox; КриптоПро CSP; Р-7 Офис"
WS-ALR-0942;WS-ALR-0942;Волков Иван;Бухгалтерия и финансовый контроль;Windows 10 Pro;2;8;120;"1С:Предприятие 8.3; WinRAR; КриптоПро CSP; МойОфис Стандартный; Яндекс Браузер"
WS-ALR-0943;WS-ALR-0943;Иванов Алексей;Юридический департамент;Windows 10 Pro;4;4;120;"Adobe Acrobat Reader; Chromium-GOST; WinRAR; КриптоПро CSP; МойОфис Стандартный"
WS-ALR-0944;WS-ALR-0944;Волков Алексей;Отдел кадров и делопроизводства;Windows 10 Pro;2;8;120;"WinRAR; Р-7 Офис; Яндекс Браузер"
WS-ALR-0945;WS-ALR-0945;Семенова Мария;Отдел кадров и делопроизводства;Windows 11 Pro;4;4;500;"WinRAR; Р-7 Офис; Яндекс Браузер"
WS-ALR-0946;WS-ALR-0946;Васильев Евгений;Геологоразведочная партия;Windows 10 Pro;6;16;1024;"1С:Предприятие 8.3; WinRAR; Р-7 Офис; Яндекс Браузер"
WS-ALR-0947;WS-ALR-0947;Михайлов Михаил;Управление информационных технологий;Windows 10 Pro;4;8;500;"Microsoft Office 2019; Microsoft Outlook; Mozilla Firefox; WinRAR"
WS-ALR-0948;WS-ALR-0948;Федоров Иван;Управление информационных технологий;Windows 10 Pro;6;4;500;"7-Zip; Google Chrome; Р-7 Офис"
WS-ALR-0949;WS-ALR-0949;Степанов Михаил;Управление информационных технологий;Windows 10 Pro;4;8;500;"7-Zip; Microsoft Office 2019; Mozilla Firefox"
WS-ALR-0950;WS-ALR-0950;Михайлов Дмитрий;Логистика, склады и снабжение;Windows 10 Pro;2;2;500;"1С:Предприятие 8.3; Microsoft Office 2019; Microsoft Outlook; Mozilla Firefox; WinRAR"
WS-ALR-0951;WS-ALR-0951;Семенов Артем;Бухгалтерия и финансовый контроль;Windows 10 Pro;4;8;120;"1С:Предприятие 8.3; Google Chrome; WinRAR; Р-7 Офис"
WS-ALR-0952;WS-ALR-0952;Семенова Мария;Служба главного механика;Windows 10 Pro;6;16;500;"7-Zip; AutoCAD; Google Chrome; Microsoft Office 2019; Microsoft Outlook"
WS-ALR-0953;WS-ALR-0953;Попова Наталья;Управление информационных технологий;Windows 10 Pro;4;4;120;"Google Chrome; WinRAR; Р-7 Офис"
WS-ALR-0954;WS-ALR-0954;Павлов Сергей;Юридический департамент;Windows 10 Pro;4;4;500;"7-Zip; Chromium-GOST; Microsoft Office 2019; Microsoft Outlook; КриптоПро CSP"
WS-ALR-0955;WS-ALR-0955;Степанов Михаил;Геологоразведочная партия;Windows 10 Pro;6;32;1024;"1С:Предприятие 8.3; 7-Zip; AutoCAD; Google Chrome; Microsoft Office 2016; КОМПАС-3D"
WS-ALR-0956;WS-ALR-0956;Михайлова Юлия;Бухгалтерия и финансовый контроль;Windows 7 Pro (legacy);4;8;120;"1С:Предприятие 8.3; 7-Zip; Mozilla Firefox; МойОфис Стандартный"
WS-ALR-0957;WS-ALR-0957;Егорова Татьяна;Отдел кадров и делопроизводства;Windows 10 Pro;2;8;240;"7-Zip; МойОфис Стандартный; Яндекс Браузер"
WS-ALR-0958;WS-ALR-0958;Соколов Роман;Бухгалтерия и финансовый контроль;Windows 7 Pro (legacy);4;16;120;"1С:Предприятие 8.3; VipNet Client; WinRAR; КриптоПро CSP; МойОфис Стандартный; Яндекс Браузер"
WS-ALR-0959;WS-ALR-0959;Алексеев Максим;Логистика, склады и снабжение;Windows 11 Pro;4;8;240;"1С:Предприятие 8.3; 7-Zip; Chromium-GOST; Microsoft Office 2019; Microsoft Outlook; Total Commander"
WS-ALR-0960;WS-ALR-0960;Степанов Андрей;Геологоразведочная партия;Windows 10 Pro;4;32;512;"Chromium-GOST; Microsoft Office 2019; Microsoft Outlook; SolidWorks; WinRAR"
WS-ALR-0961;WS-ALR-0961;Семенов Максим;Юридический департамент;Windows 10 Pro;2;4;500;"7-Zip; Mozilla Firefox; МойОфис Стандартный"
WS-ALR-0962;WS-ALR-0962;Алексеев Дмитрий;Геологоразведочная партия;Windows 10 Pro;4;16;1024;"Microsoft Office 2016; Mozilla Firefox; WinRAR"
WS-ALR-0963;WS-ALR-0963;Кузнецов Андрей;Юридический департамент;Windows 10 Pro;4;16;500;"7-Zip; Google Chrome; Microsoft Office 2019"
WS-ALR-0964;WS-ALR-0964;Новиков Евгений;Управление информационных технологий;Windows 10 Pro;4;16;240;"LibreOffice; Mozilla Firefox; WinRAR"
WS-ALR-0965;WS-ALR-0965;Егоров Андрей;Управление информационных технологий;Windows 11 Pro;4;4;500;"Mozilla Firefox; WinRAR; МойОфис Стандартный"
WS-ALR-0966;WS-ALR-0966;Козлова Ирина;Юридический департамент;Windows 10 Pro;4;8;500;"7-Zip; Microsoft Office 2016; Microsoft Outlook; Mozilla Firefox"
WS-ALR-0967;WS-ALR-0967;Волков Максим;Бухгалтерия и финансовый контроль;Windows 11 Pro;4;8;500;"1С:Предприятие 8.3; Microsoft Office 2016; Microsoft Outlook; Mozilla Firefox; WinRAR"
WS-ALR-0968;WS-ALR-0968;Алексеев Дмитрий;Отдел кадров и делопроизводства;Windows 7 Pro (legacy);4;8;240;"7-Zip; Microsoft Office 2016; Microsoft Outlook; Яндекс Браузер"
WS-ALR-0969;WS-ALR-0969;Федоров Андрей;Логистика, склады и снабжение;Windows 7 Pro (legacy);4;8;500;"1С:Предприятие 8.3; Mozilla Firefox; Total Commander; WinRAR; Р-7 Офис"
WS-ALR-0970;WS-ALR-0970;Семенов Евгений;Отдел кадров и делопроизводства;Windows 11 Pro;4;8;500;"7-Zip; Google Chrome; МойОфис Стандартный"
WS-ALR-0971;WS-ALR-0971;Морозова Мария;Бухгалтерия и финансовый контроль;Windows 10 Pro;4;8;120;"1С:Предприятие 8.3; 7-Zip; Mozilla Firefox; Р-7 Офис"
WS-ALR-0972;WS-ALR-0972;Попов Роман;Бухгалтерия и финансовый контроль;Windows 10 Pro;2;16;240;"1С:Предприятие 8.3; Google Chrome; Microsoft Office 2016; WinRAR; КриптоПро CSP"
WS-ALR-0973;WS-ALR-0973;Волкова Наталья;Геологоразведочная партия;Windows 10 Pro;8;16;512;"7-Zip; SolidWorks; МойОфис Стандартный; Яндекс Браузер"
WS-ALR-0974;WS-ALR-0974;Соколов Сергей;Служба главного механика;Windows 10 Pro;6;4;1024;"AutoCAD; Mozilla Firefox; WinRAR; МойОфис Стандартный"
WS-ALR-0975;WS-ALR-0975;Попова Анна;Геологоразведочная партия;Windows 7 Pro (legacy);6;16;512;"1С:Предприятие 8.3; AutoCAD; LibreOffice; WinRAR; КОМПАС-3D; Яндекс Браузер"
WS-ALR-0976;WS-ALR-0976;Егоров Алексей;Отдел кадров и делопроизводства;Windows 11 Pro;4;4;120;"7-Zip; Chromium-GOST; Р-7 Офис"
WS-ALR-0977;WS-ALR-0977;Иванов Михаил;Юридический департамент;Windows 11 Pro;6;4;500;"Adobe Acrobat Reader; Mozilla Firefox; WinRAR; Р-7 Офис"
WS-ALR-0978;WS-ALR-0978;Алексеева Екатерина;Управление информационных технологий;Windows 10 Pro;4;8;240;"Google Chrome; Microsoft Office 2019; Microsoft Outlook; WinRAR"
WS-ALR-0979;WS-ALR-0979;Морозов Максим;Бухгалтерия и финансовый контроль;Windows 7 Pro (legacy);2;8;500;"1С:Предприятие 8.3; Chromium-GOST; Microsoft Office 2019; WinRAR; КриптоПро CSP"
WS-ALR-0980;WS-ALR-0980;Егорова Светлана;Геологоразведочная партия;Windows 10 Pro;4;16;1024;"Chromium-GOST; Microsoft Office 2016; WinRAR"
WS-ALR-0981;WS-ALR-0981;Семенов Дмитрий;Геологоразведочная партия;Windows 11 Pro;6;16;512;"7-Zip; AutoCAD; МойОфис Стандартный; Яндекс Браузер"
WS-ALR-0982;WS-ALR-0982;Волков Сергей;Логистика, склады и снабжение;Windows 7 Pro (legacy);4;2;500;"1С:Предприятие 8.3; 7-Zip; Google Chrome; Microsoft Office 2016; Microsoft Outlook"
WS-ALR-0983;WS-ALR-0983;Семенов Артем;Юридический департамент;Windows 10 Pro;4;4;240;"7-Zip; Adobe Acrobat Reader; Google Chrome; Microsoft Office 2016"
WS-ALR-0984;WS-ALR-0984;Иванова Елена;Управление информационных технологий;Windows 11 Pro;2;16;240;"7-Zip; Microsoft Office 2016; Microsoft Outlook; Яндекс Браузер"
WS-ALR-0985;WS-ALR-0985;Михайлов Артем;Логистика, склады и снабжение;Windows 7 Pro (legacy);4;16;120;"1С:Предприятие 8.3; 7-Zip; Chromium-GOST; Microsoft Office 2016; Microsoft Outlook; SAP GUI; Total Commander"
WS-ALR-0986;WS-ALR-0986;Алексеева Екатерина;Логистика, склады и снабжение;Windows 10 Pro;2;8;240;"1С:Предприятие 8.3; Chromium-GOST; Total Commander; WinRAR; МойОфис Стандартный"
WS-ALR-0987;WS-ALR-0987;Егоров Евгений;Юридический департамент;Windows 10 Pro;4;4;120;"Adobe Acrobat Reader; Chromium-GOST; LibreOffice; WinRAR"
WS-ALR-0988;WS-ALR-0988;Николаев Алексей;Геологоразведочная партия;Windows 10 Pro;6;8;1024;"1С:Предприятие 8.3; 7-Zip; Google Chrome; МойОфис Стандартный"
WS-ALR-0989;WS-ALR-0989;Степанов Алексей;Бухгалтерия и финансовый контроль;Windows 7 Pro (legacy);4;8;120;"1С:Предприятие 8.3; Chromium-GOST; WinRAR; КриптоПро CSP; МойОфис Стандартный"
WS-ALR-0990;WS-ALR-0990;Волкова Юлия;Служба главного механика;Windows 11 Pro;6;16;1024;"7-Zip; Chromium-GOST; Microsoft Office 2019; Microsoft Outlook; КОМПАС-3D"
WS-ALR-0991;WS-ALR-0991;Федоров Андрей;Отдел кадров и делопроизводства;Windows 10 Pro;2;16;500;"7-Zip; Chromium-GOST; Microsoft Office 2019; Microsoft Outlook"
WS-ALR-0992;WS-ALR-0992;Морозова Юлия;Управление информационных технологий;Windows 10 Pro;6;16;500;"Microsoft Office 2019; Mozilla Firefox; WinRAR"
WS-ALR-0993;WS-ALR-0993;Волков Максим;Бухгалтерия и финансовый контроль;Windows 11 Pro;6;4;240;"1С:Предприятие 8.3; Chromium-GOST; WinRAR; КриптоПро CSP; МойОфис Стандартный"
WS-ALR-0994;WS-ALR-0994;Попова Екатерина;Управление информационных технологий;Windows 10 Pro;2;8;500;"Google Chrome; Microsoft Office 2019; WinRAR"
WS-ALR-0995;WS-ALR-0995;Семенов Михаил;Геологоразведочная партия;Windows 10 Pro;4;16;1024;"AutoCAD; Mozilla Firefox; WinRAR; Р-7 Офис"
WS-ALR-0996;WS-ALR-0996;Федорова Анна;Логистика, склады и снабжение;Windows 11 Pro;4;4;240;"1С:Предприятие 8.3; 7-Zip; SAP GUI; МойОфис Стандартный; Яндекс Браузер"
WS-ALR-0997;WS-ALR-0997;Козлова Екатерина;Управление информационных технологий;Windows 10 Pro;4;4;120;"7-Zip; LibreOffice; Яндекс Браузер"
WS-ALR-0998;WS-ALR-0998;Козлова Ольга;Бухгалтерия и финансовый контроль;Windows 10 Pro;4;4;240;"1С:Предприятие 8.3; Chromium-GOST; Microsoft Office 2016; Microsoft Outlook; WinRAR; КриптоПро CSP"
WS-ALR-0999;WS-ALR-0999;Кузнецова Елена;Бухгалтерия и финансовый контроль;Windows 10 Pro;4;8;500;"1С:Предприятие 8.3; 7-Zip; Microsoft Office 2019; Microsoft Outlook; SAP GUI; Яндекс Браузер"
WS-ALR-1000;WS-ALR-1000;Петрова Елена;Бухгалтерия и финансовый контроль;Windows 7 Pro (legacy);4;16;240;"1С:Предприятие 8.3; 7-Zip; Mozilla Firefox; КриптоПро CSP; МойОфис Стандартный"
WS-ALR-1001;WS-ALR-1001;Федорова Екатерина;Управление информационных технологий;Windows 10 Pro;4;4;500;"Google Chrome; Microsoft Office 2016; Microsoft Outlook; WinRAR"
WS-ALR-1002;WS-ALR-1002;Соколов Евгений;Служба главного механика;Windows 10 Pro;4;16;1024;"1С:Предприятие 8.3; VLC Media Player; WinRAR; МойОфис Стандартный; Яндекс Браузер"
WS-ALR-1003;WS-ALR-1003;Попов Сергей;Бухгалтерия и финансовый контроль;Windows 11 Pro;6;4;240;"1С:Предприятие 8.3; 7-Zip; КриптоПро CSP; Р-7 Офис; Яндекс Браузер"
WS-ALR-1004;WS-ALR-1004;Федорова Анна;Отдел кадров и делопроизводства;Windows 11 Pro;4;8;500;"7-Zip; Google Chrome; Microsoft Office 2019; Microsoft Outlook"
WS-ALR-1005;WS-ALR-1005;Кузнецов Артем;Логистика, склады и снабжение;Windows 10 Pro;2;4;120;"1С:Предприятие 8.3; SAP GUI; Total Commander; WinRAR; Р-7 Офис; Яндекс Браузер"
WS-ALR-1006;WS-ALR-1006;Кузнецов Сергей;Юридический департамент;Windows 10 Pro;4;4;240;"Chromium-GOST; Microsoft Office 2016; Microsoft Outlook; WinRAR"
WS-ALR-1007;WS-ALR-1007;Смирнова Елена;Геологоразведочная партия;Windows 10 Pro;8;16;512;"1С:Предприятие 8.3; 7-Zip; AutoCAD; Google Chrome; КОМПАС-3D; Р-7 Офис"
WS-ALR-1008;WS-ALR-1008;Михайлов Сергей;Служба главного механика;Windows 10 Pro;4;8;1024;"7-Zip; AutoCAD; Microsoft Office 2019; Microsoft Outlook; Mozilla Firefox"
WS-ALR-1009;WS-ALR-1009;Козлов Михаил;Отдел кадров и делопроизводства;Windows 10 Pro;2;16;500;"WinRAR; Р-7 Офис; Яндекс Браузер"
WS-ALR-1010;WS-ALR-1010;Морозов Иван;Управление информационных технологий;Windows 10 Pro;2;8;120;"7-Zip; Chromium-GOST; Р-7 Офис"
WS-ALR-1011;WS-ALR-1011;Степанова Анна;Бухгалтерия и финансовый контроль;Windows 10 Pro;2;4;500;"1С:Предприятие 8.3; 7-Zip; МойОфис Стандартный; Яндекс Браузер"
WS-ALR-1012;WS-ALR-1012;Алексеева Юлия;Бухгалтерия и финансовый контроль;Windows 10 Pro;4;8;500;"1С:Предприятие 8.3; Mozilla Firefox; WinRAR; Р-7 Офис"
WS-ALR-1013;WS-ALR-1013;Волкова Мария;Юридический департамент;Windows 11 Pro;4;4;500;"Adobe Acrobat Reader; Chromium-GOST; LibreOffice; SolidWorks; WinRAR"
WS-ALR-1014;WS-ALR-1014;Смирнов Михаил;Отдел кадров и делопроизводства;Windows 10 Pro;4;8;500;"Chromium-GOST; WinRAR; МойОфис Стандартный"
WS-ALR-1015;WS-ALR-1015;Алексеев Артем;Служба главного механика;Windows 10 Pro;4;8;1024;"LibreOffice; Mozilla Firefox; WinRAR; КОМПАС-3D"
WS-ALR-1016;WS-ALR-1016;Павлов Михаил;Логистика, склады и снабжение;Windows 10 Pro;2;4;120;"1С:Предприятие 8.3; Chromium-GOST; Microsoft Office 2019; Microsoft Outlook; WinRAR"
WS-ALR-1017;WS-ALR-1017;Алексеев Артем;Геологоразведочная партия;Windows 10 Pro;4;8;1024;"1С:Предприятие 8.3; Microsoft Office 2019; Mozilla Firefox; WinRAR"
WS-ALR-1018;WS-ALR-1018;Алексеев Иван;Геологоразведочная партия;Windows 10 Pro;6;32;512;"7-Zip; КОМПАС-3D; Р-7 Офис; Яндекс Браузер"
WS-ALR-1019;WS-ALR-1019;Алексеев Михаил;Геологоразведочная партия;Windows 10 Pro;8;16;256;"Mozilla Firefox; WinRAR; КОМПАС-3D; Р-7 Офис"
WS-ALR-1020;WS-ALR-1020;Павлова Юлия;Служба главного механика;Windows 10 Pro;6;16;1024;"7-Zip; AutoCAD; МойОфис Стандартный; Яндекс Браузер"
WS-ALR-1021;WS-ALR-1021;Морозов Сергей;Служба главного механика;Windows 10 Pro;4;32;1024;"7-Zip; AutoCAD; Chromium-GOST; Р-7 Офис"
WS-ALR-1022;WS-ALR-1022;Егорова Наталья;Геологоразведочная партия;Windows 10 Pro;4;16;512;"7-Zip; Microsoft Office 2019; Microsoft Outlook; SolidWorks; КОМПАС-3D; Яндекс Браузер"
WS-ALR-1023;WS-ALR-1023;Михайлов Евгений;Бухгалтерия и финансовый контроль;Windows 10 Pro;4;16;120;"1С:Предприятие 8.3; 7-Zip; Microsoft Office 2019; Microsoft Outlook; Mozilla Firefox; КриптоПро CSP"
WS-ALR-1024;WS-ALR-1024;Семенова Ольга;Логистика, склады и снабжение;Windows 10 Pro;2;4;120;"1С:Предприятие 8.3; Microsoft Office 2019; Mozilla Firefox; Total Commander; WinRAR"
WS-ALR-1025;WS-ALR-1025;Алексеев Роман;Бухгалтерия и финансовый контроль;Windows 7 Pro (legacy);2;16;500;"1С:Предприятие 8.3; Chromium-GOST; WinRAR; МойОфис Стандартный"
WS-ALR-1026;WS-ALR-1026;Иванова Ирина;Логистика, склады и снабжение;Windows 7 Pro (legacy);2;4;120;"1С:Предприятие 8.3; Google Chrome; SAP GUI; WinRAR; МойОфис Стандартный"
WS-ALR-1027;WS-ALR-1027;Морозова Ирина;Логистика, склады и снабжение;Windows 11 Pro;2;8;120;"1С:Предприятие 8.3; Google Chrome; Total Commander; WinRAR; Р-7 Офис"
WS-ALR-1028;WS-ALR-1028;Кузнецова Наталья;Управление информационных технологий;Windows 10 Pro;2;4;500;"7-Zip; Р-7 Офис; Яндекс Браузер"
WS-ALR-1029;WS-ALR-1029;Алексеева Ирина;Отдел кадров и делопроизводства;Windows 10 Pro;4;8;240;"Mozilla Firefox; WinRAR; Р-7 Офис"
WS-ALR-1030;WS-ALR-1030;Лебедева Татьяна;Бухгалтерия и финансовый контроль;Windows 10 Pro;2;8;240;"1С:Предприятие 8.3; 7-Zip; Google Chrome; КриптоПро CSP; Р-7 Офис"
WS-ALR-1031;WS-ALR-1031;Павлова Елена;Бухгалтерия и финансовый контроль;Windows 11 Pro;2;8;120;"1С:Предприятие 8.3; 7-Zip; VipNet Client; КриптоПро CSP; МойОфис Стандартный; Яндекс Браузер"
WS-ALR-1032;WS-ALR-1032;Иванов Сергей;Логистика, склады и снабжение;Windows 10 Pro;4;8;240;"1С:Предприятие 8.3; 7-Zip; Microsoft Office 2016; Яндекс Браузер"
WS-ALR-1033;WS-ALR-1033;Николаев Андрей;Служба главного механика;Windows 11 Pro;6;8;240;"1С:Предприятие 8.3; 7-Zip; VLC Media Player; МойОфис Стандартный; Яндекс Браузер"
WS-ALR-1034;WS-ALR-1034;Соколов Максим;Бухгалтерия и финансовый контроль;Windows 11 Pro;2;2;240;"1С:Предприятие 8.3; Chromium-GOST; Microsoft Office 2019; WinRAR; КриптоПро CSP"
WS-ALR-1035;WS-ALR-1035;Смирнова Екатерина;Логистика, склады и снабжение;Windows 10 Pro;2;4;120;"1С:Предприятие 8.3; 7-Zip; Chromium-GOST; МойОфис Стандартный"
WS-ALR-1036;WS-ALR-1036;Кузнецов Андрей;Отдел кадров и делопроизводства;Windows 10 Pro;4;4;120;"Chromium-GOST; Microsoft Office 2016; Microsoft Outlook; WinRAR"
WS-ALR-1037;WS-ALR-1037;Федорова Светлана;Служба главного механика;Windows 10 Pro;4;8;500;"7-Zip; AutoCAD; Chromium-GOST; Microsoft Office 2016"
WS-ALR-1038;WS-ALR-1038;Егоров Сергей;Служба главного механика;Windows 10 Pro;6;8;1024;"7-Zip; Microsoft Office 2016; Mozilla Firefox; КОМПАС-3D"
WS-ALR-1039;WS-ALR-1039;Степанова Елена;Юридический департамент;Windows 10 Pro;6;8;500;"Microsoft Office 2016; Microsoft Outlook; WinRAR; КриптоПро CSP; Яндекс Браузер"
WS-ALR-1040;WS-ALR-1040;Морозова Ирина;Управление информационных технологий;Windows 11 Pro;4;8;120;"7-Zip; Chromium-GOST; Microsoft Office 2016; Microsoft Outlook"
WS-ALR-1041;WS-ALR-1041;Алексеева Елена;Отдел кадров и делопроизводства;Windows 7 Pro (legacy);4;8;240;"7-Zip; Chromium-GOST; Microsoft Office 2016; Microsoft Outlook"
WS-ALR-1042;WS-ALR-1042;Морозов Михаил;Бухгалтерия и финансовый контроль;Windows 10 Pro;4;8;120;"1С:Предприятие 8.3; Mozilla Firefox; WinRAR; МойОфис Стандартный"
WS-ALR-1043;WS-ALR-1043;Соколов Иван;Геологоразведочная партия;Windows 11 Pro;6;8;256;"Google Chrome; WinRAR; КОМПАС-3D; МойОфис Стандартный"
WS-ALR-1044;WS-ALR-1044;Михайлов Евгений;Логистика, склады и снабжение;Windows 7 Pro (legacy);4;2;240;"1С:Предприятие 8.3; Microsoft Office 2019; Microsoft Outlook; Mozilla Firefox; Total Commander; WinRAR"
WS-ALR-1045;WS-ALR-1045;Морозов Сергей;Служба главного механика;Windows 10 Pro;6;16;240;"AutoCAD; Chromium-GOST; Microsoft Office 2019; Microsoft Outlook; WinRAR"
WS-ALR-1046;WS-ALR-1046;Николаев Роман;Бухгалтерия и финансовый контроль;Windows 10 Pro;2;8;120;"1С:Предприятие 8.3; Google Chrome; Microsoft Office 2016; WinRAR"
WS-ALR-1047;WS-ALR-1047;Волкова Наталья;Геологоразведочная партия;Windows 11 Pro;4;16;512;"Chromium-GOST; Microsoft Office 2016; WinRAR; КОМПАС-3D"
WS-ALR-1048;WS-ALR-1048;Васильев Артем;Служба главного механика;Windows 10 Pro;6;32;1024;"7-Zip; Chromium-GOST; Microsoft Office 2019; Microsoft Outlook; КОМПАС-3D"
WS-ALR-1049;WS-ALR-1049;Алексеев Андрей;Логистика, склады и снабжение;Windows 10 Pro;4;8;120;"1С:Предприятие 8.3; Microsoft Office 2016; Mozilla Firefox; Total Commander; WinRAR"
WS-ALR-1050;WS-ALR-1050;Новиков Артем;Логистика, склады и снабжение;Windows 10 Pro;2;8;120;"1С:Предприятие 8.3; 7-Zip; Mozilla Firefox; SAP GUI; Total Commander; МойОфис Стандартный"
WS-ALR-1051;WS-ALR-1051;Васильева Мария;Служба главного механика;Windows 10 Pro;8;16;500;"1С:Предприятие 8.3; 7-Zip; Google Chrome; Microsoft Office 2019"
WS-ALR-1052;WS-ALR-1052;Соколов Дмитрий;Бухгалтерия и финансовый контроль;Windows 10 Pro;4;8;120;"1С:Предприятие 8.3; Microsoft Office 2016; Mozilla Firefox; VipNet Client; WinRAR; КриптоПро CSP"
WS-ALR-1053;WS-ALR-1053;Кузнецова Татьяна;Управление информационных технологий;Windows 11 Pro;4;8;120;"Microsoft Office 2016; Microsoft Outlook; Mozilla Firefox; WinRAR"
WS-ALR-1054;WS-ALR-1054;Новиков Андрей;Логистика, склады и снабжение;Windows 10 Pro;2;4;500;"1С:Предприятие 8.3; Mozilla Firefox; SAP GUI; WinRAR; МойОфис Стандартный"
WS-ALR-1055;WS-ALR-1055;Козлова Елена;Логистика, склады и снабжение;Windows 11 Pro;2;4;500;"1С:Предприятие 8.3; 7-Zip; Microsoft Office 2016; Mozilla Firefox; Total Commander"
WS-ALR-1056;WS-ALR-1056;Федоров Дмитрий;Геологоразведочная партия;Windows 10 Pro;6;16;256;"1С:Предприятие 8.3; 7-Zip; КОМПАС-3D; Р-7 Офис; Яндекс Браузер"
WS-ALR-1057;WS-ALR-1057;Кузнецов Максим;Логистика, склады и снабжение;Windows 10 Pro;4;8;240;"1С:Предприятие 8.3; SAP GUI; WinRAR; Р-7 Офис; Яндекс Браузер"
WS-ALR-1058;WS-ALR-1058;Алексеева Татьяна;Управление информационных технологий;Windows 11 Pro;4;8;120;"Chromium-GOST; WinRAR; МойОфис Стандартный"
WS-ALR-1059;WS-ALR-1059;Михайлов Евгений;Служба главного механика;Windows 11 Pro;6;8;1024;"7-Zip; Microsoft Office 2016; VLC Media Player; КОМПАС-3D; Яндекс Браузер"
WS-ALR-1060;WS-ALR-1060;Васильев Михаил;Геологоразведочная партия;Windows 10 Pro;4;16;1024;"7-Zip; AutoCAD; Mozilla Firefox; Р-7 Офис"
WS-ALR-1061;WS-ALR-1061;Соколов Дмитрий;Бухгалтерия и финансовый контроль;Windows 11 Pro;2;8;500;"1С:Предприятие 8.3; 7-Zip; Mozilla Firefox; КриптоПро CSP; Р-7 Офис"
WS-ALR-1062;WS-ALR-1062;Соколова Анна;Отдел кадров и делопроизводства;Windows 10 Pro;2;4;500;"Google Chrome; Microsoft Office 2016; Microsoft Outlook; WinRAR"
WS-ALR-1063;WS-ALR-1063;Николаев Артем;Служба главного механика;Windows 10 Pro;4;8;500;"7-Zip; Microsoft Office 2016; Microsoft Outlook; Mozilla Firefox; КОМПАС-3D"
WS-ALR-1064;WS-ALR-1064;Соколова Анна;Служба главного механика;Windows 10 Pro;2;8;240;"7-Zip; AutoCAD; Chromium-GOST; Microsoft Office 2019"
WS-ALR-1065;WS-ALR-1065;Федорова Екатерина;Бухгалтерия и финансовый контроль;Windows 11 Pro;2;8;500;"1С:Предприятие 8.3; Chromium-GOST; VipNet Client; WinRAR; КриптоПро CSP; МойОфис Стандартный"
WS-ALR-1066;WS-ALR-1066;Егоров Артем;Управление информационных технологий;Windows 10 Pro;4;16;240;"Microsoft Office 2016; Microsoft Outlook; Mozilla Firefox; WinRAR"
WS-ALR-1067;WS-ALR-1067;Николаева Мария;Геологоразведочная партия;Windows 7 Pro (legacy);8;8;256;"7-Zip; Microsoft Office 2019; Яндекс Браузер"
WS-ALR-1068;WS-ALR-1068;Семенов Роман;Бухгалтерия и финансовый контроль;Windows 10 Pro;4;8;120;"1С:Предприятие 8.3; 7-Zip; Р-7 Офис; Яндекс Браузер"
WS-ALR-1069;WS-ALR-1069;Лебедев Евгений;Служба главного механика;Windows 7 Pro (legacy);4;16;240;"WinRAR; КОМПАС-3D; МойОфис Стандартный; Яндекс Браузер"
WS-ALR-1070;WS-ALR-1070;Попов Артем;Бухгалтерия и финансовый контроль;Windows 11 Pro;4;16;500;"1С:Предприятие 8.3; WinRAR; КриптоПро CSP; МойОфис Стандартный; Яндекс Браузер"
WS-ALR-1071;WS-ALR-1071;Новикова Мария;Служба главного механика;Windows 10 Pro;6;8;500;"7-Zip; AutoCAD; МойОфис Стандартный; Яндекс Браузер"
WS-ALR-1072;WS-ALR-1072;Семенова Татьяна;Бухгалтерия и финансовый контроль;Windows 10 Pro;6;8;500;"1С:Предприятие 8.3; 7-Zip; LibreOffice; Яндекс Браузер"
WS-ALR-1073;WS-ALR-1073;Иванов Евгений;Служба главного механика;Windows 11 Pro;8;16;240;"AutoCAD; Chromium-GOST; Microsoft Office 2019; WinRAR"
WS-ALR-1074;WS-ALR-1074;Егорова Мария;Служба главного механика;Windows 10 Pro;6;16;1024;"WinRAR; КОМПАС-3D; Р-7 Офис; Яндекс Браузер"
WS-ALR-1075;WS-ALR-1075;Волков Иван;Бухгалтерия и финансовый контроль;Windows 10 Pro;4;8;500;"1С:Предприятие 8.3; Chromium-GOST; Microsoft Office 2016; Microsoft Outlook; WinRAR; КриптоПро CSP"
WS-ALR-1076;WS-ALR-1076;Васильев Роман;Отдел кадров и делопроизводства;Windows 10 Pro;4;8;240;"LibreOffice; Mozilla Firefox; WinRAR"
WS-ALR-1077;WS-ALR-1077;Васильев Евгений;Служба главного механика;Windows 10 Pro;4;8;500;"1С:Предприятие 8.3; 7-Zip; Microsoft Office 2019; Microsoft Outlook; Mozilla Firefox"
WS-ALR-1078;WS-ALR-1078;Козлова Елена;Юридический департамент;Windows 10 Pro;4;8;500;"7-Zip; Chromium-GOST; Microsoft Office 2019; Microsoft Outlook"
WS-ALR-1079;WS-ALR-1079;Попова Светлана;Служба главного механика;Windows 11 Pro;4;16;1024;"7-Zip; Chromium-GOST; Microsoft Office 2016; КОМПАС-3D"
WS-ALR-1080;WS-ALR-1080;Козлова Ольга;Служба главного механика;Windows 10 Pro;4;32;500;"1С:Предприятие 8.3; Chromium-GOST; Microsoft Office 2016; VLC Media Player; WinRAR"
WS-ALR-1081;WS-ALR-1081;Соколов Михаил;Бухгалтерия и финансовый контроль;Windows 10 Pro;4;8;500;"1С:Предприятие 8.3; WinRAR; КриптоПро CSP; МойОфис Стандартный; Яндекс Браузер"
WS-ALR-1082;WS-ALR-1082;Козлов Артем;Служба главного механика;Windows 11 Pro;8;16;240;"7-Zip; AutoCAD; VLC Media Player; МойОфис Стандартный; Яндекс Браузер"
WS-ALR-1083;WS-ALR-1083;Кузнецов Сергей;Юридический департамент;Windows 10 Pro;6;4;240;"Adobe Acrobat Reader; Google Chrome; WinRAR; МойОфис Стандартный"
WS-ALR-1084;WS-ALR-1084;Степанова Юлия;Бухгалтерия и финансовый контроль;Windows 10 Pro;4;16;500;"1С:Предприятие 8.3; LibreOffice; WinRAR; КриптоПро CSP; Яндекс Браузер"
WS-ALR-1085;WS-ALR-1085;Козлова Анна;Юридический департамент;Windows 10 Pro;4;8;500;"Google Chrome; LibreOffice; WinRAR; КриптоПро CSP"
WS-ALR-1086;WS-ALR-1086;Козлов Евгений;Управление информационных технологий;Windows 10 Pro;2;4;500;"WinRAR; Р-7 Офис; Яндекс Браузер"
WS-ALR-1087;WS-ALR-1087;Егорова Юлия;Управление информационных технологий;Windows 10 Pro;4;2;500;"7-Zip; Microsoft Office 2016; Microsoft Outlook; Mozilla Firefox"
WS-ALR-1088;WS-ALR-1088;Иванова Екатерина;Логистика, склады и снабжение;Windows 10 Pro;2;8;500;"1С:Предприятие 8.3; Chromium-GOST; WinRAR; МойОфис Стандартный"
WS-ALR-1089;WS-ALR-1089;Новиков Дмитрий;Геологоразведочная партия;Windows 10 Pro;6;16;512;"Chromium-GOST; SolidWorks; WinRAR; МойОфис Стандартный"
WS-ALR-1090;WS-ALR-1090;Соколов Сергей;Управление информационных технологий;Windows 10 Pro;2;8;240;"Chromium-GOST; WinRAR; МойОфис Стандартный"
WS-ALR-1091;WS-ALR-1091;Степанова Елена;Служба главного механика;Windows 10 Pro;4;16;500;"7-Zip; AutoCAD; МойОфис Стандартный; Яндекс Браузер"
WS-ALR-1092;WS-ALR-1092;Семенов Алексей;Служба главного механика;Windows 10 Pro;6;8;500;"Microsoft Office 2016; Microsoft Outlook; VLC Media Player; WinRAR; КОМПАС-3D; Яндекс Браузер"
WS-ALR-1093;WS-ALR-1093;Кузнецова Татьяна;Юридический департамент;Windows 10 Pro;4;4;500;"Google Chrome; WinRAR; Р-7 Офис"
WS-ALR-1094;WS-ALR-1094;Кузнецов Иван;Геологоразведочная партия;Windows 10 Pro;6;16;512;"Google Chrome; WinRAR; Р-7 Офис"
WS-ALR-1095;WS-ALR-1095;Михайлов Дмитрий;Бухгалтерия и финансовый контроль;Windows 10 Pro;4;4;500;"1С:Предприятие 8.3; 7-Zip; Mozilla Firefox; VipNet Client; КриптоПро CSP; Р-7 Офис"
WS-ALR-1096;WS-ALR-1096;Иванова Светлана;Отдел кадров и делопроизводства;Windows 10 Pro;4;4;240;"Chromium-GOST; Microsoft Office 2019; Microsoft Outlook; WinRAR"
WS-ALR-1097;WS-ALR-1097;Соколова Ирина;Служба главного механика;Windows 10 Pro;4;4;1024;"7-Zip; AutoCAD; Microsoft Office 2016; Яндекс Браузер"
WS-ALR-1098;WS-ALR-1098;Степанов Сергей;Отдел кадров и делопроизводства;Windows 11 Pro;4;4;240;"7-Zip; Google Chrome; Microsoft Office 2019; Microsoft Outlook"
WS-ALR-1099;WS-ALR-1099;Морозов Дмитрий;Юридический департамент;Windows 10 Pro;2;8;500;"Adobe Acrobat Reader; Google Chrome; WinRAR; Р-7 Офис"
WS-ALR-1100;WS-ALR-1100;Лебедева Светлана;Отдел кадров и делопроизводства;Windows 10 Pro;4;8;120;"Chromium-GOST; WinRAR; Р-7 Офис"
WS-ALR-1101;WS-ALR-1101;Иванова Юлия;Геологоразведочная партия;Windows 10 Pro;6;16;1024;"7-Zip; Chromium-GOST; SolidWorks; Р-7 Офис"
WS-ALR-1102;WS-ALR-1102;Николаева Мария;Управление информационных технологий;Windows 10 Pro;4;4;240;"Microsoft Office 2019; Mozilla Firefox; WinRAR"
WS-ALR-1103;WS-ALR-1103;Николаева Мария;Отдел кадров и делопроизводства;Windows 10 Pro;4;8;120;"Mozilla Firefox; WinRAR; МойОфис Стандартный"
WS-ALR-1104;WS-ALR-1104;Козлова Елена;Служба главного механика;Windows 10 Pro;6;16;500;"AutoCAD; Google Chrome; Microsoft Office 2019; Microsoft Outlook; WinRAR"
WS-ALR-1105;WS-ALR-1105;Степанов Максим;Служба главного механика;Windows 10 Pro;8;8;240;"Google Chrome; WinRAR; КОМПАС-3D; МойОфис Стандартный"
WS-ALR-1106;WS-ALR-1106;Васильева Юлия;Управление информационных технологий;Windows 10 Pro;4;8;120;"Google Chrome; WinRAR; МойОфис Стандартный"
WS-ALR-1107;WS-ALR-1107;Петрова Светлана;Служба главного механика;Windows 11 Pro;6;8;500;"7-Zip; AutoCAD; Chromium-GOST; Microsoft Office 2016"
WS-ALR-1108;WS-ALR-1108;Михайлова Ольга;Отдел кадров и делопроизводства;Windows 10 Pro;4;8;500;"Mozilla Firefox; WinRAR; МойОфис Стандартный"
WS-ALR-1109;WS-ALR-1109;Попов Евгений;Служба главного механика;Windows 10 Pro;6;32;500;"1С:Предприятие 8.3; 7-Zip; МойОфис Стандартный; Яндекс Браузер"
WS-ALR-1110;WS-ALR-1110;Степанова Мария;Отдел кадров и делопроизводства;Windows 10 Pro;4;8;240;"Chromium-GOST; WinRAR; МойОфис Стандартный"
WS-ALR-1111;WS-ALR-1111;Николаева Ирина;Юридический департамент;Windows 11 Pro;4;4;240;"7-Zip; SolidWorks; КриптоПро CSP; МойОфис Стандартный; Яндекс Браузер"
WS-ALR-1112;WS-ALR-1112;Попов Евгений;Логистика, склады и снабжение;Windows 10 Pro;2;4;120;"1С:Предприятие 8.3; 7-Zip; Mozilla Firefox; Total Commander; МойОфис Стандартный"
WS-ALR-1113;WS-ALR-1113;Новикова Юлия;Логистика, склады и снабжение;Windows 10 Pro;2;4;120;"1С:Предприятие 8.3; Google Chrome; Microsoft Office 2019; Microsoft Outlook; Total Commander; WinRAR"
WS-ALR-1114;WS-ALR-1114;Соколова Анна;Геологоразведочная партия;Windows 10 Pro;2;16;256;"Microsoft Office 2019; Microsoft Outlook; SolidWorks; WinRAR; КОМПАС-3D; Яндекс Браузер"
WS-ALR-1115;WS-ALR-1115;Михайлов Иван;Отдел кадров и делопроизводства;Windows 10 Pro;2;4;500;"Google Chrome; Microsoft Office 2016; Microsoft Outlook; WinRAR"
WS-ALR-1116;WS-ALR-1116;Михайлов Артем;Управление информационных технологий;Windows 11 Pro;2;4;500;"Mozilla Firefox; WinRAR; МойОфис Стандартный"
WS-ALR-1117;WS-ALR-1117;Алексеева Юлия;Бухгалтерия и финансовый контроль;Windows 11 Pro;4;2;120;"1С:Предприятие 8.3; Microsoft Office 2019; Microsoft Outlook; Mozilla Firefox; WinRAR; КриптоПро CSP"
WS-ALR-1118;WS-ALR-1118;Соколова Юлия;Юридический департамент;Windows 10 Pro;4;8;500;"7-Zip; Adobe Acrobat Reader; Microsoft Office 2019; Microsoft Outlook; Mozilla Firefox; КриптоПро CSP"
WS-ALR-1119;WS-ALR-1119;Алексеев Максим;Геологоразведочная партия;Windows 10 Pro;6;16;256;"7-Zip; Chromium-GOST; КОМПАС-3D; Р-7 Офис"
WS-ALR-1120;WS-ALR-1120;Лебедева Ирина;Бухгалтерия и финансовый контроль;Windows 10 Pro;6;8;120;"1С:Предприятие 8.3; Mozilla Firefox; WinRAR; КриптоПро CSP; Р-7 Офис"
WS-ALR-1121;WS-ALR-1121;Степанов Максим;Бухгалтерия и финансовый контроль;Windows 10 Pro;4;8;120;"1С:Предприятие 8.3; VipNet Client; WinRAR; Р-7 Офис; Яндекс Браузер"
WS-ALR-1122;WS-ALR-1122;Смирнова Мария;Бухгалтерия и финансовый контроль;Windows 10 Pro;4;4;240;"1С:Предприятие 8.3; 7-Zip; Mozilla Firefox; МойОфис Стандартный"
WS-ALR-1123;WS-ALR-1123;Петров Роман;Управление информационных технологий;Windows 10 Pro;2;8;120;"7-Zip; МойОфис Стандартный; Яндекс Браузер"
WS-ALR-1124;WS-ALR-1124;Петрова Татьяна;Отдел кадров и делопроизводства;Windows 11 Pro;4;4;120;"7-Zip; Microsoft Office 2019; Microsoft Outlook; Яндекс Браузер"
WS-ALR-1125;WS-ALR-1125;Попова Мария;Логистика, склады и снабжение;Windows 10 Pro;2;8;240;"1С:Предприятие 8.3; 7-Zip; Chromium-GOST; SAP GUI; Р-7 Офис"
WS-ALR-1126;WS-ALR-1126;Новиков Иван;Управление информационных технологий;Windows 10 Pro;2;8;500;"WinRAR; МойОфис Стандартный; Яндекс Браузер"
WS-ALR-1127;WS-ALR-1127;Васильев Михаил;Управление информационных технологий;Windows 10 Pro;4;4;240;"Google Chrome; WinRAR; МойОфис Стандартный"
WS-ALR-1128;WS-ALR-1128;Михайлов Андрей;Геологоразведочная партия;Windows 10 Pro;6;8;256;"SolidWorks; WinRAR; МойОфис Стандартный; Яндекс Браузер"
WS-ALR-1129;WS-ALR-1129;Павлова Анна;Служба главного механика;Windows 10 Pro;6;8;1024;"Google Chrome; Microsoft Office 2019; Microsoft Outlook; WinRAR; КОМПАС-3D"
WS-ALR-1130;WS-ALR-1130;Соколов Дмитрий;Управление информационных технологий;Windows 10 Pro;6;4;240;"WinRAR; Р-7 Офис; Яндекс Браузер"
WS-ALR-1131;WS-ALR-1131;Морозов Алексей;Логистика, склады и снабжение;Windows 10 Pro;4;4;120;"1С:Предприятие 8.3; 7-Zip; Mozilla Firefox; Р-7 Офис"
WS-ALR-1132;WS-ALR-1132;Алексеев Роман;Геологоразведочная партия;Windows 10 Pro;2;8;256;"Mozilla Firefox; WinRAR; Р-7 Офис"
WS-ALR-1133;WS-ALR-1133;Смирнова Татьяна;Отдел кадров и делопроизводства;Windows 10 Pro;2;4;500;"WinRAR; Р-7 Офис; Яндекс Браузер"
WS-ALR-1134;WS-ALR-1134;Лебедева Анна;Юридический департамент;Windows 7 Pro (legacy);4;4;500;"7-Zip; Adobe Acrobat Reader; Microsoft Office 2019; Mozilla Firefox; КриптоПро CSP"
WS-ALR-1135;WS-ALR-1135;Иванов Иван;Юридический департамент;Windows 10 Pro;2;16;500;"7-Zip; Adobe Acrobat Reader; Google Chrome; SolidWorks; КриптоПро CSP; МойОфис Стандартный"
WS-ALR-1136;WS-ALR-1136;Семенова Юлия;Бухгалтерия и финансовый контроль;Windows 10 Pro;4;4;240;"1С:Предприятие 8.3; 7-Zip; Microsoft Office 2019; КриптоПро CSP; Яндекс Браузер"
WS-ALR-1137;WS-ALR-1137;Павлова Екатерина;Геологоразведочная партия;Windows 10 Pro;8;8;512;"AutoCAD; Google Chrome; Microsoft Office 2016; WinRAR; КОМПАС-3D"
WS-ALR-1138;WS-ALR-1138;Смирнов Дмитрий;Геологоразведочная партия;Windows 10 Pro;8;16;256;"7-Zip; Mozilla Firefox; КОМПАС-3D; Р-7 Офис"
WS-ALR-1139;WS-ALR-1139;Иванов Артем;Служба главного механика;Windows 10 Pro;4;32;240;"1С:Предприятие 8.3; Google Chrome; Microsoft Office 2019; Microsoft Outlook; VLC Media Player; WinRAR"
WS-ALR-1140;WS-ALR-1140;Кузнецов Андрей;Логистика, склады и снабжение;Windows 11 Pro;4;8;240;"1С:Предприятие 8.3; Google Chrome; LibreOffice; SAP GUI; WinRAR"
WS-ALR-1141;WS-ALR-1141;Морозова Елена;Бухгалтерия и финансовый контроль;Windows 10 Pro;4;8;500;"1С:Предприятие 8.3; 7-Zip; Google Chrome; КриптоПро CSP; МойОфис Стандартный"
WS-ALR-1142;WS-ALR-1142;Алексеева Ирина;Управление информационных технологий;Windows 10 Pro;4;4;240;"7-Zip; Microsoft Office 2016; Яндекс Браузер"
WS-ALR-1143;WS-ALR-1143;Семенов Максим;Отдел кадров и делопроизводства;Windows 10 Pro;6;16;500;"Google Chrome; Microsoft Office 2016; Microsoft Outlook; WinRAR"
WS-ALR-1144;WS-ALR-1144;Михайлов Сергей;Бухгалтерия и финансовый контроль;Windows 7 Pro (legacy);4;4;500;"1С:Предприятие 8.3; Microsoft Office 2019; Microsoft Outlook; WinRAR; КриптоПро CSP; Яндекс Браузер"
WS-ALR-1145;WS-ALR-1145;Волкова Елена;Управление информационных технологий;Windows 11 Pro;2;4;240;"7-Zip; Mozilla Firefox; Р-7 Офис"
WS-ALR-1146;WS-ALR-1146;Михайлов Роман;Управление информационных технологий;Windows 10 Pro;2;8;120;"Google Chrome; Microsoft Office 2019; Microsoft Outlook; WinRAR"
WS-ALR-1147;WS-ALR-1147;Васильев Алексей;Отдел кадров и делопроизводства;Windows 10 Pro;4;8;120;"7-Zip; Chromium-GOST; МойОфис Стандартный"
WS-ALR-1148;WS-ALR-1148;Федоров Михаил;Логистика, склады и снабжение;Windows 10 Pro;2;16;500;"1С:Предприятие 8.3; 7-Zip; Google Chrome; Total Commander; МойОфис Стандартный"
WS-ALR-1149;WS-ALR-1149;Кузнецова Екатерина;Логистика, склады и снабжение;Windows 11 Pro;4;16;120;"1С:Предприятие 8.3; Chromium-GOST; Microsoft Office 2019; Microsoft Outlook; SAP GUI; Total Commander; WinRAR"
WS-ALR-1150;WS-ALR-1150;Николаев Сергей;Управление информационных технологий;Windows 10 Pro;2;4;500;"7-Zip; Google Chrome; Microsoft Office 2016"
WS-ALR-1151;WS-ALR-1151;Михайлова Юлия;Бухгалтерия и финансовый контроль;Windows 10 Pro;2;8;240;"1С:Предприятие 8.3; Chromium-GOST; Microsoft Office 2019; Microsoft Outlook; WinRAR; КриптоПро CSP"
WS-ALR-1152;WS-ALR-1152;Федоров Максим;Логистика, склады и снабжение;Windows 10 Pro;2;8;240;"1С:Предприятие 8.3; 7-Zip; Chromium-GOST; SAP GUI; МойОфис Стандартный"
WS-ALR-1153;WS-ALR-1153;Васильева Наталья;Бухгалтерия и финансовый контроль;Windows 10 Pro;2;4;240;"1С:Предприятие 8.3; 7-Zip; Google Chrome; Microsoft Office 2016; Microsoft Outlook; КриптоПро CSP"
WS-ALR-1154;WS-ALR-1154;Федорова Екатерина;Управление информационных технологий;Windows 10 Pro;2;16;240;"WinRAR; МойОфис Стандартный; Яндекс Браузер"
WS-ALR-1155;WS-ALR-1155;Смирнов Сергей;Логистика, склады и снабжение;Windows 11 Pro;4;2;240;"1С:Предприятие 8.3; 7-Zip; Microsoft Office 2019; Microsoft Outlook; Mozilla Firefox"
WS-ALR-1156;WS-ALR-1156;Васильева Наталья;Логистика, склады и снабжение;Windows 10 Pro;4;8;500;"1С:Предприятие 8.3; LibreOffice; Mozilla Firefox; WinRAR"
WS-ALR-1157;WS-ALR-1157;Новиков Иван;Бухгалтерия и финансовый контроль;Windows 11 Pro;4;8;240;"1С:Предприятие 8.3; 7-Zip; Chromium-GOST; Microsoft Office 2019; Microsoft Outlook"
WS-ALR-1158;WS-ALR-1158;Смирнова Татьяна;Отдел кадров и делопроизводства;Windows 10 Pro;4;8;500;"Google Chrome; WinRAR; Р-7 Офис"
WS-ALR-1159;WS-ALR-1159;Соколова Светлана;Бухгалтерия и финансовый контроль;Windows 7 Pro (legacy);4;4;500;"1С:Предприятие 8.3; Google Chrome; Microsoft Office 2019; WinRAR"
WS-ALR-1160;WS-ALR-1160;Семенов Дмитрий;Бухгалтерия и финансовый контроль;Windows 10 Pro;4;16;240;"1С:Предприятие 8.3; 7-Zip; Mozilla Firefox; КриптоПро CSP; МойОфис Стандартный"
WS-ALR-1161;WS-ALR-1161;Семенова Татьяна;Служба главного механика;Windows 10 Pro;6;32;240;"7-Zip; AutoCAD; Google Chrome; Р-7 Офис"
WS-ALR-1162;WS-ALR-1162;Степанов Максим;Логистика, склады и снабжение;Windows 10 Pro;2;4;500;"1С:Предприятие 8.3; 7-Zip; Chromium-GOST; Total Commander; МойОфис Стандартный"
WS-ALR-1163;WS-ALR-1163;Кузнецов Дмитрий;Геологоразведочная партия;Windows 10 Pro;4;16;1024;"7-Zip; Mozilla Firefox; Р-7 Офис"
WS-ALR-1164;WS-ALR-1164;Смирнова Юлия;Отдел кадров и делопроизводства;Windows 10 Pro;4;8;500;"7-Zip; Google Chrome; Microsoft Office 2019"
WS-ALR-1165;WS-ALR-1165;Петрова Елена;Управление информационных технологий;Windows 10 Pro;2;8;500;"7-Zip; Mozilla Firefox; Р-7 Офис"
WS-ALR-1166;WS-ALR-1166;Иванова Ирина;Отдел кадров и делопроизводства;Windows 10 Pro;6;4;500;"7-Zip; Google Chrome; Microsoft Office 2016"
WS-ALR-1167;WS-ALR-1167;Соколова Татьяна;Логистика, склады и снабжение;Windows 7 Pro (legacy);2;8;240;"1С:Предприятие 8.3; 7-Zip; Google Chrome; SAP GUI; Total Commander; МойОфис Стандартный"
WS-ALR-1168;WS-ALR-1168;Кузнецов Максим;Юридический департамент;Windows 10 Pro;4;8;240;"7-Zip; Chromium-GOST; Microsoft Office 2019; Microsoft Outlook"
WS-ALR-1169;WS-ALR-1169;Николаева Ирина;Управление информационных технологий;Windows 10 Pro;2;4;120;"7-Zip; Google Chrome; Р-7 Офис"
WS-ALR-1170;WS-ALR-1170;Иванов Евгений;Логистика, склады и снабжение;Windows 10 Pro;4;8;120;"1С:Предприятие 8.3; 7-Zip; SAP GUI; МойОфис Стандартный; Яндекс Браузер"
WS-ALR-1171;WS-ALR-1171;Волкова Ирина;Геологоразведочная партия;Windows 10 Pro;8;4;512;"SolidWorks; WinRAR; МойОфис Стандартный; Яндекс Браузер"
WS-ALR-1172;WS-ALR-1172;Егоров Максим;Геологоразведочная партия;Windows 10 Pro;6;16;512;"7-Zip; Google Chrome; Microsoft Office 2019; Microsoft Outlook; SolidWorks; КОМПАС-3D"
WS-ALR-1173;WS-ALR-1173;Лебедева Елена;Геологоразведочная партия;Windows 10 Pro;2;16;512;"7-Zip; AutoCAD; Mozilla Firefox; МойОфис Стандартный"
WS-ALR-1174;WS-ALR-1174;Морозова Мария;Бухгалтерия и финансовый контроль;Windows 10 Pro;4;4;500;"1С:Предприятие 8.3; 7-Zip; Google Chrome; Р-7 Офис"
WS-ALR-1175;WS-ALR-1175;Васильев Роман;Отдел кадров и делопроизводства;Windows 7 Pro (legacy);4;8;120;"Google Chrome; Microsoft Office 2019; WinRAR"
WS-ALR-1176;WS-ALR-1176;Кузнецова Ольга;Бухгалтерия и финансовый контроль;Windows 7 Pro (legacy);4;8;240;"1С:Предприятие 8.3; 7-Zip; LibreOffice; КриптоПро CSP; Яндекс Браузер"
WS-ALR-1177;WS-ALR-1177;Николаева Юлия;Отдел кадров и делопроизводства;Windows 10 Pro;4;8;120;"Google Chrome; WinRAR; Р-7 Офис"
WS-ALR-1178;WS-ALR-1178;Соколова Екатерина;Служба главного механика;Windows 11 Pro;2;16;240;"Google Chrome; Microsoft Office 2019; Microsoft Outlook; WinRAR; КОМПАС-3D"
WS-ALR-1179;WS-ALR-1179;Степанова Мария;Логистика, склады и снабжение;Windows 10 Pro;2;8;500;"1С:Предприятие 8.3; 7-Zip; Google Chrome; Microsoft Office 2019; SAP GUI"
WS-ALR-1180;WS-ALR-1180;Новикова Елена;Управление информационных технологий;Windows 11 Pro;2;8;120;"7-Zip; Microsoft Office 2019; Microsoft Outlook; Яндекс Браузер"
WS-ALR-1181;WS-ALR-1181;Козлова Анна;Юридический департамент;Windows 10 Pro;2;4;500;"7-Zip; Chromium-GOST; КриптоПро CSP; Р-7 Офис"
WS-ALR-1182;WS-ALR-1182;Егоров Алексей;Юридический департамент;Windows 11 Pro;4;4;120;"Adobe Acrobat Reader; Chromium-GOST; WinRAR; МойОфис Стандартный"
WS-ALR-1183;WS-ALR-1183;Егоров Артем;Бухгалтерия и финансовый контроль;Windows 10 Pro;2;8;120;"1С:Предприятие 8.3; 7-Zip; Microsoft Office 2019; Microsoft Outlook; Mozilla Firefox; КриптоПро CSP"
WS-ALR-1184;WS-ALR-1184;Михайлов Евгений;Управление информационных технологий;Windows 7 Pro (legacy);4;8;500;"Microsoft Office 2016; Microsoft Outlook; Mozilla Firefox; WinRAR"
WS-ALR-1185;WS-ALR-1185;Степанова Анна;Управление информационных технологий;Windows 10 Pro;4;4;120;"7-Zip; Chromium-GOST; LibreOffice"
WS-ALR-1186;WS-ALR-1186;Михайлов Дмитрий;Геологоразведочная партия;Windows 11 Pro;6;32;1024;"AutoCAD; WinRAR; МойОфис Стандартный; Яндекс Браузер"
WS-ALR-1187;WS-ALR-1187;Лебедев Алексей;Управление информационных технологий;Windows 10 Pro;2;4;120;"7-Zip; Chromium-GOST; Microsoft Office 2019; Microsoft Outlook"
WS-ALR-1188;WS-ALR-1188;Новикова Светлана;Логистика, склады и снабжение;Windows 7 Pro (legacy);2;4;500;"1С:Предприятие 8.3; 7-Zip; Chromium-GOST; SAP GUI; Р-7 Офис"
WS-ALR-1189;WS-ALR-1189;Егоров Максим;Логистика, склады и снабжение;Windows 11 Pro;2;4;120;"1С:Предприятие 8.3; 7-Zip; Google Chrome; SAP GUI; Р-7 Офис"
WS-ALR-1190;WS-ALR-1190;Павлова Наталья;Служба главного механика;Windows 11 Pro;4;8;500;"Chromium-GOST; VLC Media Player; WinRAR; КОМПАС-3D; МойОфис Стандартный"
WS-ALR-1191;WS-ALR-1191;Кузнецова Светлана;Управление информационных технологий;Windows 11 Pro;4;8;500;"Chromium-GOST; WinRAR; МойОфис Стандартный"
WS-ALR-1192;WS-ALR-1192;Алексеева Ирина;Отдел кадров и делопроизводства;Windows 10 Pro;4;4;240;"7-Zip; Chromium-GOST; Microsoft Office 2019"
WS-ALR-1193;WS-ALR-1193;Павлова Мария;Бухгалтерия и финансовый контроль;Windows 10 Pro;2;8;240;"1С:Предприятие 8.3; Google Chrome; Microsoft Office 2016; Microsoft Outlook; WinRAR"
WS-ALR-1194;WS-ALR-1194;Попова Екатерина;Служба главного механика;Windows 10 Pro;4;8;240;"AutoCAD; Chromium-GOST; LibreOffice; WinRAR"
WS-ALR-1195;WS-ALR-1195;Лебедева Мария;Управление информационных технологий;Windows 10 Pro;2;8;120;"7-Zip; Chromium-GOST; Microsoft Office 2016"
WS-ALR-1196;WS-ALR-1196;Степанов Евгений;Служба главного механика;Windows 10 Pro;4;8;1024;"7-Zip; Google Chrome; КОМПАС-3D; Р-7 Офис"
WS-ALR-1197;WS-ALR-1197;Волкова Елена;Отдел кадров и делопроизводства;Windows 10 Pro;2;8;240;"7-Zip; Mozilla Firefox; Р-7 Офис"
WS-ALR-1198;WS-ALR-1198;Попов Сергей;Отдел кадров и делопроизводства;Windows 10 Pro;2;8;240;"7-Zip; Р-7 Офис; Яндекс Браузер"
WS-ALR-1199;WS-ALR-1199;Попов Сергей;Бухгалтерия и финансовый контроль;Windows 10 Pro;6;8;240;"1С:Предприятие 8.3; 7-Zip; Chromium-GOST; Microsoft Office 2016; Microsoft Outlook; КриптоПро CSP"
WS-ALR-1200;WS-ALR-1200;Степанов Евгений;Логистика, склады и снабжение;Windows 11 Pro;4;8;120;"1С:Предприятие 8.3; 7-Zip; Google Chrome; Microsoft Office 2016; Microsoft Outlook; SAP GUI"
WS-ALR-1201;WS-ALR-1201;Смирнов Максим;Служба главного механика;Windows 10 Pro;4;8;240;"Microsoft Office 2019; Microsoft Outlook; WinRAR; КОМПАС-3D; Яндекс Браузер"
WS-ALR-1202;WS-ALR-1202;Михайлова Екатерина;Геологоразведочная партия;Windows 10 Pro;4;32;512;"AutoCAD; Google Chrome; Microsoft Office 2019; Microsoft Outlook; WinRAR"
WS-ALR-1203;WS-ALR-1203;Петров Артем;Бухгалтерия и финансовый контроль;Windows 10 Pro;2;8;120;"1С:Предприятие 8.3; 7-Zip; Chromium-GOST; Microsoft Office 2019; Microsoft Outlook; VipNet Client; КриптоПро CSP"
WS-ALR-1204;WS-ALR-1204;Попов Дмитрий;Логистика, склады и снабжение;Windows 10 Pro;4;8;240;"1С:Предприятие 8.3; Google Chrome; SAP GUI; WinRAR; МойОфис Стандартный"
WS-ALR-1205;WS-ALR-1205;Петров Алексей;Управление информационных технологий;Windows 10 Pro;4;8;500;"7-Zip; Mozilla Firefox; МойОфис Стандартный"
WS-ALR-1206;WS-ALR-1206;Васильев Сергей;Служба главного механика;Windows 7 Pro (legacy);4;8;1024;"1С:Предприятие 8.3; Chromium-GOST; Microsoft Office 2016; WinRAR"
WS-ALR-1207;WS-ALR-1207;Степанова Екатерина;Отдел кадров и делопроизводства;Windows 10 Pro;4;16;120;"Chromium-GOST; WinRAR; Р-7 Офис"
WS-ALR-1208;WS-ALR-1208;Новикова Наталья;Логистика, склады и снабжение;Windows 7 Pro (legacy);4;4;500;"1С:Предприятие 8.3; 7-Zip; Р-7 Офис; Яндекс Браузер"
WS-ALR-1209;WS-ALR-1209;Попова Екатерина;Бухгалтерия и финансовый контроль;Windows 10 Pro;2;8;120;"1С:Предприятие 8.3; 7-Zip; Chromium-GOST; Microsoft Office 2016; Microsoft Outlook"
WS-ALR-1210;WS-ALR-1210;Козлов Иван;Логистика, склады и снабжение;Windows 10 Pro;4;8;120;"1С:Предприятие 8.3; 7-Zip; Total Commander; МойОфис Стандартный; Яндекс Браузер"
WS-ALR-1211;WS-ALR-1211;Новиков Евгений;Геологоразведочная партия;Windows 10 Pro;4;16;256;"WinRAR; КОМПАС-3D; Р-7 Офис; Яндекс Браузер"
WS-ALR-1212;WS-ALR-1212;Павлов Сергей;Геологоразведочная партия;Windows 10 Pro;6;8;512;"WinRAR; Р-7 Офис; Яндекс Браузер"
WS-ALR-1213;WS-ALR-1213;Иванов Алексей;Бухгалтерия и финансовый контроль;Windows 10 Pro;4;8;500;"1С:Предприятие 8.3; 7-Zip; Р-7 Офис; Яндекс Браузер"
WS-ALR-1214;WS-ALR-1214;Егоров Артем;Отдел кадров и делопроизводства;Windows 10 Pro;2;16;500;"7-Zip; Google Chrome; Microsoft Office 2019"
WS-ALR-1215;WS-ALR-1215;Волков Михаил;Управление информационных технологий;Windows 10 Pro;4;4;500;"Google Chrome; WinRAR; МойОфис Стандартный"
WS-ALR-1216;WS-ALR-1216;Николаев Михаил;Управление информационных технологий;Windows 11 Pro;4;8;240;"7-Zip; Mozilla Firefox; МойОфис Стандартный"
WS-ALR-1217;WS-ALR-1217;Павлов Роман;Логистика, склады и снабжение;Windows 10 Pro;2;4;240;"1С:Предприятие 8.3; 7-Zip; Mozilla Firefox; Total Commander; Р-7 Офис"
WS-ALR-1218;WS-ALR-1218;Михайлов Евгений;Отдел кадров и делопроизводства;Windows 10 Pro;4;8;120;"Google Chrome; WinRAR; Р-7 Офис"
WS-ALR-1219;WS-ALR-1219;Попова Екатерина;Логистика, склады и снабжение;Windows 10 Pro;2;4;240;"1С:Предприятие 8.3; Chromium-GOST; SAP GUI; Total Commander; WinRAR; Р-7 Офис"
WS-ALR-1220;WS-ALR-1220;Алексеева Екатерина;Логистика, склады и снабжение;Windows 10 Pro;2;8;120;"1С:Предприятие 8.3; 7-Zip; Mozilla Firefox; SAP GUI; Р-7 Офис"
WS-ALR-1221;WS-ALR-1221;Николаева Наталья;Юридический департамент;Windows 10 Pro;6;8;500;"7-Zip; Adobe Acrobat Reader; Chromium-GOST; КриптоПро CSP; МойОфис Стандартный"
WS-ALR-1222;WS-ALR-1222;Попова Светлана;Бухгалтерия и финансовый контроль;Windows 10 Pro;6;8;500;"1С:Предприятие 8.3; Microsoft Office 2016; Microsoft Outlook; VipNet Client; WinRAR; Яндекс Браузер"
WS-ALR-1223;WS-ALR-1223;Павлов Максим;Управление информационных технологий;Windows 10 Pro;4;4;120;"WinRAR; МойОфис Стандартный; Яндекс Браузер"
WS-ALR-1224;WS-ALR-1224;Васильев Сергей;Юридический департамент;Windows 11 Pro;4;8;240;"Adobe Acrobat Reader; Chromium-GOST; WinRAR; КриптоПро CSP; Р-7 Офис"
WS-ALR-1225;WS-ALR-1225;Павлова Ольга;Служба главного механика;Windows 10 Pro;4;8;500;"AutoCAD; Microsoft Office 2019; WinRAR; Яндекс Браузер"
WS-ALR-1226;WS-ALR-1226;Волкова Ольга;Логистика, склады и снабжение;Windows 10 Pro;4;8;120;"1С:Предприятие 8.3; Chromium-GOST; Microsoft Office 2019; WinRAR"
WS-ALR-1227;WS-ALR-1227;Иванов Артем;Бухгалтерия и финансовый контроль;Windows 10 Pro;4;8;240;"1С:Предприятие 8.3; Microsoft Office 2019; Microsoft Outlook; Mozilla Firefox; WinRAR"
WS-ALR-1228;WS-ALR-1228;Попов Максим;Отдел кадров и делопроизводства;Windows 7 Pro (legacy);4;8;500;"Chromium-GOST; WinRAR; Р-7 Офис"
WS-ALR-1229;WS-ALR-1229;Николаева Наталья;Управление информационных технологий;Windows 10 Pro;2;8;500;"7-Zip; Google Chrome; МойОфис Стандартный"
WS-ALR-1230;WS-ALR-1230;Михайлов Роман;Бухгалтерия и финансовый контроль;Windows 11 Pro;2;4;240;"1С:Предприятие 8.3; Chromium-GOST; Microsoft Office 2016; WinRAR; КриптоПро CSP"
WS-ALR-1231;WS-ALR-1231;Попов Сергей;Управление информационных технологий;Windows 10 Pro;4;8;240;"7-Zip; Microsoft Office 2016; Microsoft Outlook; Яндекс Браузер"
WS-ALR-1232;WS-ALR-1232;Егоров Артем;Геологоразведочная партия;Windows 10 Pro;6;8;512;"7-Zip; Chromium-GOST; Microsoft Office 2019"
WS-ALR-1233;WS-ALR-1233;Егорова Светлана;Отдел кадров и делопроизводства;Windows 11 Pro;4;8;240;"LibreOffice; WinRAR; Яндекс Браузер"
WS-ALR-1234;WS-ALR-1234;Павлова Мария;Юридический департамент;Windows 10 Pro;2;8;120;"7-Zip; Adobe Acrobat Reader; Chromium-GOST; LibreOffice; КриптоПро CSP"
WS-ALR-1235;WS-ALR-1235;Николаев Михаил;Управление информационных технологий;Windows 11 Pro;2;8;500;"Mozilla Firefox; WinRAR; Р-7 Офис"
WS-ALR-1236;WS-ALR-1236;Федоров Евгений;Управление информационных технологий;Windows 10 Pro;4;8;500;"7-Zip; Microsoft Office 2019; Mozilla Firefox"
WS-ALR-1237;WS-ALR-1237;Волкова Юлия;Бухгалтерия и финансовый контроль;Windows 10 Pro;2;4;240;"1С:Предприятие 8.3; 7-Zip; Microsoft Office 2019; VipNet Client; КриптоПро CSP; Яндекс Браузер"
WS-ALR-1238;WS-ALR-1238;Егорова Светлана;Служба главного механика;Windows 10 Pro;2;8;240;"7-Zip; Mozilla Firefox; КОМПАС-3D; МойОфис Стандартный"
WS-ALR-1239;WS-ALR-1239;Васильева Светлана;Управление информационных технологий;Windows 10 Pro;4;4;240;"Google Chrome; WinRAR; МойОфис Стандартный"
WS-ALR-1240;WS-ALR-1240;Федоров Дмитрий;Отдел кадров и делопроизводства;Windows 10 Pro;4;4;500;"Microsoft Office 2016; WinRAR; Яндекс Браузер"
WS-ALR-1241;WS-ALR-1241;Алексеева Ирина;Бухгалтерия и финансовый контроль;Windows 10 Pro;6;8;500;"1С:Предприятие 8.3; 7-Zip; SAP GUI; КриптоПро CSP; МойОфис Стандартный; Яндекс Браузер"
WS-ALR-1242;WS-ALR-1242;Смирнов Артем;Управление информационных технологий;Windows 10 Pro;2;8;240;"7-Zip; Microsoft Office 2019; Mozilla Firefox"
WS-ALR-1243;WS-ALR-1243;Кузнецова Наталья;Управление информационных технологий;Windows 10 Pro;4;4;120;"7-Zip; Chromium-GOST; МойОфис Стандартный"
WS-ALR-1244;WS-ALR-1244;Лебедев Дмитрий;Юридический департамент;Windows 10 Pro;2;8;500;"Adobe Acrobat Reader; Microsoft Office 2016; Microsoft Outlook; WinRAR; Яндекс Браузер"
WS-ALR-1245;WS-ALR-1245;Новикова Светлана;Бухгалтерия и финансовый контроль;Windows 10 Pro;6;4;120;"1С:Предприятие 8.3; Chromium-GOST; Microsoft Office 2019; Microsoft Outlook; WinRAR; КриптоПро CSP"
WS-ALR-1246;WS-ALR-1246;Козлова Ирина;Бухгалтерия и финансовый контроль;Windows 10 Pro;4;8;240;"1С:Предприятие 8.3; 7-Zip; SAP GUI; КриптоПро CSP; МойОфис Стандартный; Яндекс Браузер"
WS-ALR-1247;WS-ALR-1247;Иванова Наталья;Геологоразведочная партия;Windows 10 Pro;2;16;512;"AutoCAD; WinRAR; МойОфис Стандартный; Яндекс Браузер"
WS-ALR-1248;WS-ALR-1248;Алексеев Иван;Бухгалтерия и финансовый контроль;Windows 11 Pro;4;8;500;"1С:Предприятие 8.3; Microsoft Office 2019; Mozilla Firefox; WinRAR"
WS-ALR-1249;WS-ALR-1249;Кузнецова Наталья;Отдел кадров и делопроизводства;Windows 10 Pro;4;8;500;"Google Chrome; Microsoft Office 2016; Microsoft Outlook; WinRAR"
WS-ALR-1250;WS-ALR-1250;Попова Екатерина;Бухгалтерия и финансовый контроль;Windows 11 Pro;4;4;240;"1С:Предприятие 8.3; 7-Zip; Chromium-GOST; Microsoft Office 2019; Microsoft Outlook"
WS-ALR-1251;WS-ALR-1251;Алексеева Татьяна;Бухгалтерия и финансовый контроль;Windows 11 Pro;6;8;120;"1С:Предприятие 8.3; 7-Zip; LibreOffice; Mozilla Firefox; SAP GUI; КриптоПро CSP"
WS-ALR-1252;WS-ALR-1252;Семенов Алексей;Служба главного механика;Windows 10 Pro;4;8;1024;"7-Zip; Chromium-GOST; КОМПАС-3D; Р-7 Офис"
WS-ALR-1253;WS-ALR-1253;Васильева Светлана;Отдел кадров и делопроизводства;Windows 11 Pro;4;8;120;"7-Zip; Google Chrome; Microsoft Office 2019"
WS-ALR-1254;WS-ALR-1254;Васильев Андрей;Управление информационных технологий;Windows 11 Pro;4;16;240;"7-Zip; Google Chrome; Р-7 Офис"
WS-ALR-1255;WS-ALR-1255;Алексеев Михаил;Логистика, склады и снабжение;Windows 10 Pro;2;4;500;"1С:Предприятие 8.3; Chromium-GOST; Microsoft Office 2016; Microsoft Outlook; WinRAR"
WS-ALR-1256;WS-ALR-1256;Соколов Сергей;Управление информационных технологий;Windows 10 Pro;4;2;240;"7-Zip; Microsoft Office 2019; Яндекс Браузер"
WS-ALR-1257;WS-ALR-1257;Попова Елена;Геологоразведочная партия;Windows 10 Pro;4;8;512;"7-Zip; Mozilla Firefox; КОМПАС-3D; МойОфис Стандартный"
WS-ALR-1258;WS-ALR-1258;Иванов Дмитрий;Бухгалтерия и финансовый контроль;Windows 7 Pro (legacy);2;8;120;"1С:Предприятие 8.3; 7-Zip; Microsoft Office 2016; Microsoft Outlook; Яндекс Браузер"
WS-ALR-1259;WS-ALR-1259;Алексеев Андрей;Управление информационных технологий;Windows 10 Pro;2;8;500;"Chromium-GOST; Microsoft Office 2019; WinRAR"
WS-ALR-1260;WS-ALR-1260;Алексеев Сергей;Бухгалтерия и финансовый контроль;Windows 10 Pro;4;8;240;"1С:Предприятие 8.3; Microsoft Office 2016; Microsoft Outlook; VipNet Client; WinRAR; Яндекс Браузер"
WS-ALR-1261;WS-ALR-1261;Соколова Светлана;Бухгалтерия и финансовый контроль;Windows 11 Pro;6;8;500;"1С:Предприятие 8.3; 7-Zip; Mozilla Firefox; КриптоПро CSP; МойОфис Стандартный"
WS-ALR-1262;WS-ALR-1262;Семенова Наталья;Служба главного механика;Windows 10 Pro;4;16;240;"7-Zip; Microsoft Office 2016; Mozilla Firefox; VLC Media Player; КОМПАС-3D"
WS-ALR-1263;WS-ALR-1263;Козлов Алексей;Бухгалтерия и финансовый контроль;Windows 11 Pro;4;8;240;"1С:Предприятие 8.3; Microsoft Office 2019; Mozilla Firefox; SAP GUI; WinRAR; КриптоПро CSP"
WS-ALR-1264;WS-ALR-1264;Алексеев Алексей;Логистика, склады и снабжение;Windows 10 Pro;4;8;240;"1С:Предприятие 8.3; 7-Zip; Total Commander; МойОфис Стандартный; Яндекс Браузер"
WS-ALR-1265;WS-ALR-1265;Волкова Елена;Бухгалтерия и финансовый контроль;Windows 7 Pro (legacy);2;8;240;"1С:Предприятие 8.3; 7-Zip; Mozilla Firefox; Р-7 Офис"
WS-ALR-1266;WS-ALR-1266;Попов Иван;Бухгалтерия и финансовый контроль;Windows 10 Pro;2;4;240;"1С:Предприятие 8.3; 7-Zip; Microsoft Office 2019; Microsoft Outlook; КриптоПро CSP; Яндекс Браузер"
WS-ALR-1267;WS-ALR-1267;Волкова Екатерина;Геологоразведочная партия;Windows 10 Pro;4;16;512;"1С:Предприятие 8.3; WinRAR; Р-7 Офис; Яндекс Браузер"
WS-ALR-1268;WS-ALR-1268;Васильев Дмитрий;Служба главного механика;Windows 10 Pro;4;16;240;"1С:Предприятие 8.3; VLC Media Player; WinRAR; МойОфис Стандартный; Яндекс Браузер"
WS-ALR-1269;WS-ALR-1269;Попов Евгений;Юридический департамент;Windows 10 Pro;4;8;120;"Adobe Acrobat Reader; Microsoft Office 2016; Microsoft Outlook; Mozilla Firefox; WinRAR; КриптоПро CSP"
WS-ALR-1270;WS-ALR-1270;Степанова Ирина;Юридический департамент;Windows 11 Pro;2;8;500;"Adobe Acrobat Reader; Chromium-GOST; WinRAR; Р-7 Офис"
WS-ALR-1271;WS-ALR-1271;Николаева Ирина;Бухгалтерия и финансовый контроль;Windows 10 Pro;4;8;120;"1С:Предприятие 8.3; 7-Zip; Chromium-GOST; Microsoft Office 2019; Microsoft Outlook; SAP GUI"
WS-ALR-1272;WS-ALR-1272;Иванова Наталья;Логистика, склады и снабжение;Windows 10 Pro;4;4;500;"1С:Предприятие 8.3; Microsoft Office 2016; Mozilla Firefox; WinRAR"
WS-ALR-1273;WS-ALR-1273;Михайлова Ирина;Логистика, склады и снабжение;Windows 10 Pro;2;8;120;"1С:Предприятие 8.3; Microsoft Office 2019; Microsoft Outlook; SAP GUI; WinRAR; Яндекс Браузер"
WS-ALR-1274;WS-ALR-1274;Волков Максим;Служба главного механика;Windows 10 Pro;4;8;500;"7-Zip; Google Chrome; Microsoft Office 2019; Microsoft Outlook; VLC Media Player; КОМПАС-3D"
WS-ALR-1275;WS-ALR-1275;Васильева Екатерина;Бухгалтерия и финансовый контроль;Windows 10 Pro;4;8;120;"1С:Предприятие 8.3; 7-Zip; КриптоПро CSP; Р-7 Офис; Яндекс Браузер"
WS-ALR-1276;WS-ALR-1276;Козлова Екатерина;Служба главного механика;Windows 11 Pro;4;16;500;"7-Zip; AutoCAD; Google Chrome; LibreOffice"
WS-ALR-1277;WS-ALR-1277;Николаев Дмитрий;Бухгалтерия и финансовый контроль;Windows 10 Pro;2;8;500;"1С:Предприятие 8.3; Mozilla Firefox; VipNet Client; WinRAR; КриптоПро CSP; Р-7 Офис"
WS-ALR-1278;WS-ALR-1278;Павлова Юлия;Служба главного механика;Windows 11 Pro;2;16;240;"Google Chrome; WinRAR; КОМПАС-3D; Р-7 Офис"
WS-ALR-1279;WS-ALR-1279;Семенов Дмитрий;Отдел кадров и делопроизводства;Windows 10 Pro;6;4;120;"Mozilla Firefox; WinRAR; Р-7 Офис"
WS-ALR-1280;WS-ALR-1280;Иванов Иван;Управление информационных технологий;Windows 10 Pro;4;16;240;"7-Zip; Microsoft Office 2016; Яндекс Браузер"
WS-ALR-1281;WS-ALR-1281;Козлова Юлия;Служба главного механика;Windows 10 Pro;4;8;1024;"1С:Предприятие 8.3; Microsoft Office 2016; Microsoft Outlook; Mozilla Firefox; WinRAR"
WS-ALR-1282;WS-ALR-1282;Смирнова Ирина;Логистика, склады и снабжение;Windows 10 Pro;2;8;500;"1С:Предприятие 8.3; Microsoft Office 2016; Total Commander; WinRAR; Яндекс Браузер"
WS-ALR-1283;WS-ALR-1283;Волков Алексей;Геологоразведочная партия;Windows 11 Pro;6;16;1024;"1С:Предприятие 8.3; Google Chrome; Microsoft Office 2016; Microsoft Outlook; SolidWorks; WinRAR"
WS-ALR-1284;WS-ALR-1284;Новикова Ольга;Управление информационных технологий;Windows 10 Pro;6;4;240;"Mozilla Firefox; WinRAR; МойОфис Стандартный"
WS-ALR-1285;WS-ALR-1285;Федорова Юлия;Геологоразведочная партия;Windows 10 Pro;4;8;256;"Google Chrome; Microsoft Office 2019; Microsoft Outlook; WinRAR"
WS-ALR-1286;WS-ALR-1286;Морозов Андрей;Геологоразведочная партия;Windows 10 Pro;4;16;1024;"7-Zip; Google Chrome; SolidWorks; КОМПАС-3D; Р-7 Офис"
WS-ALR-1287;WS-ALR-1287;Петрова Екатерина;Бухгалтерия и финансовый контроль;Windows 7 Pro (legacy);4;8;500;"1С:Предприятие 8.3; Chromium-GOST; WinRAR; Р-7 Офис"
WS-ALR-1288;WS-ALR-1288;Попова Светлана;Служба главного механика;Windows 10 Pro;4;16;500;"1С:Предприятие 8.3; WinRAR; Р-7 Офис; Яндекс Браузер"
WS-ALR-1289;WS-ALR-1289;Николаев Алексей;Бухгалтерия и финансовый контроль;Windows 10 Pro;4;4;500;"1С:Предприятие 8.3; Google Chrome; SAP GUI; WinRAR; КриптоПро CSP; МойОфис Стандартный"
WS-ALR-1290;WS-ALR-1290;Степанова Светлана;Управление информационных технологий;Windows 10 Pro;4;4;240;"7-Zip; Mozilla Firefox; МойОфис Стандартный"
WS-ALR-1291;WS-ALR-1291;Степанова Елена;Служба главного механика;Windows 10 Pro;6;8;240;"7-Zip; AutoCAD; Google Chrome; VLC Media Player; Р-7 Офис"
WS-ALR-1292;WS-ALR-1292;Соколова Елена;Служба главного механика;Windows 10 Pro;6;8;500;"1С:Предприятие 8.3; Chromium-GOST; WinRAR; Р-7 Офис"
WS-ALR-1293;WS-ALR-1293;Семенова Татьяна;Бухгалтерия и финансовый контроль;Windows 10 Pro;2;8;500;"1С:Предприятие 8.3; 7-Zip; Google Chrome; Microsoft Office 2016; КриптоПро CSP"
WS-ALR-1294;WS-ALR-1294;Петрова Ольга;Логистика, склады и снабжение;Windows 10 Pro;4;4;120;"1С:Предприятие 8.3; 7-Zip; Microsoft Office 2016; Mozilla Firefox; Total Commander"
WS-ALR-1295;WS-ALR-1295;Павлов Максим;Бухгалтерия и финансовый контроль;Windows 10 Pro;4;8;240;"1С:Предприятие 8.3; 7-Zip; Microsoft Office 2019; Mozilla Firefox; КриптоПро CSP"
WS-ALR-1296;WS-ALR-1296;Степанова Елена;Геологоразведочная партия;Windows 7 Pro (legacy);6;16;512;"Mozilla Firefox; SolidWorks; WinRAR; МойОфис Стандартный"
WS-ALR-1297;WS-ALR-1297;Козлов Евгений;Управление информационных технологий;Windows 10 Pro;4;8;240;"Google Chrome; Microsoft Office 2019; WinRAR"
WS-ALR-1298;WS-ALR-1298;Васильева Светлана;Логистика, склады и снабжение;Windows 10 Pro;4;4;120;"1С:Предприятие 8.3; LibreOffice; SAP GUI; WinRAR; Яндекс Браузер"
WS-ALR-1299;WS-ALR-1299;Смирнов Дмитрий;Управление информационных технологий;Windows 10 Pro;4;4;500;"7-Zip; Chromium-GOST; МойОфис Стандартный"
WS-ALR-1300;WS-ALR-1300;Морозов Андрей;Бухгалтерия и финансовый контроль;Windows 11 Pro;2;8;120;"1С:Предприятие 8.3; Google Chrome; WinRAR; КриптоПро CSP; Р-7 Офис"
WS-ALR-1301;WS-ALR-1301;Федоров Андрей;Отдел кадров и делопроизводства;Windows 10 Pro;4;4;500;"Microsoft Office 2016; Mozilla Firefox; WinRAR"
WS-ALR-1302;WS-ALR-1302;Михайлова Ирина;Логистика, склады и снабжение;Windows 10 Pro;4;4;240;"1С:Предприятие 8.3; Google Chrome; SAP GUI; Total Commander; WinRAR; МойОфис Стандартный"
WS-ALR-1303;WS-ALR-1303;Волков Иван;Отдел кадров и делопроизводства;Windows 10 Pro;6;4;120;"7-Zip; Chromium-GOST; Microsoft Office 2016"
WS-ALR-1304;WS-ALR-1304;Соколов Михаил;Бухгалтерия и финансовый контроль;Windows 10 Pro;2;8;500;"1С:Предприятие 8.3; 7-Zip; Chromium-GOST; Microsoft Office 2016; КриптоПро CSP"
WS-ALR-1305;WS-ALR-1305;Новикова Татьяна;Управление информационных технологий;Windows 10 Pro;2;8;500;"Mozilla Firefox; WinRAR; МойОфис Стандартный"
WS-ALR-1306;WS-ALR-1306;Алексеева Ирина;Служба главного механика;Windows 10 Pro;2;16;500;"7-Zip; AutoCAD; Chromium-GOST; Microsoft Office 2019; Microsoft Outlook"
WS-ALR-1307;WS-ALR-1307;Егоров Евгений;Бухгалтерия и финансовый контроль;Windows 11 Pro;2;4;500;"1С:Предприятие 8.3; WinRAR; КриптоПро CSP; МойОфис Стандартный; Яндекс Браузер"
WS-ALR-1308;WS-ALR-1308;Козлова Анна;Геологоразведочная партия;Windows 10 Pro;4;8;256;"Chromium-GOST; LibreOffice; WinRAR; КОМПАС-3D"
WS-ALR-1309;WS-ALR-1309;Соколова Наталья;Бухгалтерия и финансовый контроль;Windows 10 Pro;4;16;120;"1С:Предприятие 8.3; WinRAR; КриптоПро CSP; МойОфис Стандартный; Яндекс Браузер"
WS-ALR-1310;WS-ALR-1310;Петрова Татьяна;Управление информационных технологий;Windows 10 Pro;4;16;240;"WinRAR; МойОфис Стандартный; Яндекс Браузер"
WS-ALR-1311;WS-ALR-1311;Петров Максим;Бухгалтерия и финансовый контроль;Windows 11 Pro;4;4;120;"1С:Предприятие 8.3; Chromium-GOST; Microsoft Office 2016; Microsoft Outlook; WinRAR; КриптоПро CSP"
WS-ALR-1312;WS-ALR-1312;Михайлова Ирина;Геологоразведочная партия;Windows 10 Pro;6;8;256;"SolidWorks; WinRAR; МойОфис Стандартный; Яндекс Браузер"
WS-ALR-1313;WS-ALR-1313;Николаева Наталья;Геологоразведочная партия;Windows 10 Pro;8;16;512;"7-Zip; Microsoft Office 2016; Microsoft Outlook; SolidWorks; КОМПАС-3D; Яндекс Браузер"
WS-ALR-1314;WS-ALR-1314;Егорова Светлана;Бухгалтерия и финансовый контроль;Windows 11 Pro;2;8;500;"1С:Предприятие 8.3; 7-Zip; Google Chrome; Microsoft Office 2016; Microsoft Outlook; VipNet Client"
WS-ALR-1315;WS-ALR-1315;Васильев Андрей;Управление информационных технологий;Windows 11 Pro;4;8;500;"7-Zip; МойОфис Стандартный; Яндекс Браузер"
WS-ALR-1316;WS-ALR-1316;Козлов Евгений;Служба главного механика;Windows 11 Pro;6;8;1024;"AutoCAD; Mozilla Firefox; WinRAR; Р-7 Офис"
WS-ALR-1317;WS-ALR-1317;Павлова Ольга;Отдел кадров и делопроизводства;Windows 11 Pro;2;8;500;"7-Zip; Microsoft Office 2019; Mozilla Firefox"
WS-ALR-1318;WS-ALR-1318;Соколов Дмитрий;Логистика, склады и снабжение;Windows 10 Pro;4;2;120;"1С:Предприятие 8.3; 7-Zip; Microsoft Office 2019; Mozilla Firefox; Total Commander"
WS-ALR-1319;WS-ALR-1319;Соколов Иван;Управление информационных технологий;Windows 7 Pro (legacy);4;8;120;"7-Zip; Microsoft Office 2016; Microsoft Outlook; Яндекс Браузер"
WS-ALR-1320;WS-ALR-1320;Волкова Екатерина;Служба главного механика;Windows 10 Pro;2;16;240;"AutoCAD; Microsoft Office 2016; Mozilla Firefox; WinRAR"
WS-ALR-1321;WS-ALR-1321;Степанов Алексей;Управление информационных технологий;Windows 10 Pro;4;8;120;"7-Zip; Microsoft Office 2016; Microsoft Outlook; Mozilla Firefox"
WS-ALR-1322;WS-ALR-1322;Васильев Михаил;Геологоразведочная партия;Windows 11 Pro;4;8;1024;"Mozilla Firefox; WinRAR; КОМПАС-3D; Р-7 Офис"
WS-ALR-1323;WS-ALR-1323;Попов Сергей;Бухгалтерия и финансовый контроль;Windows 10 Pro;4;4;120;"1С:Предприятие 8.3; 7-Zip; Chromium-GOST; МойОфис Стандартный"
WS-ALR-1324;WS-ALR-1324;Семенова Светлана;Юридический департамент;Windows 10 Pro;2;16;500;"7-Zip; Adobe Acrobat Reader; Chromium-GOST; КриптоПро CSP; МойОфис Стандартный"
WS-ALR-1325;WS-ALR-1325;Семенов Иван;Геологоразведочная партия;Windows 10 Pro;6;16;512;"7-Zip; Microsoft Office 2019; Microsoft Outlook; SolidWorks; КОМПАС-3D; Яндекс Браузер"
WS-ALR-1326;WS-ALR-1326;Васильева Светлана;Отдел кадров и делопроизводства;Windows 10 Pro;4;16;500;"7-Zip; Google Chrome; МойОфис Стандартный"
WS-ALR-1327;WS-ALR-1327;Иванов Михаил;Логистика, склады и снабжение;Windows 10 Pro;2;8;500;"1С:Предприятие 8.3; Google Chrome; Microsoft Office 2016; SAP GUI; WinRAR"
WS-ALR-1328;WS-ALR-1328;Степанов Артем;Управление информационных технологий;Windows 10 Pro;2;8;500;"7-Zip; Microsoft Office 2019; Microsoft Outlook; Mozilla Firefox"
WS-ALR-1329;WS-ALR-1329;Новиков Михаил;Служба главного механика;Windows 11 Pro;8;8;1024;"1С:Предприятие 8.3; Google Chrome; VLC Media Player; WinRAR; Р-7 Офис"
WS-ALR-1330;WS-ALR-1330;Кузнецов Евгений;Отдел кадров и делопроизводства;Windows 10 Pro;4;8;120;"Chromium-GOST; Microsoft Office 2019; Microsoft Outlook; WinRAR"
WS-ALR-1331;WS-ALR-1331;Егоров Иван;Геологоразведочная партия;Windows 10 Pro;6;8;256;"7-Zip; Chromium-GOST; КОМПАС-3D; Р-7 Офис"
WS-ALR-1332;WS-ALR-1332;Михайлова Татьяна;Бухгалтерия и финансовый контроль;Windows 10 Pro;4;4;500;"1С:Предприятие 8.3; VipNet Client; WinRAR; Р-7 Офис; Яндекс Браузер"
WS-ALR-1333;WS-ALR-1333;Михайлов Алексей;Геологоразведочная партия;Windows 10 Pro;8;16;256;"7-Zip; Chromium-GOST; МойОфис Стандартный"
WS-ALR-1334;WS-ALR-1334;Волкова Наталья;Геологоразведочная партия;Windows 10 Pro;6;16;1024;"WinRAR; Р-7 Офис; Яндекс Браузер"
WS-ALR-1335;WS-ALR-1335;Михайлов Иван;Бухгалтерия и финансовый контроль;Windows 11 Pro;4;4;120;"1С:Предприятие 8.3; Google Chrome; WinRAR; КриптоПро CSP; Р-7 Офис"
WS-ALR-1336;WS-ALR-1336;Попова Светлана;Логистика, склады и снабжение;Windows 10 Pro;2;2;500;"1С:Предприятие 8.3; 7-Zip; Mozilla Firefox; МойОфис Стандартный"
WS-ALR-1337;WS-ALR-1337;Лебедев Иван;Логистика, склады и снабжение;Windows 11 Pro;2;4;500;"1С:Предприятие 8.3; SAP GUI; Total Commander; WinRAR; Р-7 Офис; Яндекс Браузер"
WS-ALR-1338;WS-ALR-1338;Смирнова Елена;Юридический департамент;Windows 7 Pro (legacy);2;8;120;"Mozilla Firefox; WinRAR; КриптоПро CSP; МойОфис Стандартный"
WS-ALR-1339;WS-ALR-1339;Волков Роман;Юридический департамент;Windows 10 Pro;6;16;240;"7-Zip; Adobe Acrobat Reader; Google Chrome; Microsoft Office 2019; Microsoft Outlook"
WS-ALR-1340;WS-ALR-1340;Павлова Мария;Бухгалтерия и финансовый контроль;Windows 7 Pro (legacy);4;8;500;"1С:Предприятие 8.3; Mozilla Firefox; WinRAR; КриптоПро CSP; Р-7 Офис"
WS-ALR-1341;WS-ALR-1341;Николаев Артем;Геологоразведочная партия;Windows 11 Pro;8;16;512;"Google Chrome; Microsoft Office 2019; Microsoft Outlook; SolidWorks; WinRAR"
WS-ALR-1342;WS-ALR-1342;Иванова Ирина;Отдел кадров и делопроизводства;Windows 7 Pro (legacy);6;2;240;"Mozilla Firefox; WinRAR; МойОфис Стандартный"
WS-ALR-1343;WS-ALR-1343;Иванова Екатерина;Логистика, склады и снабжение;Windows 10 Pro;4;8;120;"1С:Предприятие 8.3; Microsoft Office 2016; Microsoft Outlook; Mozilla Firefox; SAP GUI; Total Commander; WinRAR"
WS-ALR-1344;WS-ALR-1344;Михайлова Екатерина;Управление информационных технологий;Windows 10 Pro;6;8;120;"7-Zip; Google Chrome; Р-7 Офис"
WS-ALR-1345;WS-ALR-1345;Морозов Сергей;Логистика, склады и снабжение;Windows 11 Pro;2;8;500;"1С:Предприятие 8.3; Microsoft Office 2016; Microsoft Outlook; WinRAR; Яндекс Браузер"
WS-ALR-1346;WS-ALR-1346;Егорова Светлана;Бухгалтерия и финансовый контроль;Windows 10 Pro;4;8;120;"1С:Предприятие 8.3; Microsoft Office 2016; Mozilla Firefox; WinRAR; КриптоПро CSP"
WS-ALR-1347;WS-ALR-1347;Попова Анна;Управление информационных технологий;Windows 11 Pro;4;4;120;"Microsoft Office 2016; Microsoft Outlook; Mozilla Firefox; WinRAR"
WS-ALR-1348;WS-ALR-1348;Лебедева Елена;Управление информационных технологий;Windows 10 Pro;4;4;500;"7-Zip; Google Chrome; LibreOffice"
WS-ALR-1349;WS-ALR-1349;Кузнецов Алексей;Геологоразведочная партия;Windows 10 Pro;8;16;256;"7-Zip; Mozilla Firefox; МойОфис Стандартный"
WS-ALR-1350;WS-ALR-1350;Попов Иван;Служба главного механика;Windows 7 Pro (legacy);2;4;240;"1С:Предприятие 8.3; WinRAR; МойОфис Стандартный; Яндекс Браузер"
WS-ALR-1351;WS-ALR-1351;Михайлов Сергей;Управление информационных технологий;Windows 10 Pro;4;8;500;"7-Zip; Microsoft Office 2019; Microsoft Outlook; Mozilla Firefox"
WS-ALR-1352;WS-ALR-1352;Козлов Алексей;Служба главного механика;Windows 10 Pro;4;16;500;"1С:Предприятие 8.3; 7-Zip; LibreOffice; Яндекс Браузер"
WS-ALR-1353;WS-ALR-1353;Петров Михаил;Отдел кадров и делопроизводства;Windows 10 Pro;4;8;240;"Chromium-GOST; LibreOffice; WinRAR"
WS-ALR-1354;WS-ALR-1354;Козлов Алексей;Бухгалтерия и финансовый контроль;Windows 11 Pro;4;4;240;"1С:Предприятие 8.3; VipNet Client; WinRAR; КриптоПро CSP; Р-7 Офис; Яндекс Браузер"
WS-ALR-1355;WS-ALR-1355;Степанова Анна;Служба главного механика;Windows 10 Pro;4;4;240;"7-Zip; КОМПАС-3D; Р-7 Офис; Яндекс Браузер"
WS-ALR-1356;WS-ALR-1356;Николаев Иван;Геологоразведочная партия;Windows 10 Pro;6;16;1024;"Chromium-GOST; Microsoft Office 2016; Microsoft Outlook; WinRAR"
WS-ALR-1357;WS-ALR-1357;Новиков Дмитрий;Геологоразведочная партия;Windows 10 Pro;6;4;1024;"Microsoft Office 2019; Microsoft Outlook; WinRAR; КОМПАС-3D; Яндекс Браузер"
WS-ALR-1358;WS-ALR-1358;Михайлова Мария;Юридический департамент;Windows 11 Pro;4;4;500;"Adobe Acrobat Reader; Chromium-GOST; Microsoft Office 2016; Microsoft Outlook; WinRAR"
WS-ALR-1359;WS-ALR-1359;Петрова Анна;Логистика, склады и снабжение;Windows 7 Pro (legacy);2;4;500;"1С:Предприятие 8.3; Microsoft Office 2019; Microsoft Outlook; Mozilla Firefox; WinRAR"
WS-ALR-1360;WS-ALR-1360;Иванова Татьяна;Управление информационных технологий;Windows 10 Pro;4;4;120;"WinRAR; МойОфис Стандартный; Яндекс Браузер"
WS-ALR-1361;WS-ALR-1361;Алексеев Андрей;Логистика, склады и снабжение;Windows 7 Pro (legacy);4;2;240;"1С:Предприятие 8.3; Chromium-GOST; Total Commander; WinRAR; МойОфис Стандартный"
WS-ALR-1362;WS-ALR-1362;Новиков Максим;Отдел кадров и делопроизводства;Windows 10 Pro;4;8;500;"7-Zip; Chromium-GOST; Microsoft Office 2019; Microsoft Outlook"
WS-ALR-1363;WS-ALR-1363;Васильева Ирина;Бухгалтерия и финансовый контроль;Windows 7 Pro (legacy);4;16;240;"1С:Предприятие 8.3; SAP GUI; VipNet Client; WinRAR; МойОфис Стандартный; Яндекс Браузер"
WS-ALR-1364;WS-ALR-1364;Степанов Андрей;Бухгалтерия и финансовый контроль;Windows 10 Pro;6;8;120;"1С:Предприятие 8.3; 7-Zip; Google Chrome; LibreOffice; SAP GUI"
WS-ALR-1365;WS-ALR-1365;Иванова Татьяна;Юридический департамент;Windows 10 Pro;6;4;120;"Google Chrome; Microsoft Office 2016; Microsoft Outlook; SolidWorks; WinRAR; КриптоПро CSP"
WS-ALR-1366;WS-ALR-1366;Федоров Евгений;Бухгалтерия и финансовый контроль;Windows 10 Pro;4;8;500;"1С:Предприятие 8.3; VipNet Client; WinRAR; КриптоПро CSP; Р-7 Офис; Яндекс Браузер"
WS-ALR-1367;WS-ALR-1367;Лебедева Екатерина;Управление информационных технологий;Windows 10 Pro;2;8;500;"7-Zip; Microsoft Office 2019; Microsoft Outlook; Mozilla Firefox"
WS-ALR-1368;WS-ALR-1368;Степанова Мария;Служба главного механика;Windows 10 Pro;6;16;1024;"VLC Media Player; WinRAR; КОМПАС-3D; Р-7 Офис; Яндекс Браузер"
WS-ALR-1369;WS-ALR-1369;Лебедев Евгений;Юридический департамент;Windows 10 Pro;6;8;120;"7-Zip; Adobe Acrobat Reader; Google Chrome; Microsoft Office 2019"
WS-ALR-1370;WS-ALR-1370;Степанов Максим;Геологоразведочная партия;Windows 7 Pro (legacy);6;16;512;"Google Chrome; Microsoft Office 2016; WinRAR; КОМПАС-3D"
WS-ALR-1371;WS-ALR-1371;Попов Дмитрий;Служба главного механика;Windows 7 Pro (legacy);4;8;1024;"1С:Предприятие 8.3; 7-Zip; Chromium-GOST; Microsoft Office 2019; VLC Media Player"
WS-ALR-1372;WS-ALR-1372;Волков Дмитрий;Геологоразведочная партия;Windows 10 Pro;6;8;512;"1С:Предприятие 8.3; 7-Zip; Microsoft Office 2019; Microsoft Outlook; Яндекс Браузер"
WS-ALR-1373;WS-ALR-1373;Васильева Татьяна;Юридический департамент;Windows 10 Pro;4;4;240;"7-Zip; Adobe Acrobat Reader; Google Chrome; КриптоПро CSP; Р-7 Офис"
WS-ALR-1374;WS-ALR-1374;Федоров Михаил;Бухгалтерия и финансовый контроль;Windows 11 Pro;4;8;120;"1С:Предприятие 8.3; Microsoft Office 2019; WinRAR; Яндекс Браузер"
WS-ALR-1375;WS-ALR-1375;Лебедева Юлия;Геологоразведочная партия;Windows 11 Pro;6;16;512;"Mozilla Firefox; WinRAR; МойОфис Стандартный"
WS-ALR-1376;WS-ALR-1376;Семенова Ирина;Бухгалтерия и финансовый контроль;Windows 10 Pro;4;4;500;"1С:Предприятие 8.3; Microsoft Office 2019; Mozilla Firefox; WinRAR; КриптоПро CSP"
WS-ALR-1377;WS-ALR-1377;Волков Максим;Служба главного механика;Windows 10 Pro;4;8;500;"7-Zip; AutoCAD; Chromium-GOST; Microsoft Office 2019; Microsoft Outlook; VLC Media Player"
WS-ALR-1378;WS-ALR-1378;Николаева Юлия;Отдел кадров и делопроизводства;Windows 10 Pro;6;4;120;"7-Zip; Microsoft Office 2019; Microsoft Outlook; Mozilla Firefox"
WS-ALR-1379;WS-ALR-1379;Семенов Иван;Бухгалтерия и финансовый контроль;Windows 10 Pro;4;8;500;"1С:Предприятие 8.3; Mozilla Firefox; WinRAR; Р-7 Офис"
WS-ALR-1380;WS-ALR-1380;Новиков Иван;Бухгалтерия и финансовый контроль;Windows 10 Pro;2;8;240;"1С:Предприятие 8.3; Google Chrome; LibreOffice; WinRAR; КриптоПро CSP"
WS-ALR-1381;WS-ALR-1381;Павлова Екатерина;Геологоразведочная партия;Windows 11 Pro;6;32;512;"7-Zip; Chromium-GOST; Microsoft Office 2019; Microsoft Outlook"
WS-ALR-1382;WS-ALR-1382;Новиков Алексей;Служба главного механика;Windows 10 Pro;8;8;500;"7-Zip; AutoCAD; Google Chrome; Microsoft Office 2016; Microsoft Outlook; VLC Media Player"
WS-ALR-1383;WS-ALR-1383;Павлов Артем;Юридический департамент;Windows 10 Pro;4;4;240;"7-Zip; Google Chrome; Р-7 Офис"
WS-ALR-1384;WS-ALR-1384;Козлова Наталья;Управление информационных технологий;Windows 10 Pro;4;8;120;"Google Chrome; Microsoft Office 2019; Microsoft Outlook; WinRAR"
WS-ALR-1385;WS-ALR-1385;Михайлова Мария;Юридический департамент;Windows 10 Pro;4;8;240;"7-Zip; Adobe Acrobat Reader; Google Chrome; МойОфис Стандартный"
WS-ALR-1386;WS-ALR-1386;Морозова Наталья;Логистика, склады и снабжение;Windows 11 Pro;4;8;120;"1С:Предприятие 8.3; 7-Zip; Microsoft Office 2019; Microsoft Outlook; Яндекс Браузер"
WS-ALR-1387;WS-ALR-1387;Егорова Юлия;Служба главного механика;Windows 10 Pro;6;16;240;"AutoCAD; Microsoft Office 2019; Microsoft Outlook; Mozilla Firefox; WinRAR"
WS-ALR-1388;WS-ALR-1388;Егоров Иван;Логистика, склады и снабжение;Windows 10 Pro;2;2;500;"1С:Предприятие 8.3; 7-Zip; Microsoft Office 2019; Mozilla Firefox; Total Commander"
WS-ALR-1389;WS-ALR-1389;Николаев Сергей;Геологоразведочная партия;Windows 11 Pro;8;16;256;"AutoCAD; Google Chrome; Microsoft Office 2016; Microsoft Outlook; WinRAR; КОМПАС-3D"
WS-ALR-1390;WS-ALR-1390;Николаев Евгений;Геологоразведочная партия;Windows 10 Pro;4;32;256;"7-Zip; Google Chrome; МойОфис Стандартный"
WS-ALR-1391;WS-ALR-1391;Алексеев Сергей;Логистика, склады и снабжение;Windows 7 Pro (legacy);2;4;500;"1С:Предприятие 8.3; SAP GUI; Total Commander; WinRAR; Р-7 Офис; Яндекс Браузер"
WS-ALR-1392;WS-ALR-1392;Новикова Ольга;Бухгалтерия и финансовый контроль;Windows 10 Pro;2;4;500;"1С:Предприятие 8.3; Chromium-GOST; Microsoft Office 2016; Microsoft Outlook; WinRAR"
WS-ALR-1393;WS-ALR-1393;Михайлова Елена;Служба главного механика;Windows 10 Pro;4;16;1024;"1С:Предприятие 8.3; Microsoft Office 2019; Mozilla Firefox; WinRAR"
WS-ALR-1394;WS-ALR-1394;Павлова Екатерина;Бухгалтерия и финансовый контроль;Windows 10 Pro;2;8;500;"1С:Предприятие 8.3; LibreOffice; WinRAR; КриптоПро CSP; Яндекс Браузер"
WS-ALR-1395;WS-ALR-1395;Семенов Евгений;Геологоразведочная партия;Windows 10 Pro;4;16;256;"7-Zip; Microsoft Office 2019; Яндекс Браузер"
WS-ALR-1396;WS-ALR-1396;Соколов Михаил;Отдел кадров и делопроизводства;Windows 10 Pro;4;8;500;"7-Zip; Mozilla Firefox; Р-7 Офис"
WS-ALR-1397;WS-ALR-1397;Васильев Андрей;Управление информационных технологий;Windows 11 Pro;6;16;500;"7-Zip; Mozilla Firefox; Р-7 Офис"
WS-ALR-1398;WS-ALR-1398;Соколова Екатерина;Управление информационных технологий;Windows 10 Pro;4;16;500;"7-Zip; МойОфис Стандартный; Яндекс Браузер"
WS-ALR-1399;WS-ALR-1399;Иванов Андрей;Служба главного механика;Windows 7 Pro (legacy);4;8;240;"7-Zip; Microsoft Office 2016; Microsoft Outlook; VLC Media Player; КОМПАС-3D; Яндекс Браузер"
WS-ALR-1400;WS-ALR-1400;Николаева Светлана;Логистика, склады и снабжение;Windows 10 Pro;2;8;500;"1С:Предприятие 8.3; Mozilla Firefox; WinRAR; МойОфис Стандартный"
WS-ALR-1401;WS-ALR-1401;Кузнецова Анна;Бухгалтерия и финансовый контроль;Windows 10 Pro;6;4;120;"1С:Предприятие 8.3; Google Chrome; Microsoft Office 2016; SAP GUI; WinRAR; КриптоПро CSP"
WS-ALR-1402;WS-ALR-1402;Козлова Татьяна;Геологоразведочная партия;Windows 10 Pro;4;16;512;"AutoCAD; Microsoft Office 2019; Mozilla Firefox; WinRAR"
WS-ALR-1403;WS-ALR-1403;Петрова Анна;Управление информационных технологий;Windows 10 Pro;4;2;240;"Google Chrome; WinRAR; Р-7 Офис"
WS-ALR-1404;WS-ALR-1404;Смирнов Алексей;Логистика, склады и снабжение;Windows 10 Pro;4;4;500;"1С:Предприятие 8.3; Mozilla Firefox; SAP GUI; WinRAR; МойОфис Стандартный"
WS-ALR-1405;WS-ALR-1405;Федорова Ольга;Служба главного механика;Windows 10 Pro;6;16;1024;"Chromium-GOST; WinRAR; КОМПАС-3D; МойОфис Стандартный"
WS-ALR-1406;WS-ALR-1406;Новикова Екатерина;Юридический департамент;Windows 10 Pro;4;8;500;"Adobe Acrobat Reader; Microsoft Office 2019; WinRAR; КриптоПро CSP; Яндекс Браузер"
WS-ALR-1407;WS-ALR-1407;Степанова Мария;Служба главного механика;Windows 10 Pro;4;16;500;"7-Zip; Mozilla Firefox; КОМПАС-3D; Р-7 Офис"
WS-ALR-1408;WS-ALR-1408;Попова Екатерина;Служба главного механика;Windows 10 Pro;8;8;1024;"7-Zip; AutoCAD; Mozilla Firefox; Р-7 Офис"
WS-ALR-1409;WS-ALR-1409;Кузнецова Наталья;Служба главного механика;Windows 11 Pro;6;16;240;"7-Zip; AutoCAD; Chromium-GOST; МойОфис Стандартный"
WS-ALR-1410;WS-ALR-1410;Семенова Ольга;Бухгалтерия и финансовый контроль;Windows 7 Pro (legacy);4;8;500;"1С:Предприятие 8.3; Chromium-GOST; SAP GUI; WinRAR; МойОфис Стандартный"
WS-ALR-1411;WS-ALR-1411;Волкова Екатерина;Служба главного механика;Windows 10 Pro;8;32;500;"1С:Предприятие 8.3; Google Chrome; VLC Media Player; WinRAR; Р-7 Офис"
WS-ALR-1412;WS-ALR-1412;Кузнецов Роман;Бухгалтерия и финансовый контроль;Windows 10 Pro;2;8;240;"1С:Предприятие 8.3; 7-Zip; Microsoft Office 2019; Microsoft Outlook; Mozilla Firefox"
WS-ALR-1413;WS-ALR-1413;Степанова Юлия;Логистика, склады и снабжение;Windows 10 Pro;2;4;240;"1С:Предприятие 8.3; 7-Zip; Chromium-GOST; Total Commander; МойОфис Стандартный"
WS-ALR-1414;WS-ALR-1414;Смирнова Наталья;Управление информационных технологий;Windows 10 Pro;4;8;240;"Google Chrome; Microsoft Office 2019; Microsoft Outlook; WinRAR"
WS-ALR-1415;WS-ALR-1415;Волков Роман;Геологоразведочная партия;Windows 10 Pro;8;16;512;"7-Zip; Mozilla Firefox; КОМПАС-3D; МойОфис Стандартный"
WS-ALR-1416;WS-ALR-1416;Степанов Алексей;Юридический департамент;Windows 10 Pro;4;2;120;"7-Zip; Microsoft Office 2019; Mozilla Firefox; КриптоПро CSP"
WS-ALR-1417;WS-ALR-1417;Новиков Михаил;Отдел кадров и делопроизводства;Windows 10 Pro;4;8;120;"Chromium-GOST; Microsoft Office 2019; WinRAR"
WS-ALR-1418;WS-ALR-1418;Кузнецов Дмитрий;Юридический департамент;Windows 10 Pro;4;8;500;"7-Zip; Adobe Acrobat Reader; Chromium-GOST; Microsoft Office 2016; КриптоПро CSP"
WS-ALR-1419;WS-ALR-1419;Волкова Мария;Логистика, склады и снабжение;Windows 10 Pro;2;2;240;"1С:Предприятие 8.3; 7-Zip; Total Commander; МойОфис Стандартный; Яндекс Браузер"
WS-ALR-1420;WS-ALR-1420;Попова Наталья;Геологоразведочная партия;Windows 11 Pro;6;32;512;"1С:Предприятие 8.3; Chromium-GOST; WinRAR; МойОфис Стандартный"
WS-ALR-1421;WS-ALR-1421;Смирнова Наталья;Бухгалтерия и финансовый контроль;Windows 7 Pro (legacy);2;8;120;"1С:Предприятие 8.3; SAP GUI; WinRAR; КриптоПро CSP; МойОфис Стандартный; Яндекс Браузер"
WS-ALR-1422;WS-ALR-1422;Кузнецов Евгений;Служба главного механика;Windows 10 Pro;4;16;500;"Google Chrome; WinRAR; КОМПАС-3D; МойОфис Стандартный"
WS-ALR-1423;WS-ALR-1423;Степанова Татьяна;Отдел кадров и делопроизводства;Windows 10 Pro;2;8;240;"7-Zip; Google Chrome; Microsoft Office 2016; Microsoft Outlook"
WS-ALR-1424;WS-ALR-1424;Лебедев Андрей;Служба главного механика;Windows 10 Pro;2;16;1024;"AutoCAD; Chromium-GOST; WinRAR; МойОфис Стандартный"
WS-ALR-1425;WS-ALR-1425;Смирнов Сергей;Геологоразведочная партия;Windows 11 Pro;2;8;512;"7-Zip; Microsoft Office 2016; Microsoft Outlook; Mozilla Firefox; КОМПАС-3D"
WS-ALR-1426;WS-ALR-1426;Семенова Ольга;Управление информационных технологий;Windows 10 Pro;4;4;120;"7-Zip; Google Chrome; Р-7 Офис"
WS-ALR-1427;WS-ALR-1427;Козлов Евгений;Бухгалтерия и финансовый контроль;Windows 10 Pro;4;8;240;"1С:Предприятие 8.3; 7-Zip; Chromium-GOST; LibreOffice"
WS-ALR-1428;WS-ALR-1428;Федорова Мария;Логистика, склады и снабжение;Windows 10 Pro;2;16;120;"1С:Предприятие 8.3; Mozilla Firefox; SAP GUI; Total Commander; WinRAR; Р-7 Офис"
WS-ALR-1429;WS-ALR-1429;Семенова Наталья;Логистика, склады и снабжение;Windows 10 Pro;4;8;240;"1С:Предприятие 8.3; Google Chrome; Microsoft Office 2016; Microsoft Outlook; Total Commander; WinRAR"
WS-ALR-1430;WS-ALR-1430;Иванов Иван;Отдел кадров и делопроизводства;Windows 10 Pro;4;8;240;"7-Zip; Google Chrome; МойОфис Стандартный"
WS-ALR-1431;WS-ALR-1431;Иванов Роман;Геологоразведочная партия;Windows 10 Pro;6;16;256;"7-Zip; LibreOffice; Яндекс Браузер"
WS-ALR-1432;WS-ALR-1432;Васильев Алексей;Геологоразведочная партия;Windows 7 Pro (legacy);4;16;512;"7-Zip; Microsoft Office 2016; Microsoft Outlook; Mozilla Firefox"
WS-ALR-1433;WS-ALR-1433;Новикова Елена;Логистика, склады и снабжение;Windows 7 Pro (legacy);2;8;120;"1С:Предприятие 8.3; 7-Zip; Microsoft Office 2016; Microsoft Outlook; Яндекс Браузер"
WS-ALR-1434;WS-ALR-1434;Смирнова Ольга;Служба главного механика;Windows 7 Pro (legacy);6;4;1024;"7-Zip; AutoCAD; Р-7 Офис; Яндекс Браузер"
WS-ALR-1435;WS-ALR-1435;Степанова Ольга;Бухгалтерия и финансовый контроль;Windows 10 Pro;4;4;500;"1С:Предприятие 8.3; 7-Zip; Google Chrome; SAP GUI; КриптоПро CSP; Р-7 Офис"
WS-ALR-1436;WS-ALR-1436;Васильев Артем;Управление информационных технологий;Windows 11 Pro;4;8;240;"7-Zip; Google Chrome; Microsoft Office 2019"
WS-ALR-1437;WS-ALR-1437;Иванов Дмитрий;Служба главного механика;Windows 10 Pro;4;32;1024;"Chromium-GOST; Microsoft Office 2019; Microsoft Outlook; WinRAR; КОМПАС-3D"
WS-ALR-1438;WS-ALR-1438;Васильева Ольга;Бухгалтерия и финансовый контроль;Windows 7 Pro (legacy);4;16;240;"1С:Предприятие 8.3; WinRAR; КриптоПро CSP; МойОфис Стандартный; Яндекс Браузер"
WS-ALR-1439;WS-ALR-1439;Николаева Елена;Бухгалтерия и финансовый контроль;Windows 10 Pro;2;8;500;"1С:Предприятие 8.3; Google Chrome; Microsoft Office 2019; Microsoft Outlook; WinRAR; КриптоПро CSP"
WS-ALR-1440;WS-ALR-1440;Смирнов Сергей;Отдел кадров и делопроизводства;Windows 10 Pro;6;4;500;"7-Zip; Р-7 Офис; Яндекс Браузер"
WS-ALR-1441;WS-ALR-1441;Смирнова Мария;Логистика, склады и снабжение;Windows 10 Pro;2;2;240;"1С:Предприятие 8.3; Mozilla Firefox; Total Commander; WinRAR; МойОфис Стандартный"
WS-ALR-1442;WS-ALR-1442;Васильев Евгений;Геологоразведочная партия;Windows 10 Pro;8;16;1024;"Chromium-GOST; WinRAR; Р-7 Офис"
WS-ALR-1443;WS-ALR-1443;Егорова Анна;Служба главного механика;Windows 10 Pro;6;8;240;"AutoCAD; Google Chrome; WinRAR; МойОфис Стандартный"
WS-ALR-1444;WS-ALR-1444;Соколова Ирина;Логистика, склады и снабжение;Windows 10 Pro;2;16;120;"1С:Предприятие 8.3; 7-Zip; Mozilla Firefox; Total Commander; МойОфис Стандартный"
WS-ALR-1445;WS-ALR-1445;Степанов Иван;Бухгалтерия и финансовый контроль;Windows 11 Pro;2;8;120;"1С:Предприятие 8.3; Google Chrome; Microsoft Office 2019; Microsoft Outlook; SAP GUI; VipNet Client; WinRAR"
WS-ALR-1446;WS-ALR-1446;Смирнова Татьяна;Служба главного механика;Windows 10 Pro;2;8;1024;"AutoCAD; Mozilla Firefox; WinRAR; МойОфис Стандартный"
WS-ALR-1447;WS-ALR-1447;Семенова Анна;Бухгалтерия и финансовый контроль;Windows 7 Pro (legacy);2;4;120;"1С:Предприятие 8.3; Google Chrome; LibreOffice; WinRAR"
WS-ALR-1448;WS-ALR-1448;Козлова Мария;Отдел кадров и делопроизводства;Windows 10 Pro;4;8;120;"7-Zip; Microsoft Office 2016; Microsoft Outlook; Яндекс Браузер"
WS-ALR-1449;WS-ALR-1449;Алексеев Иван;Служба главного механика;Windows 10 Pro;8;4;240;"7-Zip; AutoCAD; Microsoft Office 2019; Mozilla Firefox"
WS-ALR-1450;WS-ALR-1450;Новиков Сергей;Служба главного механика;Windows 10 Pro;4;8;240;"1С:Предприятие 8.3; 7-Zip; Chromium-GOST; Microsoft Office 2019; Microsoft Outlook"
WS-ALR-1451;WS-ALR-1451;Иванова Мария;Геологоразведочная партия;Windows 10 Pro;6;8;256;"1С:Предприятие 8.3; 7-Zip; МойОфис Стандартный; Яндекс Браузер"
WS-ALR-1452;WS-ALR-1452;Иванова Ирина;Логистика, склады и снабжение;Windows 10 Pro;2;8;240;"1С:Предприятие 8.3; 7-Zip; SAP GUI; Total Commander; Р-7 Офис; Яндекс Браузер"
WS-ALR-1453;WS-ALR-1453;Степанов Сергей;Юридический департамент;Windows 7 Pro (legacy);4;8;240;"7-Zip; Adobe Acrobat Reader; Microsoft Office 2016; Microsoft Outlook; Mozilla Firefox; SolidWorks"
WS-ALR-1454;WS-ALR-1454;Михайлова Елена;Служба главного механика;Windows 10 Pro;6;8;1024;"7-Zip; AutoCAD; Chromium-GOST; Р-7 Офис"
WS-ALR-1455;WS-ALR-1455;Егорова Екатерина;Бухгалтерия и финансовый контроль;Windows 10 Pro;4;8;240;"1С:Предприятие 8.3; Google Chrome; Microsoft Office 2019; VipNet Client; WinRAR"
WS-ALR-1456;WS-ALR-1456;Смирнов Алексей;Юридический департамент;Windows 10 Pro;2;4;240;"7-Zip; Adobe Acrobat Reader; Chromium-GOST; SolidWorks; МойОфис Стандартный"
WS-ALR-1457;WS-ALR-1457;Соколов Евгений;Бухгалтерия и финансовый контроль;Windows 10 Pro;6;8;500;"1С:Предприятие 8.3; 7-Zip; Р-7 Офис; Яндекс Браузер"
WS-ALR-1458;WS-ALR-1458;Васильев Алексей;Отдел кадров и делопроизводства;Windows 10 Pro;4;8;120;"7-Zip; LibreOffice; Яндекс Браузер"
WS-ALR-1459;WS-ALR-1459;Михайлов Михаил;Юридический департамент;Windows 10 Pro;2;8;240;"Adobe Acrobat Reader; Microsoft Office 2019; Microsoft Outlook; Mozilla Firefox; WinRAR"
WS-ALR-1460;WS-ALR-1460;Павлов Михаил;Геологоразведочная партия;Windows 10 Pro;4;8;256;"AutoCAD; Mozilla Firefox; WinRAR; КОМПАС-3D; Р-7 Офис"
WS-ALR-1461;WS-ALR-1461;Семенова Наталья;Отдел кадров и делопроизводства;Windows 10 Pro;4;8;500;"7-Zip; МойОфис Стандартный; Яндекс Браузер"
WS-ALR-1462;WS-ALR-1462;Петров Алексей;Управление информационных технологий;Windows 11 Pro;2;16;500;"WinRAR; МойОфис Стандартный; Яндекс Браузер"
WS-ALR-1463;WS-ALR-1463;Петров Дмитрий;Юридический департамент;Windows 10 Pro;6;8;120;"7-Zip; МойОфис Стандартный; Яндекс Браузер"
WS-ALR-1464;WS-ALR-1464;Алексеева Анна;Отдел кадров и делопроизводства;Windows 10 Pro;4;4;120;"WinRAR; Р-7 Офис; Яндекс Браузер"
WS-ALR-1465;WS-ALR-1465;Алексеева Ольга;Геологоразведочная партия;Windows 10 Pro;6;16;512;"1С:Предприятие 8.3; LibreOffice; Mozilla Firefox; WinRAR; КОМПАС-3D"
WS-ALR-1466;WS-ALR-1466;Кузнецов Михаил;Логистика, склады и снабжение;Windows 10 Pro;4;4;240;"1С:Предприятие 8.3; 7-Zip; Google Chrome; SAP GUI; Р-7 Офис"
WS-ALR-1467;WS-ALR-1467;Семенов Дмитрий;Служба главного механика;Windows 10 Pro;4;32;240;"7-Zip; AutoCAD; Google Chrome; Microsoft Office 2016; Microsoft Outlook"
WS-ALR-1468;WS-ALR-1468;Семенов Иван;Логистика, склады и снабжение;Windows 10 Pro;4;2;240;"1С:Предприятие 8.3; Chromium-GOST; Microsoft Office 2019; Microsoft Outlook; SAP GUI; Total Commander; WinRAR"
WS-ALR-1469;WS-ALR-1469;Васильева Татьяна;Служба главного механика;Windows 11 Pro;6;32;1024;"Google Chrome; Microsoft Office 2016; Microsoft Outlook; WinRAR; КОМПАС-3D"
WS-ALR-1470;WS-ALR-1470;Козлов Дмитрий;Бухгалтерия и финансовый контроль;Windows 10 Pro;6;8;500;"1С:Предприятие 8.3; WinRAR; КриптоПро CSP; МойОфис Стандартный; Яндекс Браузер"
WS-ALR-1471;WS-ALR-1471;Степанова Юлия;Управление информационных технологий;Windows 7 Pro (legacy);4;8;120;"7-Zip; Google Chrome; Microsoft Office 2019"
WS-ALR-1472;WS-ALR-1472;Семенов Роман;Управление информационных технологий;Windows 10 Pro;2;16;240;"WinRAR; Р-7 Офис; Яндекс Браузер"
WS-ALR-1473;WS-ALR-1473;Соколов Евгений;Юридический департамент;Windows 10 Pro;2;16;500;"7-Zip; Chromium-GOST; МойОфис Стандартный"
WS-ALR-1474;WS-ALR-1474;Новикова Ольга;Бухгалтерия и финансовый контроль;Windows 11 Pro;4;8;500;"1С:Предприятие 8.3; Mozilla Firefox; WinRAR; Р-7 Офис"
WS-ALR-1475;WS-ALR-1475;Морозов Евгений;Бухгалтерия и финансовый контроль;Windows 11 Pro;4;16;120;"1С:Предприятие 8.3; Microsoft Office 2016; Mozilla Firefox; WinRAR; КриптоПро CSP"
WS-ALR-1476;WS-ALR-1476;Кузнецова Анна;Отдел кадров и делопроизводства;Windows 10 Pro;6;8;120;"7-Zip; Р-7 Офис; Яндекс Браузер"
WS-ALR-1477;WS-ALR-1477;Иванова Мария;Геологоразведочная партия;Windows 10 Pro;8;16;1024;"7-Zip; AutoCAD; Google Chrome; Microsoft Office 2019; Microsoft Outlook; КОМПАС-3D"
WS-ALR-1478;WS-ALR-1478;Федорова Анна;Отдел кадров и делопроизводства;Windows 10 Pro;2;8;120;"Microsoft Office 2019; Microsoft Outlook; WinRAR; Яндекс Браузер"
WS-ALR-1479;WS-ALR-1479;Попова Екатерина;Управление информационных технологий;Windows 10 Pro;4;4;240;"Microsoft Office 2016; Microsoft Outlook; WinRAR; Яндекс Браузер"
WS-ALR-1480;WS-ALR-1480;Лебедев Иван;Отдел кадров и делопроизводства;Windows 10 Pro;4;8;240;"7-Zip; Google Chrome; Microsoft Office 2016; Microsoft Outlook"
WS-ALR-1481;WS-ALR-1481;Семенов Максим;Логистика, склады и снабжение;Windows 7 Pro (legacy);4;4;500;"1С:Предприятие 8.3; 7-Zip; Total Commander; Р-7 Офис; Яндекс Браузер"
WS-ALR-1482;WS-ALR-1482;Петрова Ольга;Отдел кадров и делопроизводства;Windows 10 Pro;2;4;240;"7-Zip; Microsoft Office 2019; Microsoft Outlook; Mozilla Firefox"
WS-ALR-1483;WS-ALR-1483;Волков Артем;Служба главного механика;Windows 10 Pro;6;16;1024;"Chromium-GOST; Microsoft Office 2019; Microsoft Outlook; VLC Media Player; WinRAR; КОМПАС-3D"
WS-ALR-1484;WS-ALR-1484;Смирнова Ирина;Бухгалтерия и финансовый контроль;Windows 10 Pro;2;4;120;"1С:Предприятие 8.3; Microsoft Office 2019; VipNet Client; WinRAR; Яндекс Браузер"
WS-ALR-1485;WS-ALR-1485;Лебедева Екатерина;Отдел кадров и делопроизводства;Windows 10 Pro;4;8;120;"Chromium-GOST; WinRAR; МойОфис Стандартный"
WS-ALR-1486;WS-ALR-1486;Смирнов Дмитрий;Служба главного механика;Windows 10 Pro;6;32;500;"1С:Предприятие 8.3; Chromium-GOST; Microsoft Office 2019; Microsoft Outlook; WinRAR"
WS-ALR-1487;WS-ALR-1487;Смирнов Дмитрий;Отдел кадров и делопроизводства;Windows 10 Pro;2;2;500;"7-Zip; Chromium-GOST; МойОфис Стандартный"
WS-ALR-1488;WS-ALR-1488;Соколова Наталья;Служба главного механика;Windows 10 Pro;2;8;500;"7-Zip; AutoCAD; Chromium-GOST; Microsoft Office 2019; Microsoft Outlook"
WS-ALR-1489;WS-ALR-1489;Петрова Ирина;Отдел кадров и делопроизводства;Windows 10 Pro;2;16;120;"Mozilla Firefox; WinRAR; Р-7 Офис"
WS-ALR-1490;WS-ALR-1490;Петрова Анна;Управление информационных технологий;Windows 11 Pro;2;16;500;"Chromium-GOST; Microsoft Office 2019; Microsoft Outlook; WinRAR"
WS-ALR-1491;WS-ALR-1491;Волкова Юлия;Отдел кадров и делопроизводства;Windows 10 Pro;4;8;500;"7-Zip; Chromium-GOST; МойОфис Стандартный"
WS-ALR-1492;WS-ALR-1492;Михайлова Наталья;Служба главного механика;Windows 11 Pro;4;16;1024;"1С:Предприятие 8.3; 7-Zip; Chromium-GOST; МойОфис Стандартный"
WS-ALR-1493;WS-ALR-1493;Волков Максим;Бухгалтерия и финансовый контроль;Windows 7 Pro (legacy);2;4;240;"1С:Предприятие 8.3; LibreOffice; SAP GUI; VipNet Client; WinRAR; КриптоПро CSP; Яндекс Браузер"
WS-ALR-1494;WS-ALR-1494;Павлов Дмитрий;Логистика, склады и снабжение;Windows 10 Pro;4;2;120;"1С:Предприятие 8.3; 7-Zip; Chromium-GOST; SAP GUI; Р-7 Офис"
WS-ALR-1495;WS-ALR-1495;Волков Андрей;Управление информационных технологий;Windows 10 Pro;6;8;500;"7-Zip; Chromium-GOST; Microsoft Office 2016"
WS-ALR-1496;WS-ALR-1496;Новикова Татьяна;Юридический департамент;Windows 7 Pro (legacy);4;8;240;"7-Zip; Adobe Acrobat Reader; Mozilla Firefox; Р-7 Офис"
WS-ALR-1497;WS-ALR-1497;Васильев Артем;Геологоразведочная партия;Windows 11 Pro;4;8;1024;"7-Zip; Microsoft Office 2019; Microsoft Outlook; КОМПАС-3D; Яндекс Браузер"
WS-ALR-1498;WS-ALR-1498;Васильева Екатерина;Логистика, склады и снабжение;Windows 11 Pro;4;8;500;"1С:Предприятие 8.3; 7-Zip; Chromium-GOST; Microsoft Office 2016; Microsoft Outlook; SAP GUI; Total Commander"
WS-ALR-1499;WS-ALR-1499;Соколова Елена;Бухгалтерия и финансовый контроль;Windows 10 Pro;2;8;240;"1С:Предприятие 8.3; Chromium-GOST; Microsoft Office 2019; Microsoft Outlook; SAP GUI; VipNet Client; WinRAR"
WS-ALR-1500;WS-ALR-1500;Новикова Ирина;Юридический департамент;Windows 10 Pro;2;4;240;"7-Zip; Adobe Acrobat Reader; Google Chrome; Microsoft Office 2019"
WS-ALR-1501;WS-ALR-1501;Михайлов Сергей;Отдел кадров и делопроизводства;Windows 11 Pro;2;8;500;"Microsoft Office 2016; Microsoft Outlook; WinRAR; Яндекс Браузер"
WS-ALR-1502;WS-ALR-1502;Волкова Ирина;Бухгалтерия и финансовый контроль;Windows 10 Pro;4;8;240;"1С:Предприятие 8.3; 7-Zip; Mozilla Firefox; VipNet Client; КриптоПро CSP; Р-7 Офис"
WS-ALR-1503;WS-ALR-1503;Волков Сергей;Логистика, склады и снабжение;Windows 10 Pro;4;2;240;"1С:Предприятие 8.3; 7-Zip; Microsoft Office 2016; Яндекс Браузер"
WS-ALR-1504;WS-ALR-1504;Степанов Сергей;Геологоразведочная партия;Windows 11 Pro;6;16;256;"AutoCAD; Google Chrome; WinRAR; КОМПАС-3D; Р-7 Офис"
WS-ALR-1505;WS-ALR-1505;Новиков Алексей;Отдел кадров и делопроизводства;Windows 10 Pro;6;4;500;"7-Zip; Microsoft Office 2016; Яндекс Браузер"
WS-ALR-1506;WS-ALR-1506;Васильев Сергей;Служба главного механика;Windows 10 Pro;8;8;1024;"Chromium-GOST; Microsoft Office 2019; WinRAR; КОМПАС-3D"
WS-ALR-1507;WS-ALR-1507;Степанов Дмитрий;Управление информационных технологий;Windows 10 Pro;4;16;120;"Chromium-GOST; WinRAR; Р-7 Офис"
WS-ALR-1508;WS-ALR-1508;Николаев Сергей;Логистика, склады и снабжение;Windows 10 Pro;2;16;240;"1С:Предприятие 8.3; 7-Zip; Mozilla Firefox; Р-7 Офис"
WS-ALR-1509;WS-ALR-1509;Егорова Юлия;Управление информационных технологий;Windows 10 Pro;4;8;120;"Chromium-GOST; WinRAR; МойОфис Стандартный"
WS-ALR-1510;WS-ALR-1510;Морозова Анна;Служба главного механика;Windows 10 Pro;2;8;1024;"7-Zip; AutoCAD; Google Chrome; VLC Media Player; МойОфис Стандартный"
WS-ALR-1511;WS-ALR-1511;Иванова Ольга;Служба главного механика;Windows 11 Pro;4;16;500;"1С:Предприятие 8.3; Google Chrome; Microsoft Office 2016; Microsoft Outlook; WinRAR"
WS-ALR-1512;WS-ALR-1512;Васильев Алексей;Юридический департамент;Windows 10 Pro;4;8;240;"Adobe Acrobat Reader; Google Chrome; WinRAR; Р-7 Офис"
WS-ALR-1513;WS-ALR-1513;Федорова Наталья;Служба главного механика;Windows 10 Pro;2;16;240;"1С:Предприятие 8.3; Mozilla Firefox; VLC Media Player; WinRAR; Р-7 Офис"
WS-ALR-1514;WS-ALR-1514;Лебедев Алексей;Бухгалтерия и финансовый контроль;Windows 10 Pro;4;4;120;"1С:Предприятие 8.3; 7-Zip; Mozilla Firefox; МойОфис Стандартный"
WS-ALR-1515;WS-ALR-1515;Семенова Наталья;Бухгалтерия и финансовый контроль;Windows 10 Pro;4;4;500;"1С:Предприятие 8.3; 7-Zip; Google Chrome; Microsoft Office 2016; Microsoft Outlook; VipNet Client; КриптоПро CSP"
WS-ALR-1516;WS-ALR-1516;Петров Алексей;Логистика, склады и снабжение;Windows 7 Pro (legacy);2;4;500;"1С:Предприятие 8.3; Chromium-GOST; SAP GUI; Total Commander; WinRAR; Р-7 Офис"
WS-ALR-1517;WS-ALR-1517;Николаева Елена;Отдел кадров и делопроизводства;Windows 10 Pro;4;4;500;"Google Chrome; WinRAR; Р-7 Офис"
WS-ALR-1518;WS-ALR-1518;Михайлова Татьяна;Логистика, склады и снабжение;Windows 11 Pro;2;4;240;"1С:Предприятие 8.3; 7-Zip; Google Chrome; SAP GUI; Total Commander; Р-7 Офис"
WS-ALR-1519;WS-ALR-1519;Попова Юлия;Служба главного механика;Windows 10 Pro;8;8;1024;"7-Zip; AutoCAD; Chromium-GOST; Microsoft Office 2019"
WS-ALR-1520;WS-ALR-1520;Новикова Екатерина;Управление информационных технологий;Windows 10 Pro;4;8;500;"7-Zip; Chromium-GOST; МойОфис Стандартный"
WS-ALR-1521;WS-ALR-1521;Лебедева Светлана;Юридический департамент;Windows 11 Pro;4;4;500;"Chromium-GOST; WinRAR; КриптоПро CSP; МойОфис Стандартный"
WS-ALR-1522;WS-ALR-1522;Васильева Наталья;Бухгалтерия и финансовый контроль;Windows 10 Pro;2;4;240;"1С:Предприятие 8.3; WinRAR; Р-7 Офис; Яндекс Браузер"
WS-ALR-1523;WS-ALR-1523;Волкова Татьяна;Служба главного механика;Windows 10 Pro;6;8;240;"7-Zip; AutoCAD; Chromium-GOST; VLC Media Player; МойОфис Стандартный"
WS-ALR-1524;WS-ALR-1524;Алексеев Роман;Логистика, склады и снабжение;Windows 10 Pro;2;8;500;"1С:Предприятие 8.3; 7-Zip; Chromium-GOST; Microsoft Office 2019; Microsoft Outlook; Total Commander"
WS-ALR-1525;WS-ALR-1525;Соколов Андрей;Бухгалтерия и финансовый контроль;Windows 7 Pro (legacy);4;8;240;"1С:Предприятие 8.3; Google Chrome; WinRAR; КриптоПро CSP; МойОфис Стандартный"
WS-ALR-1526;WS-ALR-1526;Лебедева Мария;Управление информационных технологий;Windows 10 Pro;2;16;500;"7-Zip; Chromium-GOST; МойОфис Стандартный"
WS-ALR-1527;WS-ALR-1527;Соколов Роман;Юридический департамент;Windows 10 Pro;4;4;240;"7-Zip; Adobe Acrobat Reader; Chromium-GOST; SolidWorks; МойОфис Стандартный"
WS-ALR-1528;WS-ALR-1528;Соколов Иван;Управление информационных технологий;Windows 10 Pro;2;8;500;"7-Zip; Chromium-GOST; Microsoft Office 2019; Microsoft Outlook"
WS-ALR-1529;WS-ALR-1529;Новиков Иван;Управление информационных технологий;Windows 10 Pro;4;8;120;"7-Zip; Google Chrome; Microsoft Office 2016"
WS-ALR-1530;WS-ALR-1530;Козлова Анна;Бухгалтерия и финансовый контроль;Windows 11 Pro;2;8;500;"1С:Предприятие 8.3; 7-Zip; Google Chrome; Microsoft Office 2016; Microsoft Outlook"
WS-ALR-1531;WS-ALR-1531;Егоров Сергей;Отдел кадров и делопроизводства;Windows 10 Pro;4;8;240;"7-Zip; Google Chrome; LibreOffice"
WS-ALR-1532;WS-ALR-1532;Смирнова Елена;Геологоразведочная партия;Windows 10 Pro;6;8;512;"7-Zip; МойОфис Стандартный; Яндекс Браузер"
WS-ALR-1533;WS-ALR-1533;Морозова Наталья;Геологоразведочная партия;Windows 10 Pro;6;16;256;"1С:Предприятие 8.3; 7-Zip; Chromium-GOST; МойОфис Стандартный"
WS-ALR-1534;WS-ALR-1534;Морозов Михаил;Геологоразведочная партия;Windows 11 Pro;8;16;256;"7-Zip; Chromium-GOST; SolidWorks; МойОфис Стандартный"
WS-ALR-1535;WS-ALR-1535;Лебедев Андрей;Управление информационных технологий;Windows 10 Pro;4;8;120;"Mozilla Firefox; WinRAR; МойОфис Стандартный"
WS-ALR-1536;WS-ALR-1536;Волкова Юлия;Геологоразведочная партия;Windows 7 Pro (legacy);4;16;1024;"7-Zip; AutoCAD; КОМПАС-3D; МойОфис Стандартный; Яндекс Браузер"
WS-ALR-1537;WS-ALR-1537;Козлова Екатерина;Бухгалтерия и финансовый контроль;Windows 10 Pro;4;8;120;"1С:Предприятие 8.3; 7-Zip; Chromium-GOST; МойОфис Стандартный"
WS-ALR-1538;WS-ALR-1538;Семенов Роман;Отдел кадров и делопроизводства;Windows 10 Pro;6;4;500;"7-Zip; Р-7 Офис; Яндекс Браузер"
WS-ALR-1539;WS-ALR-1539;Васильев Иван;Отдел кадров и делопроизводства;Windows 11 Pro;4;4;120;"Microsoft Office 2019; Microsoft Outlook; Mozilla Firefox; WinRAR"
WS-ALR-1540;WS-ALR-1540;Попова Наталья;Логистика, склады и снабжение;Windows 7 Pro (legacy);2;8;500;"1С:Предприятие 8.3; Microsoft Office 2019; Microsoft Outlook; Mozilla Firefox; WinRAR"
WS-ALR-1541;WS-ALR-1541;Новиков Иван;Геологоразведочная партия;Windows 11 Pro;6;8;1024;"Chromium-GOST; WinRAR; МойОфис Стандартный"
WS-ALR-1542;WS-ALR-1542;Петров Сергей;Бухгалтерия и финансовый контроль;Windows 11 Pro;4;4;500;"1С:Предприятие 8.3; Google Chrome; WinRAR; КриптоПро CSP; Р-7 Офис"
WS-ALR-1543;WS-ALR-1543;Михайлов Михаил;Логистика, склады и снабжение;Windows 10 Pro;4;4;240;"1С:Предприятие 8.3; 7-Zip; SAP GUI; МойОфис Стандартный; Яндекс Браузер"
WS-ALR-1544;WS-ALR-1544;Павлова Наталья;Управление информационных технологий;Windows 11 Pro;4;2;500;"7-Zip; Microsoft Office 2016; Mozilla Firefox"
WS-ALR-1545;WS-ALR-1545;Смирнова Наталья;Отдел кадров и делопроизводства;Windows 10 Pro;4;8;500;"7-Zip; Microsoft Office 2016; Microsoft Outlook; Яндекс Браузер"
WS-ALR-1546;WS-ALR-1546;Николаева Юлия;Юридический департамент;Windows 10 Pro;4;4;500;"7-Zip; Adobe Acrobat Reader; Google Chrome; КриптоПро CSP; Р-7 Офис"
WS-ALR-1547;WS-ALR-1547;Михайлов Евгений;Геологоразведочная партия;Windows 11 Pro;6;8;256;"AutoCAD; Microsoft Office 2019; Microsoft Outlook; WinRAR; КОМПАС-3D; Яндекс Браузер"
WS-ALR-1548;WS-ALR-1548;Алексеева Екатерина;Логистика, склады и снабжение;Windows 11 Pro;2;8;120;"1С:Предприятие 8.3; 7-Zip; SAP GUI; Total Commander; МойОфис Стандартный; Яндекс Браузер"
WS-ALR-1549;WS-ALR-1549;Федоров Алексей;Бухгалтерия и финансовый контроль;Windows 10 Pro;4;8;500;"1С:Предприятие 8.3; 7-Zip; Google Chrome; VipNet Client; КриптоПро CSP; МойОфис Стандартный"
WS-ALR-1550;WS-ALR-1550;Павлова Анна;Бухгалтерия и финансовый контроль;Windows 10 Pro;2;8;240;"1С:Предприятие 8.3; Chromium-GOST; WinRAR; Р-7 Офис"
WS-ALR-1551;WS-ALR-1551;Петров Артем;Управление информационных технологий;Windows 10 Pro;4;16;240;"7-Zip; Mozilla Firefox; МойОфис Стандартный"
WS-ALR-1552;WS-ALR-1552;Егорова Ирина;Бухгалтерия и финансовый контроль;Windows 11 Pro;2;4;240;"1С:Предприятие 8.3; 7-Zip; Chromium-GOST; SAP GUI; Р-7 Офис"
WS-ALR-1553;WS-ALR-1553;Иванов Михаил;Геологоразведочная партия;Windows 10 Pro;6;16;256;"1С:Предприятие 8.3; Chromium-GOST; SolidWorks; WinRAR; КОМПАС-3D; МойОфис Стандартный"
WS-ALR-1554;WS-ALR-1554;Алексеева Екатерина;Логистика, склады и снабжение;Windows 11 Pro;2;4;500;"1С:Предприятие 8.3; Chromium-GOST; Total Commander; WinRAR; МойОфис Стандартный"
WS-ALR-1555;WS-ALR-1555;Смирнов Иван;Логистика, склады и снабжение;Windows 10 Pro;2;4;500;"1С:Предприятие 8.3; 7-Zip; Google Chrome; Microsoft Office 2016; Microsoft Outlook; SAP GUI; Total Commander"
WS-ALR-1556;WS-ALR-1556;Смирнова Мария;Отдел кадров и делопроизводства;Windows 11 Pro;4;2;120;"7-Zip; Chromium-GOST; Microsoft Office 2019; Microsoft Outlook"
WS-ALR-1557;WS-ALR-1557;Петров Андрей;Юридический департамент;Windows 7 Pro (legacy);4;8;240;"Adobe Acrobat Reader; WinRAR; Р-7 Офис; Яндекс Браузер"
WS-ALR-1558;WS-ALR-1558;Иванов Роман;Управление информационных технологий;Windows 10 Pro;4;4;500;"Google Chrome; Microsoft Office 2016; Microsoft Outlook; WinRAR"
WS-ALR-1559;WS-ALR-1559;Васильев Роман;Управление информационных технологий;Windows 7 Pro (legacy);4;8;120;"7-Zip; Microsoft Office 2016; Microsoft Outlook; Mozilla Firefox"
WS-ALR-1560;WS-ALR-1560;Павлова Наталья;Управление информационных технологий;Windows 11 Pro;4;8;500;"Google Chrome; Microsoft Office 2016; Microsoft Outlook; WinRAR"
WS-ALR-1561;WS-ALR-1561;Попов Роман;Служба главного механика;Windows 11 Pro;6;16;240;"7-Zip; AutoCAD; Google Chrome; МойОфис Стандартный"
WS-ALR-1562;WS-ALR-1562;Кузнецов Иван;Управление информационных технологий;Windows 10 Pro;2;4;500;"7-Zip; МойОфис Стандартный; Яндекс Браузер"
WS-ALR-1563;WS-ALR-1563;Соколова Мария;Юридический департамент;Windows 10 Pro;2;8;500;"7-Zip; Adobe Acrobat Reader; Mozilla Firefox; МойОфис Стандартный"
WS-ALR-1564;WS-ALR-1564;Николаева Юлия;Управление информационных технологий;Windows 10 Pro;4;16;500;"7-Zip; Р-7 Офис; Яндекс Браузер"
WS-ALR-1565;WS-ALR-1565;Иванова Мария;Управление информационных технологий;Windows 11 Pro;4;4;240;"7-Zip; Microsoft Office 2016; Mozilla Firefox"
WS-ALR-1566;WS-ALR-1566;Иванов Дмитрий;Юридический департамент;Windows 10 Pro;2;4;120;"7-Zip; Adobe Acrobat Reader; Google Chrome; КриптоПро CSP; Р-7 Офис"
WS-ALR-1567;WS-ALR-1567;Новиков Иван;Юридический департамент;Windows 11 Pro;4;4;120;"Microsoft Office 2016; Microsoft Outlook; WinRAR; КриптоПро CSP; Яндекс Браузер"
WS-ALR-1568;WS-ALR-1568;Смирнова Юлия;Бухгалтерия и финансовый контроль;Windows 10 Pro;4;4;500;"1С:Предприятие 8.3; 7-Zip; Microsoft Office 2019; Mozilla Firefox"
WS-ALR-1569;WS-ALR-1569;Павлов Артем;Логистика, склады и снабжение;Windows 10 Pro;2;4;120;"1С:Предприятие 8.3; Chromium-GOST; WinRAR; Р-7 Офис"
WS-ALR-1570;WS-ALR-1570;Алексеева Мария;Бухгалтерия и финансовый контроль;Windows 10 Pro;4;4;120;"1С:Предприятие 8.3; LibreOffice; Mozilla Firefox; WinRAR; КриптоПро CSP"
WS-ALR-1571;WS-ALR-1571;Соколов Иван;Логистика, склады и снабжение;Windows 11 Pro;4;8;120;"1С:Предприятие 8.3; 7-Zip; SAP GUI; Р-7 Офис; Яндекс Браузер"
WS-ALR-1572;WS-ALR-1572;Павлов Сергей;Управление информационных технологий;Windows 10 Pro;4;8;500;"LibreOffice; WinRAR; Яндекс Браузер"
WS-ALR-1573;WS-ALR-1573;Попова Анна;Логистика, склады и снабжение;Windows 10 Pro;2;8;500;"1С:Предприятие 8.3; 7-Zip; Google Chrome; МойОфис Стандартный"
WS-ALR-1574;WS-ALR-1574;Михайлов Евгений;Логистика, склады и снабжение;Windows 10 Pro;4;8;240;"1С:Предприятие 8.3; Mozilla Firefox; WinRAR; МойОфис Стандартный"
WS-ALR-1575;WS-ALR-1575;Лебедева Екатерина;Управление информационных технологий;Windows 10 Pro;4;8;120;"Google Chrome; Microsoft Office 2016; Microsoft Outlook; WinRAR"
WS-ALR-1576;WS-ALR-1576;Алексеев Михаил;Геологоразведочная партия;Windows 10 Pro;6;16;512;"7-Zip; Microsoft Office 2016; Microsoft Outlook; Mozilla Firefox; КОМПАС-3D"
WS-ALR-1577;WS-ALR-1577;Степанова Светлана;Служба главного механика;Windows 10 Pro;8;16;500;"7-Zip; Google Chrome; Microsoft Office 2016; VLC Media Player; КОМПАС-3D"
WS-ALR-1578;WS-ALR-1578;Васильев Роман;Бухгалтерия и финансовый контроль;Windows 10 Pro;4;8;240;"1С:Предприятие 8.3; Google Chrome; WinRAR; МойОфис Стандартный"
WS-ALR-1579;WS-ALR-1579;Степанова Наталья;Служба главного механика;Windows 10 Pro;4;16;1024;"VLC Media Player; WinRAR; КОМПАС-3D; Р-7 Офис; Яндекс Браузер"
WS-ALR-1580;WS-ALR-1580;Степанова Юлия;Служба главного механика;Windows 10 Pro;4;8;1024;"Chromium-GOST; VLC Media Player; WinRAR; КОМПАС-3D; МойОфис Стандартный"
WS-ALR-1581;WS-ALR-1581;Соколова Елена;Бухгалтерия и финансовый контроль;Windows 10 Pro;4;8;500;"1С:Предприятие 8.3; VipNet Client; WinRAR; КриптоПро CSP; МойОфис Стандартный; Яндекс Браузер"
WS-ALR-1582;WS-ALR-1582;Петрова Юлия;Геологоразведочная партия;Windows 10 Pro;6;16;512;"1С:Предприятие 8.3; AutoCAD; LibreOffice; WinRAR; КОМПАС-3D; Яндекс Браузер"
WS-ALR-1583;WS-ALR-1583;Алексеева Анна;Служба главного механика;Windows 10 Pro;6;8;240;"1С:Предприятие 8.3; 7-Zip; МойОфис Стандартный; Яндекс Браузер"
WS-ALR-1584;WS-ALR-1584;Иванов Максим;Геологоразведочная партия;Windows 10 Pro;6;16;1024;"7-Zip; AutoCAD; Chromium-GOST; Р-7 Офис"
WS-ALR-1585;WS-ALR-1585;Козлов Андрей;Служба главного механика;Windows 10 Pro;8;8;240;"7-Zip; AutoCAD; Microsoft Office 2019; Microsoft Outlook; VLC Media Player; Яндекс Браузер"
WS-ALR-1586;WS-ALR-1586;Волков Дмитрий;Бухгалтерия и финансовый контроль;Windows 10 Pro;4;8;240;"1С:Предприятие 8.3; Microsoft Office 2016; Microsoft Outlook; WinRAR; Яндекс Браузер"
WS-ALR-1587;WS-ALR-1587;Соколова Екатерина;Геологоразведочная партия;Windows 10 Pro;8;16;1024;"Google Chrome; SolidWorks; WinRAR; Р-7 Офис"
WS-ALR-1588;WS-ALR-1588;Егорова Светлана;Отдел кадров и делопроизводства;Windows 10 Pro;4;4;120;"7-Zip; Microsoft Office 2016; Microsoft Outlook; Яндекс Браузер"
WS-ALR-1589;WS-ALR-1589;Смирнов Андрей;Логистика, склады и снабжение;Windows 10 Pro;4;4;240;"1С:Предприятие 8.3; 7-Zip; Google Chrome; Microsoft Office 2016; Total Commander"
WS-ALR-1590;WS-ALR-1590;Козлова Татьяна;Служба главного механика;Windows 10 Pro;4;32;500;"1С:Предприятие 8.3; Chromium-GOST; Microsoft Office 2019; Microsoft Outlook; VLC Media Player; WinRAR"
WS-ALR-1591;WS-ALR-1591;Николаева Ольга;Логистика, склады и снабжение;Windows 10 Pro;4;4;120;"1С:Предприятие 8.3; Google Chrome; Microsoft Office 2019; Microsoft Outlook; Total Commander; WinRAR"
WS-ALR-1592;WS-ALR-1592;Соколов Максим;Служба главного механика;Windows 10 Pro;6;32;500;"7-Zip; AutoCAD; Mozilla Firefox; МойОфис Стандартный"
WS-ALR-1593;WS-ALR-1593;Морозов Роман;Управление информационных технологий;Windows 11 Pro;2;8;240;"7-Zip; Google Chrome; МойОфис Стандартный"
WS-ALR-1594;WS-ALR-1594;Козлов Максим;Бухгалтерия и финансовый контроль;Windows 11 Pro;2;4;120;"1С:Предприятие 8.3; Chromium-GOST; VipNet Client; WinRAR; КриптоПро CSP; Р-7 Офис"
WS-ALR-1595;WS-ALR-1595;Смирнова Юлия;Управление информационных технологий;Windows 11 Pro;2;2;120;"7-Zip; Chromium-GOST; Microsoft Office 2019; Microsoft Outlook"
WS-ALR-1596;WS-ALR-1596;Михайлова Ирина;Бухгалтерия и финансовый контроль;Windows 10 Pro;4;16;500;"1С:Предприятие 8.3; Mozilla Firefox; WinRAR; МойОфис Стандартный"
WS-ALR-1597;WS-ALR-1597;Козлова Ольга;Служба главного механика;Windows 11 Pro;6;8;1024;"7-Zip; Google Chrome; VLC Media Player; КОМПАС-3D; МойОфис Стандартный"
WS-ALR-1598;WS-ALR-1598;Морозов Михаил;Управление информационных технологий;Windows 10 Pro;2;4;500;"Google Chrome; WinRAR; Р-7 Офис"
WS-ALR-1599;WS-ALR-1599;Смирнов Сергей;Управление информационных технологий;Windows 10 Pro;2;4;500;"WinRAR; Р-7 Офис; Яндекс Браузер"
WS-ALR-1600;WS-ALR-1600;Семенова Наталья;Управление информационных технологий;Windows 11 Pro;4;4;240;"Chromium-GOST; Microsoft Office 2019; Microsoft Outlook; WinRAR"
WS-ALR-1601;WS-ALR-1601;Попов Роман;Логистика, склады и снабжение;Windows 11 Pro;4;8;120;"1С:Предприятие 8.3; Google Chrome; Microsoft Office 2016; Total Commander; WinRAR"
WS-ALR-1602;WS-ALR-1602;Соколова Юлия;Геологоразведочная партия;Windows 10 Pro;4;4;1024;"7-Zip; МойОфис Стандартный; Яндекс Браузер"
WS-ALR-1603;WS-ALR-1603;Михайлов Артем;Служба главного механика;Windows 11 Pro;4;16;1024;"Chromium-GOST; Microsoft Office 2019; Microsoft Outlook; WinRAR; КОМПАС-3D"
WS-ALR-1604;WS-ALR-1604;Кузнецова Мария;Управление информационных технологий;Windows 11 Pro;2;8;500;"7-Zip; Mozilla Firefox; МойОфис Стандартный"
WS-ALR-1605;WS-ALR-1605;Петрова Татьяна;Служба главного механика;Windows 10 Pro;2;8;240;"1С:Предприятие 8.3; Microsoft Office 2016; Microsoft Outlook; VLC Media Player; WinRAR; Яндекс Браузер"
WS-ALR-1606;WS-ALR-1606;Егоров Максим;Бухгалтерия и финансовый контроль;Windows 10 Pro;4;8;120;"1С:Предприятие 8.3; 7-Zip; VipNet Client; Р-7 Офис; Яндекс Браузер"
WS-ALR-1607;WS-ALR-1607;Егоров Сергей;Управление информационных технологий;Windows 10 Pro;4;8;120;"7-Zip; LibreOffice; Mozilla Firefox"
WS-ALR-1608;WS-ALR-1608;Васильева Анна;Управление информационных технологий;Windows 10 Pro;4;8;240;"LibreOffice; Mozilla Firefox; WinRAR"
WS-ALR-1609;WS-ALR-1609;Степанова Юлия;Служба главного механика;Windows 10 Pro;6;16;1024;"7-Zip; КОМПАС-3D; МойОфис Стандартный; Яндекс Браузер"
WS-ALR-1610;WS-ALR-1610;Козлов Алексей;Бухгалтерия и финансовый контроль;Windows 10 Pro;4;16;500;"1С:Предприятие 8.3; 7-Zip; Google Chrome; КриптоПро CSP; МойОфис Стандартный"
WS-ALR-1611;WS-ALR-1611;Петров Роман;Управление информационных технологий;Windows 10 Pro;4;8;500;"Google Chrome; Microsoft Office 2016; Microsoft Outlook; WinRAR"
WS-ALR-1612;WS-ALR-1612;Егорова Ольга;Бухгалтерия и финансовый контроль;Windows 11 Pro;4;4;240;"1С:Предприятие 8.3; 7-Zip; Chromium-GOST; Microsoft Office 2019; Microsoft Outlook; КриптоПро CSP"
WS-ALR-1613;WS-ALR-1613;Кузнецова Юлия;Отдел кадров и делопроизводства;Windows 7 Pro (legacy);4;8;500;"Chromium-GOST; Microsoft Office 2019; Microsoft Outlook; WinRAR"
WS-ALR-1614;WS-ALR-1614;Павлова Екатерина;Юридический департамент;Windows 10 Pro;6;4;240;"Microsoft Office 2019; Microsoft Outlook; WinRAR; КриптоПро CSP; Яндекс Браузер"
WS-ALR-1615;WS-ALR-1615;Попова Светлана;Юридический департамент;Windows 11 Pro;4;4;500;"7-Zip; Adobe Acrobat Reader; КриптоПро CSP; Р-7 Офис; Яндекс Браузер"
WS-ALR-1616;WS-ALR-1616;Михайлова Екатерина;Служба главного механика;Windows 11 Pro;8;16;1024;"AutoCAD; Microsoft Office 2019; Microsoft Outlook; WinRAR; Яндекс Браузер"
WS-ALR-1617;WS-ALR-1617;Степанова Юлия;Бухгалтерия и финансовый контроль;Windows 10 Pro;2;8;120;"1С:Предприятие 8.3; Microsoft Office 2016; Microsoft Outlook; Mozilla Firefox; WinRAR; КриптоПро CSP"
WS-ALR-1618;WS-ALR-1618;Волков Максим;Геологоразведочная партия;Windows 10 Pro;8;8;512;"LibreOffice; SolidWorks; WinRAR; КОМПАС-3D; Яндекс Браузер"
WS-ALR-1619;WS-ALR-1619;Попов Андрей;Геологоразведочная партия;Windows 10 Pro;6;16;256;"7-Zip; LibreOffice; Яндекс Браузер"
WS-ALR-1620;WS-ALR-1620;Волкова Елена;Управление информационных технологий;Windows 11 Pro;4;4;120;"Microsoft Office 2019; WinRAR; Яндекс Браузер"
WS-ALR-1621;WS-ALR-1621;Смирнов Андрей;Отдел кадров и делопроизводства;Windows 10 Pro;2;4;120;"7-Zip; Google Chrome; Microsoft Office 2016; Microsoft Outlook"
WS-ALR-1622;WS-ALR-1622;Павлова Елена;Логистика, склады и снабжение;Windows 10 Pro;2;4;240;"1С:Предприятие 8.3; Chromium-GOST; WinRAR; МойОфис Стандартный"
WS-ALR-1623;WS-ALR-1623;Михайлова Екатерина;Логистика, склады и снабжение;Windows 11 Pro;2;4;500;"1С:Предприятие 8.3; 7-Zip; Microsoft Office 2016; Microsoft Outlook; Яндекс Браузер"
WS-ALR-1624;WS-ALR-1624;Кузнецова Татьяна;Отдел кадров и делопроизводства;Windows 11 Pro;6;8;240;"7-Zip; Chromium-GOST; Microsoft Office 2016"
WS-ALR-1625;WS-ALR-1625;Степанов Максим;Логистика, склады и снабжение;Windows 10 Pro;2;4;240;"1С:Предприятие 8.3; 7-Zip; SAP GUI; Р-7 Офис; Яндекс Браузер"
WS-ALR-1626;WS-ALR-1626;Павлов Михаил;Бухгалтерия и финансовый контроль;Windows 10 Pro;4;16;120;"1С:Предприятие 8.3; 7-Zip; Microsoft Office 2019; Microsoft Outlook; Mozilla Firefox; КриптоПро CSP"
WS-ALR-1627;WS-ALR-1627;Федоров Максим;Отдел кадров и делопроизводства;Windows 10 Pro;2;4;240;"7-Zip; Google Chrome; Microsoft Office 2019"
WS-ALR-1628;WS-ALR-1628;Николаев Андрей;Управление информационных технологий;Windows 11 Pro;4;16;240;"Chromium-GOST; WinRAR; Р-7 Офис"
WS-ALR-1629;WS-ALR-1629;Лебедев Роман;Управление информационных технологий;Windows 10 Pro;2;8;240;"7-Zip; МойОфис Стандартный; Яндекс Браузер"
WS-ALR-1630;WS-ALR-1630;Васильев Алексей;Бухгалтерия и финансовый контроль;Windows 10 Pro;2;8;240;"1С:Предприятие 8.3; Chromium-GOST; WinRAR; КриптоПро CSP; Р-7 Офис"
WS-ALR-1631;WS-ALR-1631;Новиков Евгений;Управление информационных технологий;Windows 10 Pro;4;8;500;"Chromium-GOST; Microsoft Office 2019; WinRAR"
WS-ALR-1632;WS-ALR-1632;Смирнова Екатерина;Геологоразведочная партия;Windows 10 Pro;6;16;1024;"7-Zip; МойОфис Стандартный; Яндекс Браузер"
WS-ALR-1633;WS-ALR-1633;Морозов Евгений;Логистика, склады и снабжение;Windows 10 Pro;2;8;500;"1С:Предприятие 8.3; Chromium-GOST; Total Commander; WinRAR; Р-7 Офис"
WS-ALR-1634;WS-ALR-1634;Новикова Наталья;Управление информационных технологий;Windows 11 Pro;2;8;240;"7-Zip; Microsoft Office 2019; Яндекс Браузер"
WS-ALR-1635;WS-ALR-1635;Соколов Дмитрий;Бухгалтерия и финансовый контроль;Windows 10 Pro;2;4;500;"1С:Предприятие 8.3; WinRAR; КриптоПро CSP; МойОфис Стандартный; Яндекс Браузер"
WS-ALR-1636;WS-ALR-1636;Соколов Максим;Бухгалтерия и финансовый контроль;Windows 10 Pro;4;8;240;"1С:Предприятие 8.3; WinRAR; МойОфис Стандартный; Яндекс Браузер"
WS-ALR-1637;WS-ALR-1637;Соколова Ольга;Бухгалтерия и финансовый контроль;Windows 7 Pro (legacy);4;8;240;"1С:Предприятие 8.3; 7-Zip; КриптоПро CSP; Р-7 Офис; Яндекс Браузер"
WS-ALR-1638;WS-ALR-1638;Кузнецов Евгений;Бухгалтерия и финансовый контроль;Windows 10 Pro;2;8;120;"1С:Предприятие 8.3; 7-Zip; Microsoft Office 2016; Microsoft Outlook; VipNet Client; КриптоПро CSP; Яндекс Браузер"
WS-ALR-1639;WS-ALR-1639;Егоров Дмитрий;Геологоразведочная партия;Windows 10 Pro;8;16;512;"7-Zip; AutoCAD; МойОфис Стандартный; Яндекс Браузер"
WS-ALR-1640;WS-ALR-1640;Николаева Ирина;Юридический департамент;Windows 10 Pro;6;4;120;"Adobe Acrobat Reader; Chromium-GOST; WinRAR; КриптоПро CSP; Р-7 Офис"
WS-ALR-1641;WS-ALR-1641;Новикова Анна;Юридический департамент;Windows 10 Pro;4;8;120;"7-Zip; Chromium-GOST; Р-7 Офис"
WS-ALR-1642;WS-ALR-1642;Новиков Алексей;Бухгалтерия и финансовый контроль;Windows 10 Pro;4;8;500;"1С:Предприятие 8.3; 7-Zip; Chromium-GOST; SAP GUI; КриптоПро CSP; Р-7 Офис"
WS-ALR-1643;WS-ALR-1643;Павлова Анна;Юридический департамент;Windows 10 Pro;4;8;120;"Adobe Acrobat Reader; WinRAR; МойОфис Стандартный; Яндекс Браузер"
WS-ALR-1644;WS-ALR-1644;Смирнов Михаил;Служба главного механика;Windows 10 Pro;4;4;240;"AutoCAD; Microsoft Office 2016; Microsoft Outlook; Mozilla Firefox; WinRAR"
WS-ALR-1645;WS-ALR-1645;Иванов Алексей;Юридический департамент;Windows 7 Pro (legacy);4;4;240;"7-Zip; Adobe Acrobat Reader; КриптоПро CSP; МойОфис Стандартный; Яндекс Браузер"
WS-ALR-1646;WS-ALR-1646;Семенов Алексей;Служба главного механика;Windows 11 Pro;4;8;240;"AutoCAD; VLC Media Player; WinRAR; МойОфис Стандартный; Яндекс Браузер"
WS-ALR-1647;WS-ALR-1647;Смирнова Екатерина;Отдел кадров и делопроизводства;Windows 10 Pro;4;8;120;"Mozilla Firefox; WinRAR; МойОфис Стандартный"
WS-ALR-1648;WS-ALR-1648;Морозов Евгений;Юридический департамент;Windows 7 Pro (legacy);4;8;240;"7-Zip; Adobe Acrobat Reader; LibreOffice; Mozilla Firefox; КриптоПро CSP"
WS-ALR-1649;WS-ALR-1649;Иванова Ирина;Служба главного механика;Windows 7 Pro (legacy);4;8;500;"7-Zip; AutoCAD; Microsoft Office 2019; Яндекс Браузер"
WS-ALR-1650;WS-ALR-1650;Волков Иван;Геологоразведочная партия;Windows 7 Pro (legacy);6;8;256;"1С:Предприятие 8.3; Chromium-GOST; WinRAR; КОМПАС-3D; МойОфис Стандартный"
WS-ALR-1651;WS-ALR-1651;Степанов Алексей;Бухгалтерия и финансовый контроль;Windows 10 Pro;4;4;240;"1С:Предприятие 8.3; 7-Zip; Mozilla Firefox; КриптоПро CSP; Р-7 Офис"
WS-ALR-1652;WS-ALR-1652;Попова Елена;Бухгалтерия и финансовый контроль;Windows 10 Pro;2;4;240;"1С:Предприятие 8.3; Microsoft Office 2016; Microsoft Outlook; WinRAR; КриптоПро CSP; Яндекс Браузер"
WS-ALR-1653;WS-ALR-1653;Волкова Ольга;Юридический департамент;Windows 10 Pro;4;8;240;"7-Zip; Adobe Acrobat Reader; МойОфис Стандартный; Яндекс Браузер"
WS-ALR-1654;WS-ALR-1654;Петров Сергей;Логистика, склады и снабжение;Windows 7 Pro (legacy);2;8;240;"1С:Предприятие 8.3; Google Chrome; WinRAR; МойОфис Стандартный"
WS-ALR-1655;WS-ALR-1655;Лебедева Светлана;Логистика, склады и снабжение;Windows 10 Pro;2;2;120;"1С:Предприятие 8.3; SAP GUI; WinRAR; Р-7 Офис; Яндекс Браузер"
WS-ALR-1656;WS-ALR-1656;Кузнецова Мария;Служба главного механика;Windows 10 Pro;4;32;240;"AutoCAD; Microsoft Office 2016; Microsoft Outlook; Mozilla Firefox; WinRAR"
WS-ALR-1657;WS-ALR-1657;Павлова Екатерина;Логистика, склады и снабжение;Windows 10 Pro;4;8;120;"1С:Предприятие 8.3; 7-Zip; Microsoft Office 2019; Mozilla Firefox; Total Commander"
WS-ALR-1658;WS-ALR-1658;Новикова Татьяна;Управление информационных технологий;Windows 7 Pro (legacy);6;8;500;"7-Zip; Chromium-GOST; МойОфис Стандартный"
WS-ALR-1659;WS-ALR-1659;Морозова Татьяна;Геологоразведочная партия;Windows 11 Pro;4;8;1024;"7-Zip; SolidWorks; МойОфис Стандартный; Яндекс Браузер"
WS-ALR-1660;WS-ALR-1660;Морозова Ольга;Бухгалтерия и финансовый контроль;Windows 11 Pro;2;2;120;"1С:Предприятие 8.3; 7-Zip; КриптоПро CSP; МойОфис Стандартный; Яндекс Браузер"
WS-ALR-1661;WS-ALR-1661;Семенова Анна;Логистика, склады и снабжение;Windows 10 Pro;2;4;120;"1С:Предприятие 8.3; 7-Zip; SAP GUI; МойОфис Стандартный; Яндекс Браузер"
WS-ALR-1662;WS-ALR-1662;Алексеев Сергей;Отдел кадров и делопроизводства;Windows 10 Pro;4;8;120;"7-Zip; Chromium-GOST; Microsoft Office 2016; Microsoft Outlook"
WS-ALR-1663;WS-ALR-1663;Козлова Екатерина;Геологоразведочная партия;Windows 11 Pro;6;32;512;"WinRAR; КОМПАС-3D; МойОфис Стандартный; Яндекс Браузер"
WS-ALR-1664;WS-ALR-1664;Козлов Сергей;Бухгалтерия и финансовый контроль;Windows 10 Pro;6;8;240;"1С:Предприятие 8.3; 7-Zip; Chromium-GOST; МойОфис Стандартный"
WS-ALR-1665;WS-ALR-1665;Михайлов Максим;Отдел кадров и делопроизводства;Windows 10 Pro;4;8;500;"Chromium-GOST; WinRAR; МойОфис Стандартный"
WS-ALR-1666;WS-ALR-1666;Морозов Сергей;Бухгалтерия и финансовый контроль;Windows 10 Pro;4;4;500;"1С:Предприятие 8.3; Google Chrome; WinRAR; КриптоПро CSP; Р-7 Офис"
WS-ALR-1667;WS-ALR-1667;Соколов Алексей;Служба главного механика;Windows 10 Pro;6;16;1024;"7-Zip; AutoCAD; VLC Media Player; Р-7 Офис; Яндекс Браузер"
WS-ALR-1668;WS-ALR-1668;Семенов Алексей;Логистика, склады и снабжение;Windows 10 Pro;4;4;500;"1С:Предприятие 8.3; Google Chrome; Microsoft Office 2016; WinRAR"
WS-ALR-1669;WS-ALR-1669;Попов Дмитрий;Геологоразведочная партия;Windows 10 Pro;4;8;1024;"7-Zip; AutoCAD; Microsoft Office 2016; Microsoft Outlook; Яндекс Браузер"
WS-ALR-1670;WS-ALR-1670;Федорова Юлия;Геологоразведочная партия;Windows 10 Pro;4;32;512;"7-Zip; Chromium-GOST; КОМПАС-3D; Р-7 Офис"
WS-ALR-1671;WS-ALR-1671;Семенов Михаил;Служба главного механика;Windows 7 Pro (legacy);8;8;1024;"1С:Предприятие 8.3; Chromium-GOST; VLC Media Player; WinRAR; Р-7 Офис"
WS-ALR-1672;WS-ALR-1672;Иванов Алексей;Логистика, склады и снабжение;Windows 10 Pro;2;4;120;"1С:Предприятие 8.3; Chromium-GOST; SAP GUI; WinRAR; МойОфис Стандартный"
WS-ALR-1673;WS-ALR-1673;Морозов Иван;Служба главного механика;Windows 10 Pro;2;8;1024;"7-Zip; Microsoft Office 2019; Microsoft Outlook; Mozilla Firefox; VLC Media Player; КОМПАС-3D"
WS-ALR-1674;WS-ALR-1674;Иванова Татьяна;Бухгалтерия и финансовый контроль;Windows 10 Pro;2;4;120;"1С:Предприятие 8.3; Chromium-GOST; WinRAR; КриптоПро CSP; МойОфис Стандартный"
WS-ALR-1675;WS-ALR-1675;Степанов Михаил;Геологоразведочная партия;Windows 10 Pro;8;16;512;"SolidWorks; WinRAR; МойОфис Стандартный; Яндекс Браузер"
WS-ALR-1676;WS-ALR-1676;Лебедева Татьяна;Геологоразведочная партия;Windows 7 Pro (legacy);4;16;1024;"Google Chrome; SolidWorks; WinRAR; Р-7 Офис"
WS-ALR-1677;WS-ALR-1677;Михайлова Татьяна;Отдел кадров и делопроизводства;Windows 10 Pro;4;8;120;"7-Zip; Р-7 Офис; Яндекс Браузер"
WS-ALR-1678;WS-ALR-1678;Соколова Ирина;Геологоразведочная партия;Windows 10 Pro;4;32;256;"7-Zip; Google Chrome; КОМПАС-3D; Р-7 Офис"
WS-ALR-1679;WS-ALR-1679;Морозов Иван;Служба главного механика;Windows 11 Pro;6;16;240;"1С:Предприятие 8.3; 7-Zip; Mozilla Firefox; Р-7 Офис"
WS-ALR-1680;WS-ALR-1680;Волкова Анна;Логистика, склады и снабжение;Windows 10 Pro;4;8;120;"1С:Предприятие 8.3; Chromium-GOST; LibreOffice; WinRAR"
WS-ALR-1681;WS-ALR-1681;Козлова Татьяна;Бухгалтерия и финансовый контроль;Windows 10 Pro;4;8;240;"1С:Предприятие 8.3; Google Chrome; SAP GUI; VipNet Client; WinRAR; КриптоПро CSP; Р-7 Офис"
WS-ALR-1682;WS-ALR-1682;Смирнов Алексей;Бухгалтерия и финансовый контроль;Windows 10 Pro;6;8;500;"1С:Предприятие 8.3; Google Chrome; LibreOffice; VipNet Client; WinRAR"
WS-ALR-1683;WS-ALR-1683;Федоров Артем;Логистика, склады и снабжение;Windows 11 Pro;4;2;500;"1С:Предприятие 8.3; 7-Zip; Microsoft Office 2019; Microsoft Outlook; Mozilla Firefox"
WS-ALR-1684;WS-ALR-1684;Волкова Юлия;Отдел кадров и делопроизводства;Windows 10 Pro;4;4;120;"Microsoft Office 2016; Microsoft Outlook; WinRAR; Яндекс Браузер"
WS-ALR-1685;WS-ALR-1685;Попов Сергей;Бухгалтерия и финансовый контроль;Windows 10 Pro;4;4;240;"1С:Предприятие 8.3; 7-Zip; Chromium-GOST; VipNet Client; КриптоПро CSP; Р-7 Офис"
WS-ALR-1686;WS-ALR-1686;Морозов Максим;Бухгалтерия и финансовый контроль;Windows 7 Pro (legacy);4;8;500;"1С:Предприятие 8.3; 7-Zip; Chromium-GOST; КриптоПро CSP; Р-7 Офис"
WS-ALR-1687;WS-ALR-1687;Новикова Анна;Управление информационных технологий;Windows 10 Pro;2;8;120;"7-Zip; МойОфис Стандартный; Яндекс Браузер"
WS-ALR-1688;WS-ALR-1688;Федорова Ольга;Управление информационных технологий;Windows 10 Pro;4;4;120;"7-Zip; Chromium-GOST; Microsoft Office 2019; Microsoft Outlook"
WS-ALR-1689;WS-ALR-1689;Николаев Роман;Отдел кадров и делопроизводства;Windows 11 Pro;4;8;120;"Chromium-GOST; WinRAR; МойОфис Стандартный"
WS-ALR-1690;WS-ALR-1690;Алексеева Светлана;Служба главного механика;Windows 10 Pro;2;4;240;"7-Zip; КОМПАС-3D; МойОфис Стандартный; Яндекс Браузер"
WS-ALR-1691;WS-ALR-1691;Кузнецов Дмитрий;Служба главного механика;Windows 10 Pro;4;4;240;"AutoCAD; Chromium-GOST; Microsoft Office 2019; Microsoft Outlook; VLC Media Player; WinRAR"
WS-ALR-1692;WS-ALR-1692;Степанов Андрей;Логистика, склады и снабжение;Windows 7 Pro (legacy);4;8;500;"1С:Предприятие 8.3; 7-Zip; Microsoft Office 2019; Microsoft Outlook; Mozilla Firefox; Total Commander"
WS-ALR-1693;WS-ALR-1693;Николаева Ольга;Логистика, склады и снабжение;Windows 10 Pro;4;16;500;"1С:Предприятие 8.3; 7-Zip; Google Chrome; Microsoft Office 2016; Microsoft Outlook"
WS-ALR-1694;WS-ALR-1694;Иванова Ольга;Служба главного механика;Windows 10 Pro;2;16;500;"7-Zip; AutoCAD; Google Chrome; VLC Media Player; Р-7 Офис"
WS-ALR-1695;WS-ALR-1695;Козлов Иван;Отдел кадров и делопроизводства;Windows 10 Pro;4;8;240;"WinRAR; МойОфис Стандартный; Яндекс Браузер"
WS-ALR-1696;WS-ALR-1696;Михайлов Дмитрий;Бухгалтерия и финансовый контроль;Windows 10 Pro;6;8;120;"1С:Предприятие 8.3; 7-Zip; Microsoft Office 2016; Microsoft Outlook; Mozilla Firefox"
WS-ALR-1697;WS-ALR-1697;Николаев Артем;Геологоразведочная партия;Windows 10 Pro;6;32;512;"AutoCAD; Google Chrome; WinRAR; Р-7 Офис"
WS-ALR-1698;WS-ALR-1698;Козлова Татьяна;Служба главного механика;Windows 10 Pro;6;16;240;"Chromium-GOST; WinRAR; КОМПАС-3D; Р-7 Офис"
WS-ALR-1699;WS-ALR-1699;Семенова Ольга;Геологоразведочная партия;Windows 7 Pro (legacy);6;32;256;"Chromium-GOST; Microsoft Office 2016; Microsoft Outlook; WinRAR; КОМПАС-3D"
WS-ALR-1700;WS-ALR-1700;Попов Иван;Бухгалтерия и финансовый контроль;Windows 10 Pro;2;8;240;"1С:Предприятие 8.3; Microsoft Office 2019; Microsoft Outlook; Mozilla Firefox; VipNet Client; WinRAR"
WS-ALR-1701;WS-ALR-1701;Кузнецова Ольга;Логистика, склады и снабжение;Windows 10 Pro;4;4;120;"1С:Предприятие 8.3; 7-Zip; Google Chrome; SAP GUI; Total Commander; МойОфис Стандартный"
WS-ALR-1702;WS-ALR-1702;Васильев Роман;Бухгалтерия и финансовый контроль;Windows 11 Pro;2;8;120;"1С:Предприятие 8.3; 7-Zip; Chromium-GOST; Р-7 Офис"
WS-ALR-1703;WS-ALR-1703;Федоров Иван;Управление информационных технологий;Windows 11 Pro;4;8;500;"7-Zip; Microsoft Office 2016; Microsoft Outlook; Яндекс Браузер"
WS-ALR-1704;WS-ALR-1704;Кузнецова Светлана;Бухгалтерия и финансовый контроль;Windows 10 Pro;2;4;120;"1С:Предприятие 8.3; 7-Zip; Microsoft Office 2019; Microsoft Outlook; Mozilla Firefox; VipNet Client; КриптоПро CSP"
WS-ALR-1705;WS-ALR-1705;Волкова Ирина;Служба главного механика;Windows 11 Pro;6;16;500;"Google Chrome; Microsoft Office 2016; Microsoft Outlook; WinRAR; КОМПАС-3D"
WS-ALR-1706;WS-ALR-1706;Федоров Максим;Управление информационных технологий;Windows 10 Pro;2;8;240;"7-Zip; Microsoft Office 2019; Microsoft Outlook; Яндекс Браузер"
WS-ALR-1707;WS-ALR-1707;Васильев Евгений;Юридический департамент;Windows 7 Pro (legacy);4;8;500;"7-Zip; Adobe Acrobat Reader; Mozilla Firefox; КриптоПро CSP; Р-7 Офис"
WS-ALR-1708;WS-ALR-1708;Васильев Андрей;Бухгалтерия и финансовый контроль;Windows 10 Pro;2;8;240;"1С:Предприятие 8.3; Microsoft Office 2019; Microsoft Outlook; Mozilla Firefox; WinRAR; КриптоПро CSP"
WS-ALR-1709;WS-ALR-1709;Новикова Ольга;Логистика, склады и снабжение;Windows 10 Pro;4;2;500;"1С:Предприятие 8.3; Total Commander; WinRAR; МойОфис Стандартный; Яндекс Браузер"
WS-ALR-1710;WS-ALR-1710;Лебедев Роман;Логистика, склады и снабжение;Windows 10 Pro;4;8;240;"1С:Предприятие 8.3; Google Chrome; Microsoft Office 2019; Microsoft Outlook; SAP GUI; Total Commander; WinRAR"
WS-ALR-1711;WS-ALR-1711;Соколова Наталья;Бухгалтерия и финансовый контроль;Windows 10 Pro;4;4;120;"1С:Предприятие 8.3; Google Chrome; Microsoft Office 2019; WinRAR; КриптоПро CSP"
WS-ALR-1712;WS-ALR-1712;Соколов Дмитрий;Бухгалтерия и финансовый контроль;Windows 11 Pro;4;4;120;"1С:Предприятие 8.3; 7-Zip; Microsoft Office 2019; Microsoft Outlook; КриптоПро CSP; Яндекс Браузер"
WS-ALR-1713;WS-ALR-1713;Алексеев Иван;Бухгалтерия и финансовый контроль;Windows 11 Pro;4;2;240;"1С:Предприятие 8.3; Google Chrome; Microsoft Office 2016; Microsoft Outlook; WinRAR; КриптоПро CSP"
WS-ALR-1714;WS-ALR-1714;Семенов Дмитрий;Отдел кадров и делопроизводства;Windows 7 Pro (legacy);4;8;120;"Microsoft Office 2016; Microsoft Outlook; Mozilla Firefox; WinRAR"
WS-ALR-1715;WS-ALR-1715;Морозов Артем;Бухгалтерия и финансовый контроль;Windows 10 Pro;4;4;240;"1С:Предприятие 8.3; Microsoft Office 2016; Microsoft Outlook; Mozilla Firefox; WinRAR; КриптоПро CSP"
WS-ALR-1716;WS-ALR-1716;Николаева Ирина;Бухгалтерия и финансовый контроль;Windows 10 Pro;4;4;500;"1С:Предприятие 8.3; WinRAR; Р-7 Офис; Яндекс Браузер"
WS-ALR-1717;WS-ALR-1717;Морозов Дмитрий;Служба главного механика;Windows 10 Pro;6;16;500;"1С:Предприятие 8.3; Microsoft Office 2019; WinRAR; Яндекс Браузер"
WS-ALR-1718;WS-ALR-1718;Степанов Артем;Юридический департамент;Windows 11 Pro;2;8;240;"Adobe Acrobat Reader; LibreOffice; Mozilla Firefox; WinRAR"
WS-ALR-1719;WS-ALR-1719;Семенова Татьяна;Геологоразведочная партия;Windows 10 Pro;6;8;1024;"AutoCAD; Microsoft Office 2016; Microsoft Outlook; Mozilla Firefox; WinRAR"
WS-ALR-1720;WS-ALR-1720;Новикова Светлана;Геологоразведочная партия;Windows 10 Pro;4;8;256;"1С:Предприятие 8.3; 7-Zip; AutoCAD; Mozilla Firefox; Р-7 Офис"
WS-ALR-1721;WS-ALR-1721;Попова Ирина;Управление информационных технологий;Windows 10 Pro;2;4;240;"Google Chrome; WinRAR; Р-7 Офис"
WS-ALR-1722;WS-ALR-1722;Попова Ирина;Отдел кадров и делопроизводства;Windows 10 Pro;2;8;240;"Chromium-GOST; WinRAR; МойОфис Стандартный"
WS-ALR-1723;WS-ALR-1723;Алексеева Мария;Отдел кадров и делопроизводства;Windows 10 Pro;2;8;240;"7-Zip; Chromium-GOST; Microsoft Office 2019"
WS-ALR-1724;WS-ALR-1724;Петрова Екатерина;Логистика, склады и снабжение;Windows 10 Pro;4;2;500;"1С:Предприятие 8.3; 7-Zip; Mozilla Firefox; Total Commander; МойОфис Стандартный"
WS-ALR-1725;WS-ALR-1725;Егоров Евгений;Логистика, склады и снабжение;Windows 7 Pro (legacy);2;8;500;"1С:Предприятие 8.3; 7-Zip; Р-7 Офис; Яндекс Браузер"
WS-ALR-1726;WS-ALR-1726;Алексеев Сергей;Геологоразведочная партия;Windows 10 Pro;6;32;256;"7-Zip; AutoCAD; Google Chrome; Microsoft Office 2019; Microsoft Outlook"
WS-ALR-1727;WS-ALR-1727;Алексеев Евгений;Юридический департамент;Windows 7 Pro (legacy);4;8;240;"Adobe Acrobat Reader; Chromium-GOST; Microsoft Office 2019; Microsoft Outlook; WinRAR; КриптоПро CSP"
WS-ALR-1728;WS-ALR-1728;Алексеев Дмитрий;Логистика, склады и снабжение;Windows 10 Pro;2;8;120;"1С:Предприятие 8.3; Chromium-GOST; Microsoft Office 2016; Total Commander; WinRAR"
WS-ALR-1729;WS-ALR-1729;Николаев Максим;Геологоразведочная партия;Windows 10 Pro;6;8;256;"1С:Предприятие 8.3; 7-Zip; AutoCAD; Mozilla Firefox; Р-7 Офис"
WS-ALR-1730;WS-ALR-1730;Степанов Роман;Служба главного механика;Windows 11 Pro;2;16;500;"AutoCAD; Mozilla Firefox; VLC Media Player; WinRAR; Р-7 Офис"
WS-ALR-1731;WS-ALR-1731;Федорова Мария;Юридический департамент;Windows 10 Pro;2;8;240;"Adobe Acrobat Reader; Google Chrome; WinRAR; МойОфис Стандартный"
WS-ALR-1732;WS-ALR-1732;Лебедев Алексей;Юридический департамент;Windows 7 Pro (legacy);6;8;240;"7-Zip; КриптоПро CSP; МойОфис Стандартный; Яндекс Браузер"
WS-ALR-1733;WS-ALR-1733;Николаев Иван;Отдел кадров и делопроизводства;Windows 10 Pro;2;2;120;"Google Chrome; Microsoft Office 2019; Microsoft Outlook; WinRAR"
WS-ALR-1734;WS-ALR-1734;Козлов Евгений;Бухгалтерия и финансовый контроль;Windows 10 Pro;2;8;120;"1С:Предприятие 8.3; 7-Zip; Chromium-GOST; SAP GUI; VipNet Client; КриптоПро CSP; Р-7 Офис"
WS-ALR-1735;WS-ALR-1735;Кузнецова Ольга;Бухгалтерия и финансовый контроль;Windows 10 Pro;4;2;500;"1С:Предприятие 8.3; Google Chrome; Microsoft Office 2019; Microsoft Outlook; WinRAR"
WS-ALR-1736;WS-ALR-1736;Михайлов Дмитрий;Бухгалтерия и финансовый контроль;Windows 10 Pro;4;8;500;"1С:Предприятие 8.3; 7-Zip; Google Chrome; Microsoft Office 2016; КриптоПро CSP"
WS-ALR-1737;WS-ALR-1737;Степанов Иван;Логистика, склады и снабжение;Windows 10 Pro;2;4;500;"1С:Предприятие 8.3; Microsoft Office 2016; Total Commander; WinRAR; Яндекс Браузер"
WS-ALR-1738;WS-ALR-1738;Новиков Евгений;Логистика, склады и снабжение;Windows 10 Pro;4;2;120;"1С:Предприятие 8.3; Microsoft Office 2019; Microsoft Outlook; Mozilla Firefox; WinRAR"
WS-ALR-1739;WS-ALR-1739;Попов Дмитрий;Отдел кадров и делопроизводства;Windows 10 Pro;6;4;240;"7-Zip; Chromium-GOST; Р-7 Офис"
WS-ALR-1740;WS-ALR-1740;Новикова Ольга;Отдел кадров и делопроизводства;Windows 7 Pro (legacy);6;4;240;"Chromium-GOST; Microsoft Office 2016; Microsoft Outlook; WinRAR"
WS-ALR-1741;WS-ALR-1741;Николаева Елена;Отдел кадров и делопроизводства;Windows 11 Pro;2;16;120;"Chromium-GOST; WinRAR; Р-7 Офис"
WS-ALR-1742;WS-ALR-1742;Егоров Андрей;Служба главного механика;Windows 10 Pro;6;8;240;"AutoCAD; Mozilla Firefox; WinRAR; Р-7 Офис"
WS-ALR-1743;WS-ALR-1743;Новикова Анна;Отдел кадров и делопроизводства;Windows 11 Pro;4;8;120;"WinRAR; МойОфис Стандартный; Яндекс Браузер"
WS-ALR-1744;WS-ALR-1744;Иванов Максим;Отдел кадров и делопроизводства;Windows 10 Pro;4;2;500;"Google Chrome; Microsoft Office 2019; Microsoft Outlook; WinRAR"
WS-ALR-1745;WS-ALR-1745;Кузнецов Андрей;Отдел кадров и делопроизводства;Windows 10 Pro;2;8;240;"7-Zip; Google Chrome; Р-7 Офис"
WS-ALR-1746;WS-ALR-1746;Попов Михаил;Логистика, склады и снабжение;Windows 10 Pro;2;4;120;"1С:Предприятие 8.3; WinRAR; Р-7 Офис; Яндекс Браузер"
WS-ALR-1747;WS-ALR-1747;Васильева Юлия;Бухгалтерия и финансовый контроль;Windows 10 Pro;4;8;120;"1С:Предприятие 8.3; 7-Zip; Chromium-GOST; КриптоПро CSP; Р-7 Офис"
WS-ALR-1748;WS-ALR-1748;Попова Мария;Логистика, склады и снабжение;Windows 11 Pro;4;4;120;"1С:Предприятие 8.3; Google Chrome; WinRAR; Р-7 Офис"
WS-ALR-1749;WS-ALR-1749;Соколов Артем;Юридический департамент;Windows 10 Pro;4;8;500;"Mozilla Firefox; WinRAR; МойОфис Стандартный"
WS-ALR-1750;WS-ALR-1750;Федорова Мария;Логистика, склады и снабжение;Windows 7 Pro (legacy);2;16;500;"1С:Предприятие 8.3; Google Chrome; Microsoft Office 2016; Microsoft Outlook; WinRAR"
WS-ALR-1751;WS-ALR-1751;Лебедева Елена;Геологоразведочная партия;Windows 10 Pro;6;16;512;"7-Zip; Chromium-GOST; Microsoft Office 2016; Microsoft Outlook"
WS-ALR-1752;WS-ALR-1752;Морозов Артем;Юридический департамент;Windows 10 Pro;2;8;500;"7-Zip; Adobe Acrobat Reader; Microsoft Office 2016; Microsoft Outlook; Mozilla Firefox"
WS-ALR-1753;WS-ALR-1753;Петрова Анна;Управление информационных технологий;Windows 11 Pro;6;8;240;"Chromium-GOST; WinRAR; МойОфис Стандартный"
WS-ALR-1754;WS-ALR-1754;Иванов Иван;Геологоразведочная партия;Windows 10 Pro;8;8;256;"1С:Предприятие 8.3; Chromium-GOST; WinRAR; КОМПАС-3D; МойОфис Стандартный"
WS-ALR-1755;WS-ALR-1755;Алексеева Татьяна;Служба главного механика;Windows 10 Pro;6;8;240;"AutoCAD; Chromium-GOST; WinRAR; Р-7 Офис"
WS-ALR-1756;WS-ALR-1756;Степанов Дмитрий;Отдел кадров и делопроизводства;Windows 10 Pro;2;8;120;"Microsoft Office 2016; Microsoft Outlook; Mozilla Firefox; WinRAR"
WS-ALR-1757;WS-ALR-1757;Смирнов Сергей;Логистика, склады и снабжение;Windows 11 Pro;2;8;120;"1С:Предприятие 8.3; Chromium-GOST; Microsoft Office 2019; Microsoft Outlook; SAP GUI; Total Commander; WinRAR"
WS-ALR-1758;WS-ALR-1758;Кузнецов Сергей;Бухгалтерия и финансовый контроль;Windows 10 Pro;2;16;120;"1С:Предприятие 8.3; LibreOffice; VipNet Client; WinRAR; Яндекс Браузер"
WS-ALR-1759;WS-ALR-1759;Новикова Анна;Служба главного механика;Windows 10 Pro;8;8;1024;"7-Zip; Mozilla Firefox; VLC Media Player; КОМПАС-3D; Р-7 Офис"
WS-ALR-1760;WS-ALR-1760;Волкова Светлана;Управление информационных технологий;Windows 10 Pro;4;2;120;"7-Zip; Mozilla Firefox; МойОфис Стандартный"
WS-ALR-1761;WS-ALR-1761;Лебедева Наталья;Юридический департамент;Windows 10 Pro;4;8;500;"7-Zip; LibreOffice; Яндекс Браузер"
WS-ALR-1762;WS-ALR-1762;Новикова Юлия;Отдел кадров и делопроизводства;Windows 10 Pro;2;4;240;"7-Zip; Google Chrome; Microsoft Office 2019"
WS-ALR-1763;WS-ALR-1763;Федоров Евгений;Геологоразведочная партия;Windows 10 Pro;6;8;512;"Chromium-GOST; WinRAR; Р-7 Офис"
WS-ALR-1764;WS-ALR-1764;Лебедев Дмитрий;Отдел кадров и делопроизводства;Windows 10 Pro;2;8;240;"7-Zip; Google Chrome; Microsoft Office 2016; Microsoft Outlook"
WS-ALR-1765;WS-ALR-1765;Кузнецова Татьяна;Управление информационных технологий;Windows 11 Pro;4;8;120;"7-Zip; LibreOffice; Mozilla Firefox"
WS-ALR-1766;WS-ALR-1766;Николаева Ирина;Бухгалтерия и финансовый контроль;Windows 10 Pro;2;8;240;"1С:Предприятие 8.3; 7-Zip; Chromium-GOST; Microsoft Office 2019; Microsoft Outlook; КриптоПро CSP"
WS-ALR-1767;WS-ALR-1767;Петрова Ирина;Логистика, склады и снабжение;Windows 10 Pro;2;4;240;"1С:Предприятие 8.3; Chromium-GOST; Microsoft Office 2016; Microsoft Outlook; Total Commander; WinRAR"
WS-ALR-1768;WS-ALR-1768;Козлов Роман;Служба главного механика;Windows 10 Pro;4;8;240;"7-Zip; Mozilla Firefox; VLC Media Player; КОМПАС-3D; МойОфис Стандартный"
WS-ALR-1769;WS-ALR-1769;Кузнецов Евгений;Управление информационных технологий;Windows 10 Pro;6;8;120;"7-Zip; Google Chrome; Р-7 Офис"
WS-ALR-1770;WS-ALR-1770;Егорова Елена;Бухгалтерия и финансовый контроль;Windows 10 Pro;4;8;120;"1С:Предприятие 8.3; Mozilla Firefox; WinRAR; МойОфис Стандартный"
WS-ALR-1771;WS-ALR-1771;Егоров Максим;Логистика, склады и снабжение;Windows 10 Pro;2;4;240;"1С:Предприятие 8.3; WinRAR; Р-7 Офис; Яндекс Браузер"
WS-ALR-1772;WS-ALR-1772;Семенов Максим;Отдел кадров и делопроизводства;Windows 10 Pro;6;8;240;"7-Zip; Google Chrome; Р-7 Офис"
WS-ALR-1773;WS-ALR-1773;Кузнецова Анна;Служба главного механика;Windows 10 Pro;4;16;1024;"Google Chrome; WinRAR; КОМПАС-3D; МойОфис Стандартный"
WS-ALR-1774;WS-ALR-1774;Михайлова Анна;Бухгалтерия и финансовый контроль;Windows 10 Pro;6;8;120;"1С:Предприятие 8.3; Google Chrome; Microsoft Office 2019; Microsoft Outlook; WinRAR; КриптоПро CSP"
WS-ALR-1775;WS-ALR-1775;Васильев Дмитрий;Управление информационных технологий;Windows 10 Pro;6;8;120;"7-Zip; Microsoft Office 2019; Microsoft Outlook; Яндекс Браузер"
WS-ALR-1776;WS-ALR-1776;Козлова Наталья;Отдел кадров и делопроизводства;Windows 10 Pro;4;8;120;"Google Chrome; Microsoft Office 2019; Microsoft Outlook; WinRAR"
WS-ALR-1777;WS-ALR-1777;Михайлов Дмитрий;Служба главного механика;Windows 10 Pro;4;16;500;"7-Zip; Chromium-GOST; КОМПАС-3D; МойОфис Стандартный"
WS-ALR-1778;WS-ALR-1778;Егорова Анна;Отдел кадров и делопроизводства;Windows 11 Pro;4;8;120;"7-Zip; Chromium-GOST; Microsoft Office 2016; Microsoft Outlook"
WS-ALR-1779;WS-ALR-1779;Степанова Ирина;Управление информационных технологий;Windows 10 Pro;4;8;500;"WinRAR; Р-7 Офис; Яндекс Браузер"
WS-ALR-1780;WS-ALR-1780;Соколова Елена;Юридический департамент;Windows 11 Pro;4;8;500;"Adobe Acrobat Reader; WinRAR; КриптоПро CSP; Р-7 Офис; Яндекс Браузер"
WS-ALR-1781;WS-ALR-1781;Николаева Светлана;Логистика, склады и снабжение;Windows 10 Pro;2;8;240;"1С:Предприятие 8.3; 7-Zip; Microsoft Office 2016; Microsoft Outlook; Mozilla Firefox; Total Commander"
WS-ALR-1782;WS-ALR-1782;Степанов Роман;Логистика, склады и снабжение;Windows 11 Pro;4;2;500;"1С:Предприятие 8.3; 7-Zip; Mozilla Firefox; МойОфис Стандартный"
WS-ALR-1783;WS-ALR-1783;Козлов Сергей;Отдел кадров и делопроизводства;Windows 10 Pro;4;8;240;"WinRAR; Р-7 Офис; Яндекс Браузер"
WS-ALR-1784;WS-ALR-1784;Кузнецов Дмитрий;Бухгалтерия и финансовый контроль;Windows 10 Pro;2;8;500;"1С:Предприятие 8.3; WinRAR; МойОфис Стандартный; Яндекс Браузер"
WS-ALR-1785;WS-ALR-1785;Кузнецова Юлия;Отдел кадров и делопроизводства;Windows 10 Pro;4;8;500;"Chromium-GOST; WinRAR; МойОфис Стандартный"
WS-ALR-1786;WS-ALR-1786;Соколова Елена;Логистика, склады и снабжение;Windows 10 Pro;2;8;120;"1С:Предприятие 8.3; 7-Zip; Mozilla Firefox; Total Commander; Р-7 Офис"
WS-ALR-1787;WS-ALR-1787;Степанова Анна;Юридический департамент;Windows 10 Pro;2;4;500;"7-Zip; Adobe Acrobat Reader; Chromium-GOST; Microsoft Office 2016; Microsoft Outlook; КриптоПро CSP"
WS-ALR-1788;WS-ALR-1788;Федоров Андрей;Бухгалтерия и финансовый контроль;Windows 10 Pro;4;8;240;"1С:Предприятие 8.3; 7-Zip; LibreOffice; Mozilla Firefox; VipNet Client; КриптоПро CSP"
WS-ALR-1789;WS-ALR-1789;Иванов Артем;Геологоразведочная партия;Windows 11 Pro;8;16;1024;"Chromium-GOST; WinRAR; МойОфис Стандартный"
WS-ALR-1790;WS-ALR-1790;Васильев Дмитрий;Геологоразведочная партия;Windows 10 Pro;6;16;1024;"1С:Предприятие 8.3; Microsoft Office 2016; Microsoft Outlook; WinRAR; Яндекс Браузер"
WS-ALR-1791;WS-ALR-1791;Михайлов Евгений;Логистика, склады и снабжение;Windows 10 Pro;2;8;500;"1С:Предприятие 8.3; 7-Zip; Р-7 Офис; Яндекс Браузер"
WS-ALR-1792;WS-ALR-1792;Павлов Михаил;Отдел кадров и делопроизводства;Windows 7 Pro (legacy);2;4;240;"7-Zip; Р-7 Офис; Яндекс Браузер"
WS-ALR-1793;WS-ALR-1793;Лебедев Михаил;Управление информационных технологий;Windows 10 Pro;2;8;120;"7-Zip; Chromium-GOST; Р-7 Офис"
WS-ALR-1794;WS-ALR-1794;Кузнецова Светлана;Бухгалтерия и финансовый контроль;Windows 10 Pro;4;8;500;"1С:Предприятие 8.3; Chromium-GOST; Microsoft Office 2016; WinRAR"
WS-ALR-1795;WS-ALR-1795;Иванов Алексей;Логистика, склады и снабжение;Windows 10 Pro;2;4;500;"1С:Предприятие 8.3; 7-Zip; Google Chrome; Microsoft Office 2016; Microsoft Outlook; SAP GUI; Total Commander"
WS-ALR-1796;WS-ALR-1796;Степанова Татьяна;Бухгалтерия и финансовый контроль;Windows 11 Pro;4;8;240;"1С:Предприятие 8.3; 7-Zip; Microsoft Office 2019; Microsoft Outlook; КриптоПро CSP; Яндекс Браузер"
WS-ALR-1797;WS-ALR-1797;Николаев Максим;Бухгалтерия и финансовый контроль;Windows 10 Pro;2;4;120;"1С:Предприятие 8.3; 7-Zip; Microsoft Office 2016; Mozilla Firefox; VipNet Client; КриптоПро CSP"
WS-ALR-1798;WS-ALR-1798;Новиков Иван;Логистика, склады и снабжение;Windows 10 Pro;2;4;240;"1С:Предприятие 8.3; 7-Zip; Total Commander; МойОфис Стандартный; Яндекс Браузер"
WS-ALR-1799;WS-ALR-1799;Федоров Михаил;Геологоразведочная партия;Windows 10 Pro;8;8;256;"1С:Предприятие 8.3; 7-Zip; AutoCAD; Microsoft Office 2016; Mozilla Firefox"
WS-ALR-1800;WS-ALR-1800;Степанов Евгений;Бухгалтерия и финансовый контроль;Windows 10 Pro;4;8;500;"1С:Предприятие 8.3; 7-Zip; Microsoft Office 2016; VipNet Client; КриптоПро CSP; Яндекс Браузер"
WS-ALR-1801;WS-ALR-1801;Васильева Елена;Управление информационных технологий;Windows 10 Pro;4;8;240;"WinRAR; Р-7 Офис; Яндекс Браузер"
WS-ALR-1802;WS-ALR-1802;Новикова Татьяна;Юридический департамент;Windows 11 Pro;2;8;500;"Adobe Acrobat Reader; Microsoft Office 2019; Microsoft Outlook; Mozilla Firefox; WinRAR; КриптоПро CSP"
WS-ALR-1803;WS-ALR-1803;Козлова Светлана;Юридический департамент;Windows 10 Pro;4;4;500;"Mozilla Firefox; WinRAR; КриптоПро CSP; МойОфис Стандартный"
WS-ALR-1804;WS-ALR-1804;Васильев Артем;Бухгалтерия и финансовый контроль;Windows 11 Pro;2;4;240;"1С:Предприятие 8.3; Mozilla Firefox; WinRAR; КриптоПро CSP; МойОфис Стандартный"
WS-ALR-1805;WS-ALR-1805;Васильев Иван;Юридический департамент;Windows 10 Pro;6;8;120;"7-Zip; Adobe Acrobat Reader; Mozilla Firefox; SolidWorks; КриптоПро CSP; МойОфис Стандартный"
WS-ALR-1806;WS-ALR-1806;Семенов Сергей;Отдел кадров и делопроизводства;Windows 7 Pro (legacy);4;16;240;"7-Zip; Chromium-GOST; Microsoft Office 2019; Microsoft Outlook"
WS-ALR-1807;WS-ALR-1807;Васильева Юлия;Геологоразведочная партия;Windows 10 Pro;6;16;1024;"7-Zip; Chromium-GOST; Р-7 Офис"
WS-ALR-1808;WS-ALR-1808;Егорова Наталья;Отдел кадров и делопроизводства;Windows 10 Pro;2;8;240;"WinRAR; МойОфис Стандартный; Яндекс Браузер"
WS-ALR-1809;WS-ALR-1809;Смирнов Иван;Геологоразведочная партия;Windows 10 Pro;8;16;512;"7-Zip; Chromium-GOST; Р-7 Офис"
WS-ALR-1810;WS-ALR-1810;Васильев Михаил;Юридический департамент;Windows 10 Pro;2;8;120;"Adobe Acrobat Reader; Google Chrome; WinRAR; МойОфис Стандартный"
WS-ALR-1811;WS-ALR-1811;Кузнецова Юлия;Логистика, склады и снабжение;Windows 10 Pro;2;16;500;"1С:Предприятие 8.3; 7-Zip; Chromium-GOST; Microsoft Office 2019; Total Commander"
WS-ALR-1812;WS-ALR-1812;Павлов Артем;Логистика, склады и снабжение;Windows 10 Pro;2;8;120;"1С:Предприятие 8.3; 7-Zip; Mozilla Firefox; МойОфис Стандартный"
WS-ALR-1813;WS-ALR-1813;Федорова Анна;Управление информационных технологий;Windows 7 Pro (legacy);4;4;500;"Chromium-GOST; Microsoft Office 2019; Microsoft Outlook; WinRAR"
WS-ALR-1814;WS-ALR-1814;Смирнов Михаил;Бухгалтерия и финансовый контроль;Windows 7 Pro (legacy);2;8;120;"1С:Предприятие 8.3; LibreOffice; SAP GUI; WinRAR; КриптоПро CSP; Яндекс Браузер"
WS-ALR-1815;WS-ALR-1815;Николаева Мария;Отдел кадров и делопроизводства;Windows 10 Pro;6;8;500;"WinRAR; Р-7 Офис; Яндекс Браузер"
WS-ALR-1816;WS-ALR-1816;Кузнецов Алексей;Бухгалтерия и финансовый контроль;Windows 10 Pro;4;8;500;"1С:Предприятие 8.3; Microsoft Office 2016; Microsoft Outlook; WinRAR; Яндекс Браузер"
WS-ALR-1817;WS-ALR-1817;Иванов Роман;Геологоразведочная партия;Windows 10 Pro;6;16;512;"AutoCAD; Mozilla Firefox; WinRAR; МойОфис Стандартный"
WS-ALR-1818;WS-ALR-1818;Морозова Юлия;Юридический департамент;Windows 10 Pro;2;8;120;"Adobe Acrobat Reader; Mozilla Firefox; WinRAR; Р-7 Офис"
WS-ALR-1819;WS-ALR-1819;Лебедев Максим;Бухгалтерия и финансовый контроль;Windows 10 Pro;4;4;500;"1С:Предприятие 8.3; 7-Zip; Chromium-GOST; КриптоПро CSP; МойОфис Стандартный"
WS-ALR-1820;WS-ALR-1820;Степанов Сергей;Геологоразведочная партия;Windows 10 Pro;6;8;256;"7-Zip; Mozilla Firefox; МойОфис Стандартный"
WS-ALR-1821;WS-ALR-1821;Федорова Наталья;Юридический департамент;Windows 11 Pro;2;8;240;"Adobe Acrobat Reader; Mozilla Firefox; WinRAR; МойОфис Стандартный"
WS-ALR-1822;WS-ALR-1822;Кузнецова Елена;Логистика, склады и снабжение;Windows 11 Pro;4;8;500;"1С:Предприятие 8.3; Mozilla Firefox; WinRAR; Р-7 Офис"
WS-ALR-1823;WS-ALR-1823;Козлов Дмитрий;Геологоразведочная партия;Windows 10 Pro;8;32;256;"7-Zip; LibreOffice; Mozilla Firefox; SolidWorks; КОМПАС-3D"
WS-ALR-1824;WS-ALR-1824;Смирнов Евгений;Управление информационных технологий;Windows 11 Pro;2;8;240;"WinRAR; Р-7 Офис; Яндекс Браузер"
WS-ALR-1825;WS-ALR-1825;Морозов Андрей;Бухгалтерия и финансовый контроль;Windows 10 Pro;4;8;240;"1С:Предприятие 8.3; Mozilla Firefox; SAP GUI; WinRAR; МойОфис Стандартный"
WS-ALR-1826;WS-ALR-1826;Иванова Ирина;Геологоразведочная партия;Windows 10 Pro;2;8;256;"SolidWorks; WinRAR; Р-7 Офис; Яндекс Браузер"
WS-ALR-1827;WS-ALR-1827;Васильева Мария;Логистика, склады и снабжение;Windows 11 Pro;4;2;120;"1С:Предприятие 8.3; Chromium-GOST; SAP GUI; WinRAR; Р-7 Офис"
WS-ALR-1828;WS-ALR-1828;Павлов Максим;Управление информационных технологий;Windows 10 Pro;4;8;500;"Microsoft Office 2016; Mozilla Firefox; WinRAR"
WS-ALR-1829;WS-ALR-1829;Козлова Наталья;Юридический департамент;Windows 10 Pro;2;8;240;"Adobe Acrobat Reader; Chromium-GOST; WinRAR; МойОфис Стандартный"
WS-ALR-1830;WS-ALR-1830;Михайлов Артем;Бухгалтерия и финансовый контроль;Windows 7 Pro (legacy);4;4;120;"1С:Предприятие 8.3; 7-Zip; Microsoft Office 2016; Microsoft Outlook; VipNet Client; КриптоПро CSP; Яндекс Браузер"
WS-ALR-1831;WS-ALR-1831;Егорова Татьяна;Геологоразведочная партия;Windows 10 Pro;6;4;1024;"7-Zip; Microsoft Office 2016; Microsoft Outlook; Mozilla Firefox; КОМПАС-3D"
WS-ALR-1832;WS-ALR-1832;Михайлов Роман;Управление информационных технологий;Windows 10 Pro;2;4;120;"Mozilla Firefox; WinRAR; МойОфис Стандартный"
WS-ALR-1833;WS-ALR-1833;Козлов Евгений;Логистика, склады и снабжение;Windows 10 Pro;2;4;120;"1С:Предприятие 8.3; 7-Zip; Mozilla Firefox; SAP GUI; МойОфис Стандартный"
WS-ALR-1834;WS-ALR-1834;Семенов Роман;Управление информационных технологий;Windows 10 Pro;4;8;120;"7-Zip; Chromium-GOST; Р-7 Офис"
WS-ALR-1835;WS-ALR-1835;Иванова Ирина;Логистика, склады и снабжение;Windows 11 Pro;4;4;240;"1С:Предприятие 8.3; Google Chrome; WinRAR; Р-7 Офис"
WS-ALR-1836;WS-ALR-1836;Соколов Михаил;Юридический департамент;Windows 11 Pro;4;4;240;"7-Zip; Adobe Acrobat Reader; Microsoft Office 2019; Microsoft Outlook; Mozilla Firefox"
WS-ALR-1837;WS-ALR-1837;Лебедева Анна;Управление информационных технологий;Windows 7 Pro (legacy);4;4;120;"Google Chrome; Microsoft Office 2019; Microsoft Outlook; WinRAR"
WS-ALR-1838;WS-ALR-1838;Алексеев Михаил;Логистика, склады и снабжение;Windows 10 Pro;2;2;120;"1С:Предприятие 8.3; Chromium-GOST; WinRAR; Р-7 Офис"
WS-ALR-1839;WS-ALR-1839;Павлова Анна;Бухгалтерия и финансовый контроль;Windows 10 Pro;4;8;120;"1С:Предприятие 8.3; 7-Zip; Mozilla Firefox; SAP GUI; КриптоПро CSP; МойОфис Стандартный"
WS-ALR-1840;WS-ALR-1840;Кузнецова Светлана;Бухгалтерия и финансовый контроль;Windows 11 Pro;4;8;120;"1С:Предприятие 8.3; 7-Zip; Microsoft Office 2019; Microsoft Outlook; SAP GUI; КриптоПро CSP; Яндекс Браузер"
WS-ALR-1841;WS-ALR-1841;Васильев Алексей;Управление информационных технологий;Windows 10 Pro;2;8;240;"7-Zip; Google Chrome; Microsoft Office 2016"
WS-ALR-1842;WS-ALR-1842;Степанова Ольга;Служба главного механика;Windows 10 Pro;4;8;240;"7-Zip; AutoCAD; LibreOffice; Яндекс Браузер"
WS-ALR-1843;WS-ALR-1843;Васильев Дмитрий;Логистика, склады и снабжение;Windows 7 Pro (legacy);2;8;240;"1С:Предприятие 8.3; Google Chrome; SAP GUI; WinRAR; МойОфис Стандартный"
WS-ALR-1844;WS-ALR-1844;Морозов Дмитрий;Геологоразведочная партия;Windows 10 Pro;6;8;1024;"1С:Предприятие 8.3; AutoCAD; Google Chrome; Microsoft Office 2019; Microsoft Outlook; WinRAR"
WS-ALR-1845;WS-ALR-1845;Волкова Анна;Юридический департамент;Windows 10 Pro;4;8;240;"Google Chrome; WinRAR; КриптоПро CSP; Р-7 Офис"
WS-ALR-1846;WS-ALR-1846;Попов Михаил;Управление информационных технологий;Windows 7 Pro (legacy);4;8;240;"Mozilla Firefox; WinRAR; МойОфис Стандартный"
WS-ALR-1847;WS-ALR-1847;Попова Татьяна;Отдел кадров и делопроизводства;Windows 10 Pro;4;8;240;"7-Zip; Mozilla Firefox; Р-7 Офис"
WS-ALR-1848;WS-ALR-1848;Лебедев Михаил;Бухгалтерия и финансовый контроль;Windows 10 Pro;4;16;120;"1С:Предприятие 8.3; Chromium-GOST; Microsoft Office 2019; Microsoft Outlook; VipNet Client; WinRAR; КриптоПро CSP"
WS-ALR-1849;WS-ALR-1849;Кузнецов Алексей;Служба главного механика;Windows 10 Pro;6;8;1024;"AutoCAD; WinRAR; Р-7 Офис; Яндекс Браузер"
WS-ALR-1850;WS-ALR-1850;Степанова Наталья;Отдел кадров и делопроизводства;Windows 10 Pro;2;4;240;"7-Zip; Google Chrome; МойОфис Стандартный"
WS-ALR-1851;WS-ALR-1851;Семенов Роман;Логистика, склады и снабжение;Windows 7 Pro (legacy);2;4;240;"1С:Предприятие 8.3; Google Chrome; Total Commander; WinRAR; МойОфис Стандартный"
WS-ALR-1852;WS-ALR-1852;Степанова Наталья;Бухгалтерия и финансовый контроль;Windows 10 Pro;4;4;120;"1С:Предприятие 8.3; WinRAR; Р-7 Офис; Яндекс Браузер"
WS-ALR-1853;WS-ALR-1853;Морозова Татьяна;Отдел кадров и делопроизводства;Windows 10 Pro;2;8;120;"Chromium-GOST; Microsoft Office 2016; Microsoft Outlook; WinRAR"
WS-ALR-1854;WS-ALR-1854;Семенова Мария;Отдел кадров и делопроизводства;Windows 7 Pro (legacy);6;8;240;"7-Zip; Microsoft Office 2019; Mozilla Firefox"
WS-ALR-1855;WS-ALR-1855;Егорова Ирина;Логистика, склады и снабжение;Windows 10 Pro;2;8;240;"1С:Предприятие 8.3; 7-Zip; Chromium-GOST; Microsoft Office 2019; Microsoft Outlook; SAP GUI; Total Commander"
WS-ALR-1856;WS-ALR-1856;Михайлова Ирина;Бухгалтерия и финансовый контроль;Windows 10 Pro;4;4;120;"1С:Предприятие 8.3; 7-Zip; Microsoft Office 2019; Microsoft Outlook; Mozilla Firefox; КриптоПро CSP"
WS-ALR-1857;WS-ALR-1857;Васильева Мария;Юридический департамент;Windows 10 Pro;4;4;240;"Adobe Acrobat Reader; Microsoft Office 2016; Microsoft Outlook; Mozilla Firefox; WinRAR; КриптоПро CSP"
WS-ALR-1858;WS-ALR-1858;Михайлов Иван;Служба главного механика;Windows 10 Pro;6;16;1024;"7-Zip; Chromium-GOST; VLC Media Player; КОМПАС-3D; МойОфис Стандартный"
WS-ALR-1859;WS-ALR-1859;Кузнецов Алексей;Бухгалтерия и финансовый контроль;Windows 10 Pro;2;8;120;"1С:Предприятие 8.3; Google Chrome; SAP GUI; WinRAR; МойОфис Стандартный"
WS-ALR-1860;WS-ALR-1860;Николаев Михаил;Бухгалтерия и финансовый контроль;Windows 10 Pro;4;2;240;"1С:Предприятие 8.3; 7-Zip; Google Chrome; КриптоПро CSP; Р-7 Офис"
WS-ALR-1861;WS-ALR-1861;Морозова Наталья;Бухгалтерия и финансовый контроль;Windows 10 Pro;4;8;500;"1С:Предприятие 8.3; 7-Zip; Microsoft Office 2016; Microsoft Outlook; КриптоПро CSP; Яндекс Браузер"
WS-ALR-1862;WS-ALR-1862;Соколов Максим;Бухгалтерия и финансовый контроль;Windows 10 Pro;2;8;240;"1С:Предприятие 8.3; 7-Zip; Chromium-GOST; VipNet Client; КриптоПро CSP; Р-7 Офис"
WS-ALR-1863;WS-ALR-1863;Смирнова Светлана;Геологоразведочная партия;Windows 10 Pro;6;32;512;"7-Zip; Microsoft Office 2019; Microsoft Outlook; Mozilla Firefox; SolidWorks; КОМПАС-3D"
WS-ALR-1864;WS-ALR-1864;Морозова Юлия;Юридический департамент;Windows 10 Pro;4;4;240;"Adobe Acrobat Reader; Chromium-GOST; WinRAR; МойОфис Стандартный"
WS-ALR-1865;WS-ALR-1865;Васильев Дмитрий;Служба главного механика;Windows 10 Pro;4;16;1024;"AutoCAD; Microsoft Office 2019; Microsoft Outlook; Mozilla Firefox; WinRAR"
WS-ALR-1866;WS-ALR-1866;Иванова Екатерина;Отдел кадров и делопроизводства;Windows 10 Pro;4;8;120;"7-Zip; МойОфис Стандартный; Яндекс Браузер"
WS-ALR-1867;WS-ALR-1867;Волкова Светлана;Управление информационных технологий;Windows 10 Pro;4;8;240;"Google Chrome; Microsoft Office 2016; Microsoft Outlook; WinRAR"
WS-ALR-1868;WS-ALR-1868;Николаева Елена;Юридический департамент;Windows 10 Pro;4;8;120;"Chromium-GOST; Microsoft Office 2016; WinRAR"
WS-ALR-1869;WS-ALR-1869;Павлова Юлия;Логистика, склады и снабжение;Windows 10 Pro;2;4;500;"1С:Предприятие 8.3; Google Chrome; SAP GUI; WinRAR; МойОфис Стандартный"
WS-ALR-1870;WS-ALR-1870;Лебедев Михаил;Геологоразведочная партия;Windows 11 Pro;6;16;256;"1С:Предприятие 8.3; 7-Zip; Chromium-GOST; Microsoft Office 2016; SolidWorks; КОМПАС-3D"
WS-ALR-1871;WS-ALR-1871;Козлова Екатерина;Отдел кадров и делопроизводства;Windows 10 Pro;2;8;120;"Google Chrome; Microsoft Office 2016; Microsoft Outlook; WinRAR"
WS-ALR-1872;WS-ALR-1872;Кузнецов Алексей;Логистика, склады и снабжение;Windows 10 Pro;2;2;500;"1С:Предприятие 8.3; 7-Zip; Chromium-GOST; Microsoft Office 2019"
WS-ALR-1873;WS-ALR-1873;Федорова Ирина;Служба главного механика;Windows 10 Pro;6;8;1024;"Chromium-GOST; WinRAR; КОМПАС-3D; Р-7 Офис"
WS-ALR-1874;WS-ALR-1874;Павлова Светлана;Логистика, склады и снабжение;Windows 10 Pro;4;4;120;"1С:Предприятие 8.3; Chromium-GOST; WinRAR; Р-7 Офис"
WS-ALR-1875;WS-ALR-1875;Федорова Мария;Бухгалтерия и финансовый контроль;Windows 7 Pro (legacy);4;4;240;"1С:Предприятие 8.3; 7-Zip; Microsoft Office 2016; Microsoft Outlook; Яндекс Браузер"
WS-ALR-1876;WS-ALR-1876;Козлова Юлия;Геологоразведочная партия;Windows 11 Pro;8;32;512;"WinRAR; Р-7 Офис; Яндекс Браузер"
WS-ALR-1877;WS-ALR-1877;Козлов Артем;Управление информационных технологий;Windows 11 Pro;2;4;500;"7-Zip; Mozilla Firefox; МойОфис Стандартный"
WS-ALR-1878;WS-ALR-1878;Козлов Дмитрий;Юридический департамент;Windows 10 Pro;4;4;240;"Adobe Acrobat Reader; WinRAR; КриптоПро CSP; Р-7 Офис; Яндекс Браузер"
WS-ALR-1879;WS-ALR-1879;Павлова Наталья;Логистика, склады и снабжение;Windows 10 Pro;2;4;240;"1С:Предприятие 8.3; Mozilla Firefox; WinRAR; Р-7 Офис"
WS-ALR-1880;WS-ALR-1880;Новиков Иван;Управление информационных технологий;Windows 10 Pro;4;8;120;"WinRAR; Р-7 Офис; Яндекс Браузер"
WS-ALR-1881;WS-ALR-1881;Павлова Татьяна;Служба главного механика;Windows 10 Pro;4;16;240;"7-Zip; AutoCAD; Google Chrome; Р-7 Офис"
WS-ALR-1882;WS-ALR-1882;Федоров Евгений;Отдел кадров и делопроизводства;Windows 11 Pro;4;4;500;"Mozilla Firefox; WinRAR; МойОфис Стандартный"
WS-ALR-1883;WS-ALR-1883;Соколов Артем;Управление информационных технологий;Windows 11 Pro;6;8;240;"7-Zip; Microsoft Office 2019; Яндекс Браузер"
WS-ALR-1884;WS-ALR-1884;Семенов Сергей;Логистика, склады и снабжение;Windows 10 Pro;2;2;120;"1С:Предприятие 8.3; Microsoft Office 2019; Microsoft Outlook; WinRAR; Яндекс Браузер"
WS-ALR-1885;WS-ALR-1885;Смирнов Иван;Бухгалтерия и финансовый контроль;Windows 10 Pro;4;8;120;"1С:Предприятие 8.3; 7-Zip; Chromium-GOST; LibreOffice; SAP GUI"
WS-ALR-1886;WS-ALR-1886;Иванова Екатерина;Юридический департамент;Windows 10 Pro;4;8;120;"Microsoft Office 2019; Mozilla Firefox; WinRAR"
WS-ALR-1887;WS-ALR-1887;Козлов Михаил;Логистика, склады и снабжение;Windows 10 Pro;2;4;240;"1С:Предприятие 8.3; 7-Zip; Google Chrome; МойОфис Стандартный"
WS-ALR-1888;WS-ALR-1888;Егорова Анна;Логистика, склады и снабжение;Windows 11 Pro;2;4;120;"1С:Предприятие 8.3; Google Chrome; Microsoft Office 2016; WinRAR"
WS-ALR-1889;WS-ALR-1889;Козлова Екатерина;Бухгалтерия и финансовый контроль;Windows 11 Pro;4;2;240;"1С:Предприятие 8.3; 7-Zip; Microsoft Office 2016; Microsoft Outlook; КриптоПро CSP; Яндекс Браузер"
WS-ALR-1890;WS-ALR-1890;Волков Сергей;Бухгалтерия и финансовый контроль;Windows 10 Pro;4;16;120;"1С:Предприятие 8.3; Google Chrome; Microsoft Office 2016; WinRAR; КриптоПро CSP"
WS-ALR-1891;WS-ALR-1891;Семенова Екатерина;Управление информационных технологий;Windows 10 Pro;4;8;500;"Mozilla Firefox; WinRAR; Р-7 Офис"
WS-ALR-1892;WS-ALR-1892;Федоров Андрей;Служба главного механика;Windows 10 Pro;6;4;1024;"7-Zip; Google Chrome; КОМПАС-3D; МойОфис Стандартный"
WS-ALR-1893;WS-ALR-1893;Морозова Юлия;Служба главного механика;Windows 7 Pro (legacy);4;16;500;"7-Zip; Google Chrome; Microsoft Office 2016; Microsoft Outlook; VLC Media Player; КОМПАС-3D"
WS-ALR-1894;WS-ALR-1894;Иванова Татьяна;Бухгалтерия и финансовый контроль;Windows 10 Pro;4;8;500;"1С:Предприятие 8.3; Mozilla Firefox; WinRAR; КриптоПро CSP; МойОфис Стандартный"
WS-ALR-1895;WS-ALR-1895;Соколова Наталья;Юридический департамент;Windows 11 Pro;4;8;120;"7-Zip; Adobe Acrobat Reader; Chromium-GOST; Р-7 Офис"
WS-ALR-1896;WS-ALR-1896;Козлова Наталья;Служба главного механика;Windows 11 Pro;4;16;240;"Microsoft Office 2019; Microsoft Outlook; Mozilla Firefox; WinRAR; КОМПАС-3D"
WS-ALR-1897;WS-ALR-1897;Васильева Татьяна;Бухгалтерия и финансовый контроль;Windows 10 Pro;4;4;120;"1С:Предприятие 8.3; Chromium-GOST; SAP GUI; WinRAR; МойОфис Стандартный"
WS-ALR-1898;WS-ALR-1898;Михайлов Иван;Отдел кадров и делопроизводства;Windows 10 Pro;4;8;120;"WinRAR; Р-7 Офис; Яндекс Браузер"
WS-ALR-1899;WS-ALR-1899;Семенова Мария;Логистика, склады и снабжение;Windows 10 Pro;4;2;240;"1С:Предприятие 8.3; Microsoft Office 2016; Mozilla Firefox; SAP GUI; WinRAR"
WS-ALR-1900;WS-ALR-1900;Морозова Елена;Отдел кадров и делопроизводства;Windows 10 Pro;4;4;500;"Microsoft Office 2016; Microsoft Outlook; WinRAR; Яндекс Браузер"
WS-ALR-1901;WS-ALR-1901;Кузнецова Екатерина;Служба главного механика;Windows 10 Pro;6;8;1024;"Google Chrome; WinRAR; КОМПАС-3D; Р-7 Офис"
WS-ALR-1902;WS-ALR-1902;Козлова Анна;Логистика, склады и снабжение;Windows 10 Pro;2;4;500;"1С:Предприятие 8.3; Mozilla Firefox; SAP GUI; Total Commander; WinRAR; МойОфис Стандартный"
WS-ALR-1903;WS-ALR-1903;Алексеева Ирина;Логистика, склады и снабжение;Windows 10 Pro;2;2;240;"1С:Предприятие 8.3; 7-Zip; МойОфис Стандартный; Яндекс Браузер"
WS-ALR-1904;WS-ALR-1904;Кузнецова Елена;Служба главного механика;Windows 11 Pro;6;16;240;"AutoCAD; Chromium-GOST; Microsoft Office 2019; WinRAR"
WS-ALR-1905;WS-ALR-1905;Егоров Алексей;Юридический департамент;Windows 10 Pro;4;2;500;"7-Zip; Adobe Acrobat Reader; МойОфис Стандартный; Яндекс Браузер"
WS-ALR-1906;WS-ALR-1906;Алексеев Михаил;Отдел кадров и делопроизводства;Windows 10 Pro;4;8;120;"Google Chrome; Microsoft Office 2016; WinRAR"
WS-ALR-1907;WS-ALR-1907;Михайлов Дмитрий;Геологоразведочная партия;Windows 10 Pro;2;16;512;"1С:Предприятие 8.3; AutoCAD; Google Chrome; WinRAR; Р-7 Офис"
WS-ALR-1908;WS-ALR-1908;Иванова Наталья;Отдел кадров и делопроизводства;Windows 11 Pro;4;8;500;"7-Zip; Microsoft Office 2019; Яндекс Браузер"
WS-ALR-1909;WS-ALR-1909;Морозов Андрей;Бухгалтерия и финансовый контроль;Windows 10 Pro;4;4;500;"1С:Предприятие 8.3; Google Chrome; Microsoft Office 2016; Microsoft Outlook; VipNet Client; WinRAR; КриптоПро CSP"
WS-ALR-1910;WS-ALR-1910;Павлов Максим;Логистика, склады и снабжение;Windows 7 Pro (legacy);4;4;240;"1С:Предприятие 8.3; Total Commander; WinRAR; Р-7 Офис; Яндекс Браузер"
WS-ALR-1911;WS-ALR-1911;Кузнецов Роман;Бухгалтерия и финансовый контроль;Windows 10 Pro;4;4;120;"1С:Предприятие 8.3; 7-Zip; Microsoft Office 2019; Яндекс Браузер"
WS-ALR-1912;WS-ALR-1912;Попова Наталья;Бухгалтерия и финансовый контроль;Windows 11 Pro;4;4;500;"1С:Предприятие 8.3; 7-Zip; Microsoft Office 2016; Microsoft Outlook; Яндекс Браузер"
WS-ALR-1913;WS-ALR-1913;Михайлов Михаил;Управление информационных технологий;Windows 10 Pro;4;8;500;"Google Chrome; WinRAR; Р-7 Офис"
WS-ALR-1914;WS-ALR-1914;Егорова Татьяна;Служба главного механика;Windows 10 Pro;4;16;240;"1С:Предприятие 8.3; LibreOffice; Mozilla Firefox; VLC Media Player; WinRAR"
WS-ALR-1915;WS-ALR-1915;Николаев Михаил;Юридический департамент;Windows 10 Pro;2;4;240;"7-Zip; Adobe Acrobat Reader; Chromium-GOST; Р-7 Офис"
WS-ALR-1916;WS-ALR-1916;Семенов Михаил;Служба главного механика;Windows 10 Pro;4;8;1024;"1С:Предприятие 8.3; 7-Zip; Chromium-GOST; МойОфис Стандартный"
WS-ALR-1917;WS-ALR-1917;Петров Роман;Логистика, склады и снабжение;Windows 10 Pro;2;16;120;"1С:Предприятие 8.3; 7-Zip; Google Chrome; Total Commander; Р-7 Офис"
WS-ALR-1918;WS-ALR-1918;Козлов Евгений;Отдел кадров и делопроизводства;Windows 11 Pro;4;4;240;"Microsoft Office 2019; Microsoft Outlook; WinRAR; Яндекс Браузер"
WS-ALR-1919;WS-ALR-1919;Новикова Ирина;Юридический департамент;Windows 10 Pro;4;8;240;"Google Chrome; Microsoft Office 2016; WinRAR; КриптоПро CSP"
WS-ALR-1920;WS-ALR-1920;Кузнецова Татьяна;Управление информационных технологий;Windows 10 Pro;4;8;120;"7-Zip; Chromium-GOST; Р-7 Офис"
WS-ALR-1921;WS-ALR-1921;Козлова Екатерина;Логистика, склады и снабжение;Windows 10 Pro;4;2;240;"1С:Предприятие 8.3; 7-Zip; Microsoft Office 2019; Microsoft Outlook; SAP GUI; Яндекс Браузер"
WS-ALR-1922;WS-ALR-1922;Степанов Дмитрий;Служба главного механика;Windows 11 Pro;4;8;1024;"Mozilla Firefox; VLC Media Player; WinRAR; КОМПАС-3D; МойОфис Стандартный"
WS-ALR-1923;WS-ALR-1923;Козлов Михаил;Юридический департамент;Windows 10 Pro;4;8;120;"7-Zip; Adobe Acrobat Reader; Chromium-GOST; Microsoft Office 2019; Microsoft Outlook"
WS-ALR-1924;WS-ALR-1924;Алексеева Екатерина;Отдел кадров и делопроизводства;Windows 10 Pro;2;8;500;"Chromium-GOST; WinRAR; Р-7 Офис"
WS-ALR-1925;WS-ALR-1925;Алексеева Юлия;Бухгалтерия и финансовый контроль;Windows 11 Pro;4;16;120;"1С:Предприятие 8.3; 7-Zip; LibreOffice; Яндекс Браузер"
WS-ALR-1926;WS-ALR-1926;Васильев Дмитрий;Геологоразведочная партия;Windows 10 Pro;8;16;256;"AutoCAD; Chromium-GOST; Microsoft Office 2016; Microsoft Outlook; WinRAR"
WS-ALR-1927;WS-ALR-1927;Егорова Татьяна;Отдел кадров и делопроизводства;Windows 10 Pro;4;8;120;"Microsoft Office 2016; Microsoft Outlook; Mozilla Firefox; WinRAR"
WS-ALR-1928;WS-ALR-1928;Алексеев Евгений;Бухгалтерия и финансовый контроль;Windows 10 Pro;4;4;500;"1С:Предприятие 8.3; 7-Zip; Chromium-GOST; VipNet Client; МойОфис Стандартный"
WS-ALR-1929;WS-ALR-1929;Лебедева Ольга;Управление информационных технологий;Windows 10 Pro;2;8;240;"7-Zip; Р-7 Офис; Яндекс Браузер"
WS-ALR-1930;WS-ALR-1930;Алексеев Михаил;Служба главного механика;Windows 10 Pro;4;8;500;"1С:Предприятие 8.3; Mozilla Firefox; WinRAR; Р-7 Офис"
WS-ALR-1931;WS-ALR-1931;Алексеева Наталья;Служба главного механика;Windows 7 Pro (legacy);4;16;240;"1С:Предприятие 8.3; 7-Zip; Google Chrome; МойОфис Стандартный"
WS-ALR-1932;WS-ALR-1932;Морозова Мария;Служба главного механика;Windows 10 Pro;4;4;500;"1С:Предприятие 8.3; 7-Zip; Google Chrome; Microsoft Office 2016"
WS-ALR-1933;WS-ALR-1933;Новиков Роман;Бухгалтерия и финансовый контроль;Windows 7 Pro (legacy);4;8;120;"1С:Предприятие 8.3; 7-Zip; Chromium-GOST; Microsoft Office 2016; Microsoft Outlook; SAP GUI"
WS-ALR-1934;WS-ALR-1934;Алексеев Евгений;Бухгалтерия и финансовый контроль;Windows 10 Pro;4;8;240;"1С:Предприятие 8.3; Microsoft Office 2016; Microsoft Outlook; Mozilla Firefox; VipNet Client; WinRAR; КриптоПро CSP"
WS-ALR-1935;WS-ALR-1935;Павлова Светлана;Служба главного механика;Windows 10 Pro;6;8;240;"7-Zip; AutoCAD; Microsoft Office 2019; Microsoft Outlook; Яндекс Браузер"
WS-ALR-1936;WS-ALR-1936;Лебедева Ирина;Юридический департамент;Windows 10 Pro;4;8;120;"7-Zip; Adobe Acrobat Reader; Google Chrome; МойОфис Стандартный"
WS-ALR-1937;WS-ALR-1937;Степанов Артем;Геологоразведочная партия;Windows 11 Pro;4;8;256;"1С:Предприятие 8.3; 7-Zip; Google Chrome; КОМПАС-3D; Р-7 Офис"
WS-ALR-1938;WS-ALR-1938;Козлова Ирина;Логистика, склады и снабжение;Windows 11 Pro;2;2;120;"1С:Предприятие 8.3; Mozilla Firefox; SAP GUI; WinRAR; Р-7 Офис"
WS-ALR-1939;WS-ALR-1939;Козлова Татьяна;Управление информационных технологий;Windows 10 Pro;2;8;240;"7-Zip; Chromium-GOST; Microsoft Office 2019"
WS-ALR-1940;WS-ALR-1940;Петров Евгений;Логистика, склады и снабжение;Windows 10 Pro;2;8;240;"1С:Предприятие 8.3; 7-Zip; SAP GUI; МойОфис Стандартный; Яндекс Браузер"
WS-ALR-1941;WS-ALR-1941;Морозова Елена;Юридический департамент;Windows 10 Pro;2;16;240;"7-Zip; Adobe Acrobat Reader; Chromium-GOST; КриптоПро CSP; МойОфис Стандартный"
WS-ALR-1942;WS-ALR-1942;Смирнова Ирина;Геологоразведочная партия;Windows 11 Pro;4;8;512;"1С:Предприятие 8.3; 7-Zip; Chromium-GOST; МойОфис Стандартный"
WS-ALR-1943;WS-ALR-1943;Васильева Светлана;Геологоразведочная партия;Windows 10 Pro;8;8;512;"1С:Предприятие 8.3; 7-Zip; AutoCAD; LibreOffice; КОМПАС-3D; Яндекс Браузер"
WS-ALR-1944;WS-ALR-1944;Иванов Михаил;Юридический департамент;Windows 10 Pro;4;4;500;"7-Zip; Adobe Acrobat Reader; КриптоПро CSP; МойОфис Стандартный; Яндекс Браузер"
WS-ALR-1945;WS-ALR-1945;Михайлов Артем;Управление информационных технологий;Windows 11 Pro;4;8;500;"7-Zip; Microsoft Office 2019; Microsoft Outlook; Mozilla Firefox"
WS-ALR-1946;WS-ALR-1946;Морозов Евгений;Служба главного механика;Windows 11 Pro;4;16;500;"7-Zip; AutoCAD; Google Chrome; МойОфис Стандартный"
WS-ALR-1947;WS-ALR-1947;Николаев Роман;Геологоразведочная партия;Windows 10 Pro;6;16;256;"AutoCAD; Google Chrome; WinRAR; Р-7 Офис"
WS-ALR-1948;WS-ALR-1948;Семенова Татьяна;Бухгалтерия и финансовый контроль;Windows 11 Pro;4;8;120;"1С:Предприятие 8.3; Google Chrome; VipNet Client; WinRAR; КриптоПро CSP; МойОфис Стандартный"
WS-ALR-1949;WS-ALR-1949;Петрова Елена;Бухгалтерия и финансовый контроль;Windows 10 Pro;6;16;240;"1С:Предприятие 8.3; Google Chrome; Microsoft Office 2016; Microsoft Outlook; WinRAR; КриптоПро CSP"
WS-ALR-1950;WS-ALR-1950;Павлов Максим;Бухгалтерия и финансовый контроль;Windows 11 Pro;6;4;240;"1С:Предприятие 8.3; 7-Zip; Google Chrome; МойОфис Стандартный"
WS-ALR-1951;WS-ALR-1951;Петрова Ольга;Бухгалтерия и финансовый контроль;Windows 10 Pro;4;4;240;"1С:Предприятие 8.3; Microsoft Office 2016; Mozilla Firefox; WinRAR; КриптоПро CSP"
WS-ALR-1952;WS-ALR-1952;Васильева Татьяна;Юридический департамент;Windows 10 Pro;4;8;500;"7-Zip; Google Chrome; КриптоПро CSP; МойОфис Стандартный"
WS-ALR-1953;WS-ALR-1953;Васильева Екатерина;Логистика, склады и снабжение;Windows 10 Pro;2;4;120;"1С:Предприятие 8.3; Chromium-GOST; Microsoft Office 2019; Total Commander; WinRAR"
WS-ALR-1954;WS-ALR-1954;Морозов Максим;Геологоразведочная партия;Windows 11 Pro;8;8;512;"1С:Предприятие 8.3; AutoCAD; Mozilla Firefox; WinRAR; Р-7 Офис"
WS-ALR-1955;WS-ALR-1955;Федоров Михаил;Служба главного механика;Windows 10 Pro;4;16;240;"1С:Предприятие 8.3; WinRAR; МойОфис Стандартный; Яндекс Браузер"
WS-ALR-1956;WS-ALR-1956;Алексеев Андрей;Бухгалтерия и финансовый контроль;Windows 10 Pro;4;8;120;"1С:Предприятие 8.3; 7-Zip; Mozilla Firefox; КриптоПро CSP; МойОфис Стандартный"
WS-ALR-1957;WS-ALR-1957;Петрова Ирина;Бухгалтерия и финансовый контроль;Windows 10 Pro;4;8;120;"1С:Предприятие 8.3; Google Chrome; Microsoft Office 2019; VipNet Client; WinRAR"
WS-ALR-1958;WS-ALR-1958;Степанов Евгений;Логистика, склады и снабжение;Windows 10 Pro;2;4;120;"1С:Предприятие 8.3; Google Chrome; Microsoft Office 2019; Microsoft Outlook; SAP GUI; WinRAR"
WS-ALR-1959;WS-ALR-1959;Новикова Елена;Служба главного механика;Windows 11 Pro;6;16;1024;"1С:Предприятие 8.3; Chromium-GOST; Microsoft Office 2019; Microsoft Outlook; VLC Media Player; WinRAR"
WS-ALR-1960;WS-ALR-1960;Попова Юлия;Служба главного механика;Windows 11 Pro;6;8;1024;"1С:Предприятие 8.3; 7-Zip; Google Chrome; VLC Media Player; МойОфис Стандартный"
WS-ALR-1961;WS-ALR-1961;Попов Сергей;Отдел кадров и делопроизводства;Windows 10 Pro;4;4;240;"Google Chrome; WinRAR; МойОфис Стандартный"
WS-ALR-1962;WS-ALR-1962;Лебедев Алексей;Логистика, склады и снабжение;Windows 10 Pro;2;8;120;"1С:Предприятие 8.3; 7-Zip; Google Chrome; Microsoft Office 2016; Microsoft Outlook; Total Commander"
WS-ALR-1963;WS-ALR-1963;Иванова Екатерина;Бухгалтерия и финансовый контроль;Windows 10 Pro;4;4;120;"1С:Предприятие 8.3; 7-Zip; Google Chrome; Microsoft Office 2019; Microsoft Outlook; КриптоПро CSP"
WS-ALR-1964;WS-ALR-1964;Егорова Татьяна;Логистика, склады и снабжение;Windows 10 Pro;2;8;500;"1С:Предприятие 8.3; 7-Zip; Google Chrome; МойОфис Стандартный"
WS-ALR-1965;WS-ALR-1965;Смирнов Сергей;Отдел кадров и делопроизводства;Windows 10 Pro;4;16;240;"7-Zip; Chromium-GOST; МойОфис Стандартный"
WS-ALR-1966;WS-ALR-1966;Кузнецова Мария;Бухгалтерия и финансовый контроль;Windows 7 Pro (legacy);2;4;240;"1С:Предприятие 8.3; 7-Zip; КриптоПро CSP; МойОфис Стандартный; Яндекс Браузер"
WS-ALR-1967;WS-ALR-1967;Павлов Михаил;Логистика, склады и снабжение;Windows 10 Pro;4;4;240;"1С:Предприятие 8.3; Microsoft Office 2019; Total Commander; WinRAR; Яндекс Браузер"
WS-ALR-1968;WS-ALR-1968;Михайлов Дмитрий;Бухгалтерия и финансовый контроль;Windows 10 Pro;2;4;120;"1С:Предприятие 8.3; Google Chrome; SAP GUI; VipNet Client; WinRAR; КриптоПро CSP; Р-7 Офис"
WS-ALR-1969;WS-ALR-1969;Лебедев Сергей;Служба главного механика;Windows 10 Pro;4;4;1024;"AutoCAD; Microsoft Office 2019; WinRAR; Яндекс Браузер"
WS-ALR-1970;WS-ALR-1970;Морозов Сергей;Служба главного механика;Windows 10 Pro;2;16;1024;"1С:Предприятие 8.3; WinRAR; МойОфис Стандартный; Яндекс Браузер"
WS-ALR-1971;WS-ALR-1971;Иванов Роман;Отдел кадров и делопроизводства;Windows 10 Pro;4;16;240;"7-Zip; LibreOffice; Яндекс Браузер"
WS-ALR-1972;WS-ALR-1972;Федоров Сергей;Логистика, склады и снабжение;Windows 10 Pro;2;2;500;"1С:Предприятие 8.3; Mozilla Firefox; WinRAR; Р-7 Офис"
WS-ALR-1973;WS-ALR-1973;Соколова Юлия;Управление информационных технологий;Windows 11 Pro;4;16;500;"Google Chrome; WinRAR; Р-7 Офис"
WS-ALR-1974;WS-ALR-1974;Николаев Артем;Юридический департамент;Windows 11 Pro;4;4;120;"Adobe Acrobat Reader; WinRAR; Р-7 Офис; Яндекс Браузер"
WS-ALR-1975;WS-ALR-1975;Петров Роман;Геологоразведочная партия;Windows 10 Pro;4;8;512;"1С:Предприятие 8.3; 7-Zip; Google Chrome; SolidWorks; КОМПАС-3D; МойОфис Стандартный"
WS-ALR-1976;WS-ALR-1976;Петрова Татьяна;Служба главного механика;Windows 10 Pro;4;8;500;"AutoCAD; Google Chrome; WinRAR; МойОфис Стандартный"
WS-ALR-1977;WS-ALR-1977;Кузнецов Роман;Юридический департамент;Windows 10 Pro;4;2;240;"7-Zip; Microsoft Office 2019; Microsoft Outlook; Mozilla Firefox"
WS-ALR-1978;WS-ALR-1978;Лебедева Ольга;Отдел кадров и делопроизводства;Windows 10 Pro;4;8;500;"7-Zip; Chromium-GOST; МойОфис Стандартный"
WS-ALR-1979;WS-ALR-1979;Лебедева Елена;Геологоразведочная партия;Windows 10 Pro;8;16;512;"Chromium-GOST; WinRAR; Р-7 Офис"
WS-ALR-1980;WS-ALR-1980;Семенов Сергей;Служба главного механика;Windows 10 Pro;4;8;1024;"AutoCAD; Google Chrome; WinRAR; Р-7 Офис"
WS-ALR-1981;WS-ALR-1981;Кузнецов Дмитрий;Отдел кадров и делопроизводства;Windows 11 Pro;6;4;240;"7-Zip; МойОфис Стандартный; Яндекс Браузер"
WS-ALR-1982;WS-ALR-1982;Лебедева Светлана;Логистика, склады и снабжение;Windows 10 Pro;2;8;500;"1С:Предприятие 8.3; 7-Zip; Microsoft Office 2019; Microsoft Outlook; Mozilla Firefox"
WS-ALR-1983;WS-ALR-1983;Смирнова Юлия;Отдел кадров и делопроизводства;Windows 10 Pro;6;8;120;"7-Zip; Mozilla Firefox; Р-7 Офис"
WS-ALR-1984;WS-ALR-1984;Петрова Татьяна;Логистика, склады и снабжение;Windows 10 Pro;4;2;120;"1С:Предприятие 8.3; 7-Zip; Google Chrome; SAP GUI; Total Commander; МойОфис Стандартный"
WS-ALR-1985;WS-ALR-1985;Федоров Михаил;Служба главного механика;Windows 10 Pro;4;4;500;"7-Zip; Chromium-GOST; КОМПАС-3D; Р-7 Офис"
WS-ALR-1986;WS-ALR-1986;Кузнецов Евгений;Отдел кадров и делопроизводства;Windows 11 Pro;4;2;240;"7-Zip; Mozilla Firefox; МойОфис Стандартный"
WS-ALR-1987;WS-ALR-1987;Попов Андрей;Логистика, склады и снабжение;Windows 10 Pro;2;8;120;"1С:Предприятие 8.3; 7-Zip; Google Chrome; Р-7 Офис"
WS-ALR-1988;WS-ALR-1988;Степанова Светлана;Геологоразведочная партия;Windows 11 Pro;8;8;512;"1С:Предприятие 8.3; 7-Zip; Google Chrome; Microsoft Office 2016; SolidWorks"
WS-ALR-1989;WS-ALR-1989;Михайлова Светлана;Бухгалтерия и финансовый контроль;Windows 10 Pro;6;2;120;"1С:Предприятие 8.3; 7-Zip; Microsoft Office 2019; Microsoft Outlook; КриптоПро CSP; Яндекс Браузер"
WS-ALR-1990;WS-ALR-1990;Николаев Сергей;Логистика, склады и снабжение;Windows 10 Pro;4;4;500;"1С:Предприятие 8.3; WinRAR; МойОфис Стандартный; Яндекс Браузер"
WS-ALR-1991;WS-ALR-1991;Козлов Михаил;Служба главного механика;Windows 7 Pro (legacy);2;4;1024;"1С:Предприятие 8.3; 7-Zip; Chromium-GOST; Р-7 Офис"
WS-ALR-1992;WS-ALR-1992;Михайлов Алексей;Геологоразведочная партия;Windows 10 Pro;6;16;256;"7-Zip; Chromium-GOST; МойОфис Стандартный"
WS-ALR-1993;WS-ALR-1993;Алексеев Максим;Логистика, склады и снабжение;Windows 11 Pro;2;4;240;"1С:Предприятие 8.3; Google Chrome; Microsoft Office 2019; Total Commander; WinRAR"
WS-ALR-1994;WS-ALR-1994;Новикова Мария;Геологоразведочная партия;Windows 10 Pro;8;8;256;"AutoCAD; Microsoft Office 2016; Microsoft Outlook; Mozilla Firefox; WinRAR"
WS-ALR-1995;WS-ALR-1995;Кузнецова Анна;Отдел кадров и делопроизводства;Windows 11 Pro;4;8;240;"7-Zip; Mozilla Firefox; МойОфис Стандартный"
WS-ALR-1996;WS-ALR-1996;Семенова Ольга;Управление информационных технологий;Windows 7 Pro (legacy);2;8;240;"Chromium-GOST; WinRAR; Р-7 Офис"
WS-ALR-1997;WS-ALR-1997;Козлова Татьяна;Служба главного механика;Windows 10 Pro;4;4;1024;"7-Zip; КОМПАС-3D; Р-7 Офис; Яндекс Браузер"
WS-ALR-1998;WS-ALR-1998;Николаева Анна;Юридический департамент;Windows 10 Pro;4;8;240;"Adobe Acrobat Reader; Google Chrome; WinRAR; Р-7 Офис"
WS-ALR-1999;WS-ALR-1999;Козлов Алексей;Отдел кадров и делопроизводства;Windows 10 Pro;2;4;500;"Chromium-GOST; WinRAR; МойОфис Стандартный"
WS-ALR-2000;WS-ALR-2000;Смирнов Алексей;Отдел кадров и делопроизводства;Windows 7 Pro (legacy);4;4;120;"7-Zip; Google Chrome; Microsoft Office 2016; Microsoft Outlook"
WS-ALR-2001;WS-ALR-2001;Николаева Анна;Геологоразведочная партия;Windows 10 Pro;6;8;512;"AutoCAD; Microsoft Office 2019; Microsoft Outlook; Mozilla Firefox; WinRAR"
WS-ALR-2002;WS-ALR-2002;Новиков Иван;Геологоразведочная партия;Windows 11 Pro;6;8;256;"7-Zip; Chromium-GOST; Microsoft Office 2016; SolidWorks; КОМПАС-3D"
WS-ALR-2003;WS-ALR-2003;Козлова Елена;Юридический департамент;Windows 10 Pro;2;16;240;"7-Zip; Adobe Acrobat Reader; Chromium-GOST; МойОфис Стандартный"
WS-ALR-2004;WS-ALR-2004;Николаева Юлия;Служба главного механика;Windows 10 Pro;4;4;500;"7-Zip; AutoCAD; Google Chrome; Microsoft Office 2016; VLC Media Player"
WS-ALR-2005;WS-ALR-2005;Попов Иван;Служба главного механика;Windows 10 Pro;4;8;240;"1С:Предприятие 8.3; Microsoft Office 2016; Microsoft Outlook; Mozilla Firefox; VLC Media Player; WinRAR"
WS-ALR-2006;WS-ALR-2006;Волков Михаил;Логистика, склады и снабжение;Windows 11 Pro;4;8;120;"1С:Предприятие 8.3; 7-Zip; Chromium-GOST; Р-7 Офис"
WS-ALR-2007;WS-ALR-2007;Петров Алексей;Геологоразведочная партия;Windows 10 Pro;6;8;1024;"7-Zip; AutoCAD; Microsoft Office 2016; Яндекс Браузер"
WS-ALR-2008;WS-ALR-2008;Смирнов Алексей;Отдел кадров и делопроизводства;Windows 10 Pro;2;8;500;"Google Chrome; WinRAR; МойОфис Стандартный"
WS-ALR-2009;WS-ALR-2009;Алексеева Елена;Бухгалтерия и финансовый контроль;Windows 11 Pro;4;8;500;"1С:Предприятие 8.3; 7-Zip; Mozilla Firefox; КриптоПро CSP; Р-7 Офис"
WS-ALR-2010;WS-ALR-2010;Николаева Екатерина;Бухгалтерия и финансовый контроль;Windows 10 Pro;2;8;120;"1С:Предприятие 8.3; Google Chrome; Microsoft Office 2016; VipNet Client; WinRAR; КриптоПро CSP"
WS-ALR-2011;WS-ALR-2011;Семенова Наталья;Юридический департамент;Windows 10 Pro;4;16;120;"Adobe Acrobat Reader; Google Chrome; WinRAR; КриптоПро CSP; Р-7 Офис"
WS-ALR-2012;WS-ALR-2012;Николаев Андрей;Отдел кадров и делопроизводства;Windows 10 Pro;4;4;120;"7-Zip; Microsoft Office 2016; Яндекс Браузер"
WS-ALR-2013;WS-ALR-2013;Лебедева Татьяна;Управление информационных технологий;Windows 10 Pro;4;4;500;"Mozilla Firefox; WinRAR; МойОфис Стандартный"
WS-ALR-2014;WS-ALR-2014;Петрова Екатерина;Отдел кадров и делопроизводства;Windows 10 Pro;4;8;500;"Google Chrome; WinRAR; Р-7 Офис"
WS-ALR-2015;WS-ALR-2015;Николаев Сергей;Геологоразведочная партия;Windows 10 Pro;4;8;256;"1С:Предприятие 8.3; WinRAR; Р-7 Офис; Яндекс Браузер"
WS-ALR-2016;WS-ALR-2016;Лебедева Ирина;Отдел кадров и делопроизводства;Windows 10 Pro;2;4;120;"Chromium-GOST; WinRAR; МойОфис Стандартный"
WS-ALR-2017;WS-ALR-2017;Кузнецов Михаил;Логистика, склады и снабжение;Windows 10 Pro;2;8;500;"1С:Предприятие 8.3; Google Chrome; Total Commander; WinRAR; Р-7 Офис"
WS-ALR-2018;WS-ALR-2018;Николаев Михаил;Отдел кадров и делопроизводства;Windows 10 Pro;2;4;120;"Chromium-GOST; Microsoft Office 2019; WinRAR"
WS-ALR-2019;WS-ALR-2019;Степанова Мария;Управление информационных технологий;Windows 10 Pro;2;16;120;"7-Zip; МойОфис Стандартный; Яндекс Браузер"
WS-ALR-2020;WS-ALR-2020;Павлова Юлия;Юридический департамент;Windows 11 Pro;4;8;120;"Adobe Acrobat Reader; Chromium-GOST; Microsoft Office 2019; Microsoft Outlook; WinRAR; КриптоПро CSP"
WS-ALR-2021;WS-ALR-2021;Лебедева Ирина;Логистика, склады и снабжение;Windows 11 Pro;2;4;240;"1С:Предприятие 8.3; 7-Zip; Chromium-GOST; SAP GUI; Total Commander; МойОфис Стандартный"
WS-ALR-2022;WS-ALR-2022;Волкова Анна;Управление информационных технологий;Windows 11 Pro;4;4;240;"Chromium-GOST; WinRAR; Р-7 Офис"
WS-ALR-2023;WS-ALR-2023;Волков Максим;Бухгалтерия и финансовый контроль;Windows 10 Pro;2;4;120;"1С:Предприятие 8.3; Google Chrome; Microsoft Office 2019; Microsoft Outlook; VipNet Client; WinRAR"
WS-ALR-2024;WS-ALR-2024;Морозова Анна;Бухгалтерия и финансовый контроль;Windows 10 Pro;4;16;240;"1С:Предприятие 8.3; Mozilla Firefox; WinRAR; КриптоПро CSP; Р-7 Офис"
WS-ALR-2025;WS-ALR-2025;Федорова Екатерина;Служба главного механика;Windows 7 Pro (legacy);6;16;240;"1С:Предприятие 8.3; Google Chrome; Microsoft Office 2016; Microsoft Outlook; WinRAR"
WS-ALR-2026;WS-ALR-2026;Морозова Татьяна;Бухгалтерия и финансовый контроль;Windows 10 Pro;6;8;120;"1С:Предприятие 8.3; 7-Zip; Chromium-GOST; Microsoft Office 2019"
WS-ALR-2027;WS-ALR-2027;Морозов Максим;Логистика, склады и снабжение;Windows 10 Pro;4;8;500;"1С:Предприятие 8.3; Chromium-GOST; Microsoft Office 2016; Microsoft Outlook; SAP GUI; Total Commander; WinRAR"
WS-ALR-2028;WS-ALR-2028;Волкова Татьяна;Логистика, склады и снабжение;Windows 11 Pro;2;8;120;"1С:Предприятие 8.3; Google Chrome; WinRAR; Р-7 Офис"
WS-ALR-2029;WS-ALR-2029;Федоров Алексей;Бухгалтерия и финансовый контроль;Windows 10 Pro;6;16;500;"1С:Предприятие 8.3; 7-Zip; Mozilla Firefox; Р-7 Офис"
WS-ALR-2030;WS-ALR-2030;Михайлов Артем;Служба главного механика;Windows 11 Pro;4;16;240;"1С:Предприятие 8.3; Google Chrome; Microsoft Office 2016; WinRAR"
WS-ALR-2031;WS-ALR-2031;Семенов Артем;Логистика, склады и снабжение;Windows 10 Pro;4;4;500;"1С:Предприятие 8.3; Total Commander; WinRAR; Р-7 Офис; Яндекс Браузер"
WS-ALR-2032;WS-ALR-2032;Иванова Наталья;Отдел кадров и делопроизводства;Windows 10 Pro;4;8;120;"Chromium-GOST; WinRAR; МойОфис Стандартный"
WS-ALR-2033;WS-ALR-2033;Васильев Михаил;Служба главного механика;Windows 11 Pro;8;4;240;"1С:Предприятие 8.3; Google Chrome; WinRAR; МойОфис Стандартный"
WS-ALR-2034;WS-ALR-2034;Соколов Артем;Геологоразведочная партия;Windows 10 Pro;4;32;512;"7-Zip; Microsoft Office 2019; Microsoft Outlook; Mozilla Firefox"
WS-ALR-2035;WS-ALR-2035;Соколов Сергей;Управление информационных технологий;Windows 10 Pro;4;8;500;"Google Chrome; Microsoft Office 2019; WinRAR"
WS-ALR-2036;WS-ALR-2036;Козлов Алексей;Отдел кадров и делопроизводства;Windows 10 Pro;6;16;240;"7-Zip; Microsoft Office 2019; Microsoft Outlook; Яндекс Браузер"
WS-ALR-2037;WS-ALR-2037;Степанов Сергей;Отдел кадров и делопроизводства;Windows 10 Pro;4;16;500;"7-Zip; МойОфис Стандартный; Яндекс Браузер"
WS-ALR-2038;WS-ALR-2038;Попова Анна;Логистика, склады и снабжение;Windows 10 Pro;4;4;500;"1С:Предприятие 8.3; 7-Zip; МойОфис Стандартный; Яндекс Браузер"
WS-ALR-2039;WS-ALR-2039;Федоров Дмитрий;Служба главного механика;Windows 10 Pro;2;8;500;"AutoCAD; WinRAR; МойОфис Стандартный; Яндекс Браузер"
WS-ALR-2040;WS-ALR-2040;Соколов Сергей;Геологоразведочная партия;Windows 10 Pro;4;16;1024;"SolidWorks; WinRAR; Р-7 Офис; Яндекс Браузер"
WS-ALR-2041;WS-ALR-2041;Николаев Дмитрий;Бухгалтерия и финансовый контроль;Windows 10 Pro;2;8;240;"1С:Предприятие 8.3; Google Chrome; WinRAR; КриптоПро CSP; МойОфис Стандартный"
WS-ALR-2042;WS-ALR-2042;Николаев Сергей;Управление информационных технологий;Windows 10 Pro;4;2;500;"Microsoft Office 2019; Microsoft Outlook; WinRAR; Яндекс Браузер"
WS-ALR-2043;WS-ALR-2043;Егоров Артем;Управление информационных технологий;Windows 11 Pro;4;8;120;"Google Chrome; WinRAR; Р-7 Офис"
WS-ALR-2044;WS-ALR-2044;Попова Татьяна;Управление информационных технологий;Windows 10 Pro;4;4;240;"Microsoft Office 2016; Mozilla Firefox; WinRAR"
WS-ALR-2045;WS-ALR-2045;Петров Артем;Бухгалтерия и финансовый контроль;Windows 10 Pro;4;8;120;"1С:Предприятие 8.3; 7-Zip; Google Chrome; VipNet Client; Р-7 Офис"
WS-ALR-2046;WS-ALR-2046;Кузнецова Мария;Отдел кадров и делопроизводства;Windows 7 Pro (legacy);4;8;240;"Chromium-GOST; WinRAR; МойОфис Стандартный"
WS-ALR-2047;WS-ALR-2047;Степанов Максим;Бухгалтерия и финансовый контроль;Windows 11 Pro;4;8;500;"1С:Предприятие 8.3; Chromium-GOST; VipNet Client; WinRAR; КриптоПро CSP; МойОфис Стандартный"
WS-ALR-2048;WS-ALR-2048;Морозова Ирина;Логистика, склады и снабжение;Windows 10 Pro;2;4;240;"1С:Предприятие 8.3; Google Chrome; WinRAR; Р-7 Офис"
WS-ALR-2049;WS-ALR-2049;Иванов Артем;Служба главного механика;Windows 10 Pro;4;8;240;"1С:Предприятие 8.3; Chromium-GOST; WinRAR; МойОфис Стандартный"
WS-ALR-2050;WS-ALR-2050;Новиков Максим;Юридический департамент;Windows 10 Pro;4;4;500;"7-Zip; Adobe Acrobat Reader; Р-7 Офис; Яндекс Браузер"
WS-ALR-2051;WS-ALR-2051;Иванов Максим;Логистика, склады и снабжение;Windows 10 Pro;2;8;120;"1С:Предприятие 8.3; Total Commander; WinRAR; МойОфис Стандартный; Яндекс Браузер"
WS-ALR-2052;WS-ALR-2052;Козлов Максим;Служба главного механика;Windows 10 Pro;6;16;500;"Mozilla Firefox; WinRAR; КОМПАС-3D; Р-7 Офис"
WS-ALR-2053;WS-ALR-2053;Федорова Светлана;Управление информационных технологий;Windows 11 Pro;2;4;500;"Mozilla Firefox; WinRAR; МойОфис Стандартный"
WS-ALR-2054;WS-ALR-2054;Иванов Дмитрий;Бухгалтерия и финансовый контроль;Windows 11 Pro;2;8;120;"1С:Предприятие 8.3; 7-Zip; Microsoft Office 2016; Microsoft Outlook; КриптоПро CSP; Яндекс Браузер"
WS-ALR-2055;WS-ALR-2055;Волков Дмитрий;Геологоразведочная партия;Windows 10 Pro;6;16;1024;"Mozilla Firefox; WinRAR; МойОфис Стандартный"
WS-ALR-2056;WS-ALR-2056;Степанов Андрей;Юридический департамент;Windows 10 Pro;4;8;240;"Google Chrome; WinRAR; КриптоПро CSP; Р-7 Офис"
WS-ALR-2057;WS-ALR-2057;Алексеева Юлия;Отдел кадров и делопроизводства;Windows 11 Pro;2;8;240;"7-Zip; Google Chrome; МойОфис Стандартный"
WS-ALR-2058;WS-ALR-2058;Петров Михаил;Геологоразведочная партия;Windows 10 Pro;8;32;256;"Mozilla Firefox; WinRAR; КОМПАС-3D; МойОфис Стандартный"
WS-ALR-2059;WS-ALR-2059;Степанов Сергей;Отдел кадров и делопроизводства;Windows 10 Pro;4;4;500;"WinRAR; МойОфис Стандартный; Яндекс Браузер"
WS-ALR-2060;WS-ALR-2060;Михайлова Ирина;Логистика, склады и снабжение;Windows 11 Pro;4;4;240;"1С:Предприятие 8.3; 7-Zip; Mozilla Firefox; Total Commander; МойОфис Стандартный"
WS-ALR-2061;WS-ALR-2061;Кузнецов Дмитрий;Геологоразведочная партия;Windows 10 Pro;8;16;256;"7-Zip; Mozilla Firefox; SolidWorks; КОМПАС-3D; МойОфис Стандартный"
WS-ALR-2062;WS-ALR-2062;Семенов Евгений;Юридический департамент;Windows 11 Pro;4;16;500;"7-Zip; Chromium-GOST; Р-7 Офис"
WS-ALR-2063;WS-ALR-2063;Петрова Юлия;Служба главного механика;Windows 7 Pro (legacy);4;8;500;"1С:Предприятие 8.3; WinRAR; Р-7 Офис; Яндекс Браузер"
WS-ALR-2064;WS-ALR-2064;Федорова Анна;Логистика, склады и снабжение;Windows 10 Pro;2;8;120;"1С:Предприятие 8.3; 7-Zip; МойОфис Стандартный; Яндекс Браузер"
WS-ALR-2065;WS-ALR-2065;Лебедева Татьяна;Управление информационных технологий;Windows 10 Pro;4;8;120;"Google Chrome; WinRAR; Р-7 Офис"
WS-ALR-2066;WS-ALR-2066;Петрова Екатерина;Отдел кадров и делопроизводства;Windows 10 Pro;4;16;120;"7-Zip; Google Chrome; МойОфис Стандартный"
WS-ALR-2067;WS-ALR-2067;Иванов Михаил;Логистика, склады и снабжение;Windows 10 Pro;4;4;120;"1С:Предприятие 8.3; Google Chrome; Microsoft Office 2019; Microsoft Outlook; WinRAR"
WS-ALR-2068;WS-ALR-2068;Васильев Артем;Бухгалтерия и финансовый контроль;Windows 11 Pro;2;8;500;"1С:Предприятие 8.3; 7-Zip; Chromium-GOST; Microsoft Office 2019; VipNet Client; КриптоПро CSP"
WS-ALR-2069;WS-ALR-2069;Алексеев Артем;Юридический департамент;Windows 10 Pro;4;8;120;"7-Zip; Adobe Acrobat Reader; Microsoft Office 2019; Microsoft Outlook; КриптоПро CSP; Яндекс Браузер"
WS-ALR-2070;WS-ALR-2070;Козлов Сергей;Отдел кадров и делопроизводства;Windows 10 Pro;2;8;120;"7-Zip; Google Chrome; МойОфис Стандартный"
WS-ALR-2071;WS-ALR-2071;Морозов Максим;Бухгалтерия и финансовый контроль;Windows 10 Pro;4;8;240;"1С:Предприятие 8.3; 7-Zip; Chromium-GOST; Microsoft Office 2016; Microsoft Outlook"
WS-ALR-2072;WS-ALR-2072;Михайлов Сергей;Бухгалтерия и финансовый контроль;Windows 10 Pro;4;8;500;"1С:Предприятие 8.3; 7-Zip; КриптоПро CSP; МойОфис Стандартный; Яндекс Браузер"
WS-ALR-2073;WS-ALR-2073;Федорова Екатерина;Логистика, склады и снабжение;Windows 11 Pro;4;8;240;"1С:Предприятие 8.3; 7-Zip; Microsoft Office 2019; Mozilla Firefox; SAP GUI"
WS-ALR-2074;WS-ALR-2074;Смирнов Сергей;Отдел кадров и делопроизводства;Windows 7 Pro (legacy);4;16;120;"7-Zip; Chromium-GOST; Microsoft Office 2019; Microsoft Outlook"
WS-ALR-2075;WS-ALR-2075;Семенова Юлия;Логистика, склады и снабжение;Windows 7 Pro (legacy);2;4;120;"1С:Предприятие 8.3; 7-Zip; Microsoft Office 2016; Microsoft Outlook; Total Commander; Яндекс Браузер"
WS-ALR-2076;WS-ALR-2076;Иванова Ольга;Отдел кадров и делопроизводства;Windows 10 Pro;2;8;240;"Microsoft Office 2016; Microsoft Outlook; Mozilla Firefox; WinRAR"
WS-ALR-2077;WS-ALR-2077;Васильева Анна;Логистика, склады и снабжение;Windows 10 Pro;2;8;120;"1С:Предприятие 8.3; 7-Zip; Mozilla Firefox; Р-7 Офис"
WS-ALR-2078;WS-ALR-2078;Алексеев Сергей;Логистика, склады и снабжение;Windows 10 Pro;4;8;120;"1С:Предприятие 8.3; Mozilla Firefox; SAP GUI; WinRAR; МойОфис Стандартный"
WS-ALR-2079;WS-ALR-2079;Павлова Светлана;Бухгалтерия и финансовый контроль;Windows 10 Pro;4;2;120;"1С:Предприятие 8.3; Mozilla Firefox; WinRAR; КриптоПро CSP; МойОфис Стандартный"
WS-ALR-2080;WS-ALR-2080;Козлова Юлия;Логистика, склады и снабжение;Windows 10 Pro;2;16;240;"1С:Предприятие 8.3; Chromium-GOST; Microsoft Office 2016; Microsoft Outlook; WinRAR"
WS-ALR-2081;WS-ALR-2081;Лебедев Михаил;Логистика, склады и снабжение;Windows 10 Pro;4;4;240;"1С:Предприятие 8.3; Mozilla Firefox; WinRAR; МойОфис Стандартный"
WS-ALR-2082;WS-ALR-2082;Иванова Мария;Управление информационных технологий;Windows 7 Pro (legacy);6;4;500;"7-Zip; Google Chrome; Microsoft Office 2019; Microsoft Outlook"
WS-ALR-2083;WS-ALR-2083;Морозова Анна;Отдел кадров и делопроизводства;Windows 10 Pro;4;8;500;"7-Zip; Microsoft Office 2016; Яндекс Браузер"
WS-ALR-2084;WS-ALR-2084;Волкова Анна;Логистика, склады и снабжение;Windows 10 Pro;2;8;240;"1С:Предприятие 8.3; 7-Zip; Microsoft Office 2019; Microsoft Outlook; Total Commander; Яндекс Браузер"
WS-ALR-2085;WS-ALR-2085;Иванов Дмитрий;Бухгалтерия и финансовый контроль;Windows 10 Pro;2;8;240;"1С:Предприятие 8.3; Chromium-GOST; Microsoft Office 2016; SAP GUI; WinRAR; КриптоПро CSP"
WS-ALR-2086;WS-ALR-2086;Васильев Алексей;Управление информационных технологий;Windows 10 Pro;2;8;120;"Chromium-GOST; Microsoft Office 2016; Microsoft Outlook; WinRAR"
WS-ALR-2087;WS-ALR-2087;Егоров Дмитрий;Отдел кадров и делопроизводства;Windows 10 Pro;4;4;120;"Mozilla Firefox; WinRAR; МойОфис Стандартный"
WS-ALR-2088;WS-ALR-2088;Соколов Максим;Управление информационных технологий;Windows 10 Pro;2;8;120;"WinRAR; МойОфис Стандартный; Яндекс Браузер"
WS-ALR-2089;WS-ALR-2089;Соколова Ирина;Служба главного механика;Windows 10 Pro;4;4;500;"AutoCAD; Chromium-GOST; Microsoft Office 2016; Microsoft Outlook; WinRAR"
WS-ALR-2090;WS-ALR-2090;Егоров Максим;Бухгалтерия и финансовый контроль;Windows 10 Pro;4;16;240;"1С:Предприятие 8.3; VipNet Client; WinRAR; Р-7 Офис; Яндекс Браузер"
WS-ALR-2091;WS-ALR-2091;Николаева Анна;Отдел кадров и делопроизводства;Windows 10 Pro;4;8;240;"7-Zip; Google Chrome; Microsoft Office 2016; Microsoft Outlook"
WS-ALR-2092;WS-ALR-2092;Волков Артем;Бухгалтерия и финансовый контроль;Windows 10 Pro;4;8;240;"1С:Предприятие 8.3; Chromium-GOST; WinRAR; КриптоПро CSP; Р-7 Офис"
WS-ALR-2093;WS-ALR-2093;Лебедева Мария;Отдел кадров и делопроизводства;Windows 11 Pro;4;8;120;"7-Zip; Google Chrome; Microsoft Office 2019; Microsoft Outlook"
WS-ALR-2094;WS-ALR-2094;Козлова Ольга;Юридический департамент;Windows 10 Pro;4;16;240;"7-Zip; Adobe Acrobat Reader; Mozilla Firefox; КриптоПро CSP; Р-7 Офис"
WS-ALR-2095;WS-ALR-2095;Егорова Наталья;Логистика, склады и снабжение;Windows 11 Pro;2;4;500;"1С:Предприятие 8.3; 7-Zip; Google Chrome; МойОфис Стандартный"
WS-ALR-2096;WS-ALR-2096;Соколова Мария;Отдел кадров и делопроизводства;Windows 10 Pro;4;8;240;"Chromium-GOST; LibreOffice; WinRAR"
WS-ALR-2097;WS-ALR-2097;Смирнова Мария;Бухгалтерия и финансовый контроль;Windows 10 Pro;4;8;240;"1С:Предприятие 8.3; 7-Zip; Google Chrome; Р-7 Офис"
WS-ALR-2098;WS-ALR-2098;Иванов Иван;Управление информационных технологий;Windows 7 Pro (legacy);2;4;120;"7-Zip; Chromium-GOST; Microsoft Office 2016; Microsoft Outlook"
WS-ALR-2099;WS-ALR-2099;Васильева Ирина;Юридический департамент;Windows 10 Pro;4;8;240;"7-Zip; Adobe Acrobat Reader; Google Chrome; МойОфис Стандартный"
WS-ALR-2100;WS-ALR-2100;Попова Ольга;Юридический департамент;Windows 10 Pro;4;8;500;"Adobe Acrobat Reader; LibreOffice; WinRAR; КриптоПро CSP; Яндекс Браузер"
WS-ALR-2101;WS-ALR-2101;Михайлова Елена;Служба главного механика;Windows 10 Pro;4;16;500;"7-Zip; Google Chrome; Microsoft Office 2019; КОМПАС-3D"
WS-ALR-2102;WS-ALR-2102;Попов Сергей;Геологоразведочная партия;Windows 10 Pro;4;8;512;"LibreOffice; SolidWorks; WinRAR; КОМПАС-3D; Яндекс Браузер"
WS-ALR-2103;WS-ALR-2103;Лебедева Мария;Управление информационных технологий;Windows 10 Pro;4;8;120;"7-Zip; Google Chrome; Microsoft Office 2016; Microsoft Outlook"
WS-ALR-2104;WS-ALR-2104;Соколова Светлана;Логистика, склады и снабжение;Windows 7 Pro (legacy);4;4;240;"1С:Предприятие 8.3; Google Chrome; LibreOffice; SAP GUI; WinRAR"
WS-ALR-2105;WS-ALR-2105;Кузнецова Юлия;Отдел кадров и делопроизводства;Windows 10 Pro;4;8;120;"Mozilla Firefox; WinRAR; Р-7 Офис"
WS-ALR-2106;WS-ALR-2106;Семенов Максим;Геологоразведочная партия;Windows 10 Pro;8;16;512;"1С:Предприятие 8.3; Chromium-GOST; WinRAR; МойОфис Стандартный"
WS-ALR-2107;WS-ALR-2107;Попова Анна;Логистика, склады и снабжение;Windows 11 Pro;2;16;120;"1С:Предприятие 8.3; Google Chrome; WinRAR; Р-7 Офис"
WS-ALR-2108;WS-ALR-2108;Лебедев Иван;Служба главного механика;Windows 10 Pro;4;8;500;"WinRAR; КОМПАС-3D; Р-7 Офис; Яндекс Браузер"
WS-ALR-2109;WS-ALR-2109;Иванов Иван;Юридический департамент;Windows 10 Pro;6;8;240;"7-Zip; Chromium-GOST; Microsoft Office 2016; Microsoft Outlook; КриптоПро CSP"
WS-ALR-2110;WS-ALR-2110;Лебедев Сергей;Служба главного механика;Windows 7 Pro (legacy);8;16;500;"1С:Предприятие 8.3; 7-Zip; Google Chrome; Microsoft Office 2016"
WS-ALR-2111;WS-ALR-2111;Лебедев Михаил;Логистика, склады и снабжение;Windows 7 Pro (legacy);4;4;120;"1С:Предприятие 8.3; 7-Zip; Chromium-GOST; SAP GUI; МойОфис Стандартный"
WS-ALR-2112;WS-ALR-2112;Смирнова Светлана;Отдел кадров и делопроизводства;Windows 10 Pro;4;4;120;"7-Zip; Google Chrome; МойОфис Стандартный"
WS-ALR-2113;WS-ALR-2113;Алексеев Максим;Бухгалтерия и финансовый контроль;Windows 10 Pro;2;4;500;"1С:Предприятие 8.3; 7-Zip; Chromium-GOST; Microsoft Office 2019; Microsoft Outlook; VipNet Client; КриптоПро CSP"
WS-ALR-2114;WS-ALR-2114;Семенова Анна;Управление информационных технологий;Windows 10 Pro;4;4;120;"Google Chrome; Microsoft Office 2016; WinRAR"
WS-ALR-2115;WS-ALR-2115;Кузнецов Артем;Служба главного механика;Windows 11 Pro;6;16;1024;"7-Zip; Google Chrome; VLC Media Player; КОМПАС-3D; Р-7 Офис"
WS-ALR-2116;WS-ALR-2116;Петров Дмитрий;Служба главного механика;Windows 10 Pro;4;16;500;"7-Zip; КОМПАС-3D; Р-7 Офис; Яндекс Браузер"
WS-ALR-2117;WS-ALR-2117;Николаева Наталья;Логистика, склады и снабжение;Windows 10 Pro;4;2;240;"1С:Предприятие 8.3; SAP GUI; Total Commander; WinRAR; МойОфис Стандартный; Яндекс Браузер"
WS-ALR-2118;WS-ALR-2118;Кузнецова Юлия;Логистика, склады и снабжение;Windows 10 Pro;4;8;240;"1С:Предприятие 8.3; 7-Zip; Chromium-GOST; Total Commander; МойОфис Стандартный"
WS-ALR-2119;WS-ALR-2119;Морозов Сергей;Отдел кадров и делопроизводства;Windows 10 Pro;4;8;240;"7-Zip; Microsoft Office 2019; Microsoft Outlook; Mozilla Firefox"
WS-ALR-2120;WS-ALR-2120;Егорова Наталья;Бухгалтерия и финансовый контроль;Windows 10 Pro;4;2;240;"1С:Предприятие 8.3; Microsoft Office 2019; Microsoft Outlook; VipNet Client; WinRAR; КриптоПро CSP; Яндекс Браузер"
WS-ALR-2121;WS-ALR-2121;Алексеев Михаил;Служба главного механика;Windows 10 Pro;4;16;1024;"7-Zip; AutoCAD; Microsoft Office 2019; Mozilla Firefox"
WS-ALR-2122;WS-ALR-2122;Морозова Юлия;Геологоразведочная партия;Windows 10 Pro;6;16;512;"7-Zip; AutoCAD; Microsoft Office 2016; Microsoft Outlook; КОМПАС-3D; Яндекс Браузер"
WS-ALR-2123;WS-ALR-2123;Федорова Ольга;Управление информационных технологий;Windows 10 Pro;4;8;500;"7-Zip; Chromium-GOST; Microsoft Office 2019; Microsoft Outlook"
WS-ALR-2124;WS-ALR-2124;Михайлов Сергей;Логистика, склады и снабжение;Windows 10 Pro;4;8;240;"1С:Предприятие 8.3; 7-Zip; Chromium-GOST; Total Commander; МойОфис Стандартный"
WS-ALR-2125;WS-ALR-2125;Смирнова Анна;Бухгалтерия и финансовый контроль;Windows 10 Pro;4;4;120;"1С:Предприятие 8.3; 7-Zip; VipNet Client; МойОфис Стандартный; Яндекс Браузер"
WS-ALR-2126;WS-ALR-2126;Соколова Мария;Бухгалтерия и финансовый контроль;Windows 10 Pro;2;8;500;"1С:Предприятие 8.3; 7-Zip; Microsoft Office 2016; Mozilla Firefox; КриптоПро CSP"
WS-ALR-2127;WS-ALR-2127;Егоров Сергей;Юридический департамент;Windows 10 Pro;4;16;500;"Adobe Acrobat Reader; Microsoft Office 2016; Microsoft Outlook; WinRAR; КриптоПро CSP; Яндекс Браузер"
WS-ALR-2128;WS-ALR-2128;Волков Алексей;Служба главного механика;Windows 10 Pro;4;8;1024;"1С:Предприятие 8.3; 7-Zip; LibreOffice; Яндекс Браузер"
WS-ALR-2129;WS-ALR-2129;Козлов Евгений;Отдел кадров и делопроизводства;Windows 10 Pro;4;8;500;"7-Zip; Google Chrome; МойОфис Стандартный"
WS-ALR-2130;WS-ALR-2130;Волкова Светлана;Логистика, склады и снабжение;Windows 10 Pro;2;2;500;"1С:Предприятие 8.3; Microsoft Office 2019; Microsoft Outlook; SAP GUI; Total Commander; WinRAR; Яндекс Браузер"
WS-ALR-2131;WS-ALR-2131;Николаев Михаил;Бухгалтерия и финансовый контроль;Windows 11 Pro;4;8;120;"1С:Предприятие 8.3; Chromium-GOST; WinRAR; КриптоПро CSP; Р-7 Офис"
WS-ALR-2132;WS-ALR-2132;Павлова Светлана;Управление информационных технологий;Windows 10 Pro;2;8;240;"Chromium-GOST; WinRAR; Р-7 Офис"
WS-ALR-2133;WS-ALR-2133;Алексеева Анна;Отдел кадров и делопроизводства;Windows 10 Pro;4;16;120;"WinRAR; Р-7 Офис; Яндекс Браузер"
WS-ALR-2134;WS-ALR-2134;Соколов Андрей;Бухгалтерия и финансовый контроль;Windows 11 Pro;4;8;240;"1С:Предприятие 8.3; 7-Zip; Google Chrome; КриптоПро CSP; МойОфис Стандартный"
WS-ALR-2135;WS-ALR-2135;Алексеев Роман;Бухгалтерия и финансовый контроль;Windows 10 Pro;4;16;240;"1С:Предприятие 8.3; 7-Zip; Mozilla Firefox; VipNet Client; КриптоПро CSP; Р-7 Офис"
WS-ALR-2136;WS-ALR-2136;Семенов Сергей;Служба главного механика;Windows 10 Pro;2;8;500;"7-Zip; AutoCAD; Chromium-GOST; VLC Media Player; Р-7 Офис"
WS-ALR-2137;WS-ALR-2137;Лебедева Мария;Бухгалтерия и финансовый контроль;Windows 10 Pro;6;4;240;"1С:Предприятие 8.3; 7-Zip; Microsoft Office 2019; Microsoft Outlook; Mozilla Firefox; КриптоПро CSP"
WS-ALR-2138;WS-ALR-2138;Иванова Ирина;Юридический департамент;Windows 10 Pro;4;4;120;"7-Zip; Adobe Acrobat Reader; КриптоПро CSP; МойОфис Стандартный; Яндекс Браузер"
WS-ALR-2139;WS-ALR-2139;Кузнецов Максим;Логистика, склады и снабжение;Windows 10 Pro;2;8;120;"1С:Предприятие 8.3; 7-Zip; Chromium-GOST; Microsoft Office 2016; Microsoft Outlook; Total Commander"
WS-ALR-2140;WS-ALR-2140;Кузнецов Евгений;Бухгалтерия и финансовый контроль;Windows 10 Pro;4;2;240;"1С:Предприятие 8.3; 7-Zip; Chromium-GOST; VipNet Client; КриптоПро CSP; МойОфис Стандартный"
WS-ALR-2141;WS-ALR-2141;Соколова Светлана;Служба главного механика;Windows 11 Pro;4;4;500;"7-Zip; Microsoft Office 2019; Microsoft Outlook; Mozilla Firefox; КОМПАС-3D"
WS-ALR-2142;WS-ALR-2142;Новикова Светлана;Служба главного механика;Windows 10 Pro;4;16;500;"1С:Предприятие 8.3; 7-Zip; Mozilla Firefox; VLC Media Player; Р-7 Офис"
WS-ALR-2143;WS-ALR-2143;Новиков Андрей;Логистика, склады и снабжение;Windows 10 Pro;2;4;240;"1С:Предприятие 8.3; Mozilla Firefox; SAP GUI; WinRAR; Р-7 Офис"
WS-ALR-2144;WS-ALR-2144;Лебедев Алексей;Управление информационных технологий;Windows 10 Pro;2;4;500;"Google Chrome; Microsoft Office 2019; Microsoft Outlook; WinRAR"
WS-ALR-2145;WS-ALR-2145;Петров Андрей;Логистика, склады и снабжение;Windows 10 Pro;4;4;240;"1С:Предприятие 8.3; Google Chrome; Microsoft Office 2019; Total Commander; WinRAR"
WS-ALR-2146;WS-ALR-2146;Лебедева Юлия;Логистика, склады и снабжение;Windows 10 Pro;4;4;500;"1С:Предприятие 8.3; 7-Zip; Microsoft Office 2016; Яндекс Браузер"
WS-ALR-2147;WS-ALR-2147;Степанова Екатерина;Управление информационных технологий;Windows 10 Pro;4;4;120;"7-Zip; Microsoft Office 2019; Яндекс Браузер"
WS-ALR-2148;WS-ALR-2148;Лебедев Сергей;Бухгалтерия и финансовый контроль;Windows 10 Pro;4;16;500;"1С:Предприятие 8.3; 7-Zip; Chromium-GOST; Р-7 Офис"
WS-ALR-2149;WS-ALR-2149;Кузнецов Максим;Отдел кадров и делопроизводства;Windows 10 Pro;4;8;240;"7-Zip; Google Chrome; Microsoft Office 2019; Microsoft Outlook"
WS-ALR-2150;WS-ALR-2150;Михайлов Дмитрий;Бухгалтерия и финансовый контроль;Windows 7 Pro (legacy);2;8;240;"1С:Предприятие 8.3; Google Chrome; VipNet Client; WinRAR; КриптоПро CSP; Р-7 Офис"
WS-ALR-2151;WS-ALR-2151;Николаев Максим;Логистика, склады и снабжение;Windows 10 Pro;2;8;120;"1С:Предприятие 8.3; Chromium-GOST; Microsoft Office 2019; SAP GUI; WinRAR"
WS-ALR-2152;WS-ALR-2152;Морозова Елена;Управление информационных технологий;Windows 10 Pro;4;4;120;"Chromium-GOST; Microsoft Office 2016; WinRAR"
WS-ALR-2153;WS-ALR-2153;Егоров Евгений;Бухгалтерия и финансовый контроль;Windows 10 Pro;4;8;120;"1С:Предприятие 8.3; 7-Zip; Chromium-GOST; КриптоПро CSP; Р-7 Офис"
WS-ALR-2154;WS-ALR-2154;Волков Евгений;Юридический департамент;Windows 10 Pro;4;4;500;"Adobe Acrobat Reader; Google Chrome; SolidWorks; WinRAR; КриптоПро CSP; МойОфис Стандартный"
WS-ALR-2155;WS-ALR-2155;Николаева Ирина;Юридический департамент;Windows 10 Pro;4;8;240;"Adobe Acrobat Reader; Microsoft Office 2016; Microsoft Outlook; WinRAR; Яндекс Браузер"
WS-ALR-2156;WS-ALR-2156;Козлов Дмитрий;Управление информационных технологий;Windows 11 Pro;4;16;120;"WinRAR; Р-7 Офис; Яндекс Браузер"
WS-ALR-2157;WS-ALR-2157;Морозов Артем;Отдел кадров и делопроизводства;Windows 10 Pro;4;8;120;"Mozilla Firefox; WinRAR; Р-7 Офис"
WS-ALR-2158;WS-ALR-2158;Соколов Артем;Отдел кадров и делопроизводства;Windows 10 Pro;4;16;240;"7-Zip; Mozilla Firefox; Р-7 Офис"
WS-ALR-2159;WS-ALR-2159;Михайлова Ирина;Юридический департамент;Windows 10 Pro;6;8;500;"Adobe Acrobat Reader; Chromium-GOST; WinRAR; КриптоПро CSP; МойОфис Стандартный"
WS-ALR-2160;WS-ALR-2160;Павлова Юлия;Служба главного механика;Windows 10 Pro;6;16;240;"Microsoft Office 2016; Microsoft Outlook; WinRAR; КОМПАС-3D; Яндекс Браузер"
WS-ALR-2161;WS-ALR-2161;Попов Алексей;Бухгалтерия и финансовый контроль;Windows 10 Pro;2;8;240;"1С:Предприятие 8.3; Google Chrome; WinRAR; МойОфис Стандартный"
WS-ALR-2162;WS-ALR-2162;Петров Алексей;Логистика, склады и снабжение;Windows 10 Pro;2;8;240;"1С:Предприятие 8.3; WinRAR; Р-7 Офис; Яндекс Браузер"
WS-ALR-2163;WS-ALR-2163;Лебедева Светлана;Управление информационных технологий;Windows 10 Pro;6;8;240;"7-Zip; Google Chrome; Microsoft Office 2016; Microsoft Outlook"
WS-ALR-2164;WS-ALR-2164;Волкова Ирина;Управление информационных технологий;Windows 10 Pro;4;4;500;"7-Zip; Р-7 Офис; Яндекс Браузер"
WS-ALR-2165;WS-ALR-2165;Федоров Михаил;Служба главного механика;Windows 11 Pro;8;16;1024;"7-Zip; AutoCAD; Р-7 Офис; Яндекс Браузер"
WS-ALR-2166;WS-ALR-2166;Соколов Алексей;Юридический департамент;Windows 10 Pro;4;4;240;"7-Zip; Adobe Acrobat Reader; Chromium-GOST; МойОфис Стандартный"
WS-ALR-2167;WS-ALR-2167;Лебедева Екатерина;Бухгалтерия и финансовый контроль;Windows 10 Pro;4;8;500;"1С:Предприятие 8.3; 7-Zip; Google Chrome; SAP GUI; КриптоПро CSP; МойОфис Стандартный"
WS-ALR-2168;WS-ALR-2168;Соколова Мария;Управление информационных технологий;Windows 10 Pro;2;8;500;"Chromium-GOST; WinRAR; МойОфис Стандартный"
WS-ALR-2169;WS-ALR-2169;Федоров Михаил;Служба главного механика;Windows 10 Pro;4;4;240;"AutoCAD; Chromium-GOST; VLC Media Player; WinRAR; Р-7 Офис"
WS-ALR-2170;WS-ALR-2170;Михайлова Юлия;Юридический департамент;Windows 10 Pro;4;16;240;"7-Zip; Google Chrome; Microsoft Office 2019; КриптоПро CSP"
WS-ALR-2171;WS-ALR-2171;Волкова Татьяна;Геологоразведочная партия;Windows 10 Pro;4;16;256;"Chromium-GOST; Microsoft Office 2019; WinRAR; КОМПАС-3D"
WS-ALR-2172;WS-ALR-2172;Степанов Алексей;Служба главного механика;Windows 10 Pro;4;16;1024;"1С:Предприятие 8.3; Google Chrome; Microsoft Office 2019; WinRAR"
WS-ALR-2173;WS-ALR-2173;Николаева Татьяна;Бухгалтерия и финансовый контроль;Windows 10 Pro;4;8;240;"1С:Предприятие 8.3; Chromium-GOST; Microsoft Office 2016; WinRAR; КриптоПро CSP"
WS-ALR-2174;WS-ALR-2174;Павлова Мария;Логистика, склады и снабжение;Windows 7 Pro (legacy);2;4;500;"1С:Предприятие 8.3; Google Chrome; WinRAR; МойОфис Стандартный"
WS-ALR-2175;WS-ALR-2175;Николаев Роман;Служба главного механика;Windows 10 Pro;6;16;1024;"Mozilla Firefox; WinRAR; КОМПАС-3D; Р-7 Офис"
WS-ALR-2176;WS-ALR-2176;Попова Татьяна;Служба главного механика;Windows 10 Pro;6;8;1024;"AutoCAD; Microsoft Office 2016; Microsoft Outlook; WinRAR; Яндекс Браузер"
WS-ALR-2177;WS-ALR-2177;Соколов Алексей;Служба главного механика;Windows 10 Pro;4;16;1024;"7-Zip; Mozilla Firefox; КОМПАС-3D; Р-7 Офис"
WS-ALR-2178;WS-ALR-2178;Иванова Елена;Юридический департамент;Windows 10 Pro;2;8;500;"7-Zip; Adobe Acrobat Reader; Microsoft Office 2016; Microsoft Outlook; Mozilla Firefox"
WS-ALR-2179;WS-ALR-2179;Федоров Артем;Бухгалтерия и финансовый контроль;Windows 7 Pro (legacy);6;8;240;"1С:Предприятие 8.3; Mozilla Firefox; WinRAR; МойОфис Стандартный"
WS-ALR-2180;WS-ALR-2180;Лебедева Елена;Бухгалтерия и финансовый контроль;Windows 7 Pro (legacy);4;8;120;"1С:Предприятие 8.3; Mozilla Firefox; WinRAR; КриптоПро CSP; Р-7 Офис"
WS-ALR-2181;WS-ALR-2181;Лебедева Мария;Юридический департамент;Windows 7 Pro (legacy);4;4;500;"Chromium-GOST; Microsoft Office 2019; Microsoft Outlook; WinRAR"
WS-ALR-2182;WS-ALR-2182;Козлов Максим;Бухгалтерия и финансовый контроль;Windows 10 Pro;4;4;240;"1С:Предприятие 8.3; 7-Zip; Microsoft Office 2019; Mozilla Firefox; SAP GUI; КриптоПро CSP"
WS-ALR-2183;WS-ALR-2183;Павлов Максим;Бухгалтерия и финансовый контроль;Windows 10 Pro;4;8;500;"1С:Предприятие 8.3; 7-Zip; Microsoft Office 2016; Microsoft Outlook; Mozilla Firefox; VipNet Client; КриптоПро CSP"
WS-ALR-2184;WS-ALR-2184;Васильев Сергей;Логистика, склады и снабжение;Windows 11 Pro;2;4;500;"1С:Предприятие 8.3; 7-Zip; Google Chrome; LibreOffice; Total Commander"
WS-ALR-2185;WS-ALR-2185;Волкова Светлана;Управление информационных технологий;Windows 10 Pro;4;4;500;"Mozilla Firefox; WinRAR; Р-7 Офис"
WS-ALR-2186;WS-ALR-2186;Смирнова Ирина;Геологоразведочная партия;Windows 10 Pro;6;32;512;"1С:Предприятие 8.3; 7-Zip; Chromium-GOST; Microsoft Office 2019; SolidWorks"
WS-ALR-2187;WS-ALR-2187;Павлова Анна;Логистика, склады и снабжение;Windows 10 Pro;2;8;500;"1С:Предприятие 8.3; 7-Zip; Chromium-GOST; SAP GUI; МойОфис Стандартный"
WS-ALR-2188;WS-ALR-2188;Семенова Ольга;Юридический департамент;Windows 10 Pro;2;8;500;"Adobe Acrobat Reader; Microsoft Office 2019; WinRAR; Яндекс Браузер"
WS-ALR-2189;WS-ALR-2189;Петрова Татьяна;Бухгалтерия и финансовый контроль;Windows 7 Pro (legacy);4;8;240;"1С:Предприятие 8.3; Chromium-GOST; VipNet Client; WinRAR; КриптоПро CSP; Р-7 Офис"
WS-ALR-2190;WS-ALR-2190;Егорова Юлия;Служба главного механика;Windows 11 Pro;4;16;500;"1С:Предприятие 8.3; Google Chrome; Microsoft Office 2016; WinRAR"
WS-ALR-2191;WS-ALR-2191;Степанов Михаил;Логистика, склады и снабжение;Windows 10 Pro;2;4;500;"1С:Предприятие 8.3; Microsoft Office 2019; Mozilla Firefox; WinRAR"
WS-ALR-2192;WS-ALR-2192;Лебедева Наталья;Служба главного механика;Windows 10 Pro;4;16;500;"7-Zip; Chromium-GOST; LibreOffice; КОМПАС-3D"
WS-ALR-2193;WS-ALR-2193;Семенова Юлия;Управление информационных технологий;Windows 10 Pro;4;8;120;"Google Chrome; Microsoft Office 2019; WinRAR"
WS-ALR-2194;WS-ALR-2194;Степанова Юлия;Логистика, склады и снабжение;Windows 10 Pro;2;2;500;"1С:Предприятие 8.3; Microsoft Office 2016; Total Commander; WinRAR; Яндекс Браузер"
WS-ALR-2195;WS-ALR-2195;Федоров Максим;Бухгалтерия и финансовый контроль;Windows 10 Pro;4;8;500;"1С:Предприятие 8.3; Google Chrome; VipNet Client; WinRAR; КриптоПро CSP; Р-7 Офис"
WS-ALR-2196;WS-ALR-2196;Лебедева Татьяна;Юридический департамент;Windows 10 Pro;4;16;500;"7-Zip; КриптоПро CSP; МойОфис Стандартный; Яндекс Браузер"
WS-ALR-2197;WS-ALR-2197;Федоров Максим;Геологоразведочная партия;Windows 11 Pro;6;16;512;"7-Zip; Mozilla Firefox; МойОфис Стандартный"
WS-ALR-2198;WS-ALR-2198;Кузнецова Елена;Служба главного механика;Windows 10 Pro;4;4;500;"Chromium-GOST; Microsoft Office 2019; Microsoft Outlook; WinRAR; КОМПАС-3D"
WS-ALR-2199;WS-ALR-2199;Лебедева Наталья;Управление информационных технологий;Windows 10 Pro;4;16;500;"Microsoft Office 2016; Microsoft Outlook; Mozilla Firefox; WinRAR"
WS-ALR-2200;WS-ALR-2200;Лебедева Екатерина;Бухгалтерия и финансовый контроль;Windows 10 Pro;4;8;240;"1С:Предприятие 8.3; 7-Zip; Chromium-GOST; Microsoft Office 2016; КриптоПро CSP"
WS-ALR-2201;WS-ALR-2201;Николаева Светлана;Отдел кадров и делопроизводства;Windows 10 Pro;4;4;500;"7-Zip; Chromium-GOST; МойОфис Стандартный"
WS-ALR-2202;WS-ALR-2202;Егоров Иван;Управление информационных технологий;Windows 10 Pro;4;8;120;"Google Chrome; Microsoft Office 2019; WinRAR"
WS-ALR-2203;WS-ALR-2203;Петрова Татьяна;Управление информационных технологий;Windows 10 Pro;2;16;120;"7-Zip; Google Chrome; МойОфис Стандартный"
WS-ALR-2204;WS-ALR-2204;Алексеева Анна;Юридический департамент;Windows 10 Pro;4;2;240;"7-Zip; Chromium-GOST; Microsoft Office 2016; КриптоПро CSP"
WS-ALR-2205;WS-ALR-2205;Федорова Наталья;Отдел кадров и делопроизводства;Windows 10 Pro;4;8;120;"Chromium-GOST; Microsoft Office 2016; Microsoft Outlook; WinRAR"
WS-ALR-2206;WS-ALR-2206;Михайлов Иван;Логистика, склады и снабжение;Windows 11 Pro;2;8;120;"1С:Предприятие 8.3; 7-Zip; Google Chrome; Р-7 Офис"
WS-ALR-2207;WS-ALR-2207;Федорова Татьяна;Бухгалтерия и финансовый контроль;Windows 10 Pro;4;16;240;"1С:Предприятие 8.3; 7-Zip; Google Chrome; SAP GUI; МойОфис Стандартный"
WS-ALR-2208;WS-ALR-2208;Васильев Алексей;Отдел кадров и делопроизводства;Windows 10 Pro;4;8;240;"Mozilla Firefox; WinRAR; Р-7 Офис"
WS-ALR-2209;WS-ALR-2209;Николаев Артем;Служба главного механика;Windows 10 Pro;6;32;500;"7-Zip; Chromium-GOST; КОМПАС-3D; Р-7 Офис"
WS-ALR-2210;WS-ALR-2210;Смирнова Юлия;Служба главного механика;Windows 10 Pro;4;16;1024;"7-Zip; LibreOffice; КОМПАС-3D; Яндекс Браузер"
WS-ALR-2211;WS-ALR-2211;Попова Светлана;Логистика, склады и снабжение;Windows 10 Pro;2;4;500;"1С:Предприятие 8.3; 7-Zip; Chromium-GOST; Total Commander; Р-7 Офис"
WS-ALR-2212;WS-ALR-2212;Степанова Мария;Бухгалтерия и финансовый контроль;Windows 10 Pro;4;4;120;"1С:Предприятие 8.3; 7-Zip; LibreOffice; КриптоПро CSP; Яндекс Браузер"
WS-ALR-2213;WS-ALR-2213;Петрова Юлия;Служба главного механика;Windows 10 Pro;4;8;1024;"1С:Предприятие 8.3; Google Chrome; Microsoft Office 2016; Microsoft Outlook; VLC Media Player; WinRAR"
WS-ALR-2214;WS-ALR-2214;Петров Андрей;Логистика, склады и снабжение;Windows 10 Pro;2;2;240;"1С:Предприятие 8.3; Chromium-GOST; SAP GUI; WinRAR; МойОфис Стандартный"
WS-ALR-2215;WS-ALR-2215;Кузнецов Максим;Геологоразведочная партия;Windows 10 Pro;6;16;512;"7-Zip; AutoCAD; Chromium-GOST; LibreOffice; КОМПАС-3D"
WS-ALR-2216;WS-ALR-2216;Семенова Наталья;Отдел кадров и делопроизводства;Windows 10 Pro;4;8;120;"WinRAR; Р-7 Офис; Яндекс Браузер"
WS-ALR-2217;WS-ALR-2217;Морозова Елена;Управление информационных технологий;Windows 7 Pro (legacy);4;8;500;"7-Zip; Microsoft Office 2016; Microsoft Outlook; Mozilla Firefox"
WS-ALR-2218;WS-ALR-2218;Попов Роман;Управление информационных технологий;Windows 10 Pro;4;8;120;"7-Zip; Р-7 Офис; Яндекс Браузер"
WS-ALR-2219;WS-ALR-2219;Новикова Юлия;Служба главного механика;Windows 11 Pro;2;8;500;"1С:Предприятие 8.3; 7-Zip; МойОфис Стандартный; Яндекс Браузер"
WS-ALR-2220;WS-ALR-2220;Николаева Анна;Бухгалтерия и финансовый контроль;Windows 11 Pro;2;4;500;"1С:Предприятие 8.3; 7-Zip; Chromium-GOST; Microsoft Office 2016; Microsoft Outlook"
WS-ALR-2221;WS-ALR-2221;Васильев Михаил;Отдел кадров и делопроизводства;Windows 11 Pro;4;8;240;"Google Chrome; WinRAR; МойОфис Стандартный"
WS-ALR-2222;WS-ALR-2222;Степанова Юлия;Служба главного механика;Windows 11 Pro;8;16;240;"1С:Предприятие 8.3; Chromium-GOST; WinRAR; Р-7 Офис"
WS-ALR-2223;WS-ALR-2223;Волков Алексей;Управление информационных технологий;Windows 10 Pro;2;8;500;"Google Chrome; WinRAR; МойОфис Стандартный"
WS-ALR-2224;WS-ALR-2224;Смирнова Наталья;Управление информационных технологий;Windows 10 Pro;2;8;120;"Microsoft Office 2019; Microsoft Outlook; WinRAR; Яндекс Браузер"
WS-ALR-2225;WS-ALR-2225;Васильева Ирина;Бухгалтерия и финансовый контроль;Windows 10 Pro;2;4;240;"1С:Предприятие 8.3; 7-Zip; Microsoft Office 2016; Microsoft Outlook; КриптоПро CSP; Яндекс Браузер"
WS-ALR-2226;WS-ALR-2226;Иванова Светлана;Управление информационных технологий;Windows 10 Pro;2;8;500;"7-Zip; Microsoft Office 2019; Microsoft Outlook; Mozilla Firefox"
WS-ALR-2227;WS-ALR-2227;Петров Иван;Геологоразведочная партия;Windows 7 Pro (legacy);6;8;512;"Google Chrome; WinRAR; КОМПАС-3D; МойОфис Стандартный"
WS-ALR-2228;WS-ALR-2228;Степанов Дмитрий;Управление информационных технологий;Windows 10 Pro;4;2;500;"Google Chrome; WinRAR; Р-7 Офис"
WS-ALR-2229;WS-ALR-2229;Смирнов Артем;Бухгалтерия и финансовый контроль;Windows 10 Pro;4;4;500;"1С:Предприятие 8.3; Google Chrome; Microsoft Office 2019; Microsoft Outlook; WinRAR; КриптоПро CSP"
WS-ALR-2230;WS-ALR-2230;Волкова Анна;Геологоразведочная партия;Windows 11 Pro;8;16;1024;"7-Zip; Chromium-GOST; КОМПАС-3D; МойОфис Стандартный"
WS-ALR-2231;WS-ALR-2231;Степанов Михаил;Геологоразведочная партия;Windows 11 Pro;4;4;256;"Chromium-GOST; SolidWorks; WinRAR; МойОфис Стандартный"
WS-ALR-2232;WS-ALR-2232;Николаева Екатерина;Геологоразведочная партия;Windows 11 Pro;6;4;256;"7-Zip; Google Chrome; Microsoft Office 2019"
WS-ALR-2233;WS-ALR-2233;Козлов Максим;Управление информационных технологий;Windows 10 Pro;4;4;240;"7-Zip; Google Chrome; Microsoft Office 2016"
WS-ALR-2234;WS-ALR-2234;Смирнова Екатерина;Управление информационных технологий;Windows 7 Pro (legacy);2;16;240;"7-Zip; Chromium-GOST; Microsoft Office 2016"
WS-ALR-2235;WS-ALR-2235;Егорова Татьяна;Логистика, склады и снабжение;Windows 11 Pro;2;4;500;"1С:Предприятие 8.3; 7-Zip; Google Chrome; МойОфис Стандартный"
WS-ALR-2236;WS-ALR-2236;Павлов Евгений;Управление информационных технологий;Windows 10 Pro;4;8;500;"Mozilla Firefox; WinRAR; Р-7 Офис"
WS-ALR-2237;WS-ALR-2237;Петрова Екатерина;Юридический департамент;Windows 11 Pro;4;8;500;"7-Zip; Adobe Acrobat Reader; Chromium-GOST; SolidWorks; КриптоПро CSP; Р-7 Офис"
WS-ALR-2238;WS-ALR-2238;Соколова Светлана;Управление информационных технологий;Windows 11 Pro;4;4;120;"Mozilla Firefox; WinRAR; Р-7 Офис"
WS-ALR-2239;WS-ALR-2239;Егорова Татьяна;Служба главного механика;Windows 7 Pro (legacy);6;32;1024;"1С:Предприятие 8.3; VLC Media Player; WinRAR; МойОфис Стандартный; Яндекс Браузер"
WS-ALR-2240;WS-ALR-2240;Степанов Евгений;Логистика, склады и снабжение;Windows 10 Pro;2;4;240;"1С:Предприятие 8.3; 7-Zip; Chromium-GOST; Total Commander; МойОфис Стандартный"
WS-ALR-2241;WS-ALR-2241;Морозова Ольга;Бухгалтерия и финансовый контроль;Windows 10 Pro;2;8;500;"1С:Предприятие 8.3; Mozilla Firefox; WinRAR; КриптоПро CSP; Р-7 Офис"
WS-ALR-2242;WS-ALR-2242;Павлов Роман;Бухгалтерия и финансовый контроль;Windows 10 Pro;4;8;120;"1С:Предприятие 8.3; Mozilla Firefox; SAP GUI; WinRAR; КриптоПро CSP; Р-7 Офис"
WS-ALR-2243;WS-ALR-2243;Лебедева Ирина;Геологоразведочная партия;Windows 10 Pro;4;8;1024;"1С:Предприятие 8.3; Microsoft Office 2019; Microsoft Outlook; Mozilla Firefox; SolidWorks; WinRAR; КОМПАС-3D"
WS-ALR-2244;WS-ALR-2244;Николаева Светлана;Отдел кадров и делопроизводства;Windows 10 Pro;6;8;120;"7-Zip; Р-7 Офис; Яндекс Браузер"
WS-ALR-2245;WS-ALR-2245;Смирнов Иван;Служба главного механика;Windows 10 Pro;4;16;240;"7-Zip; Microsoft Office 2019; Microsoft Outlook; КОМПАС-3D; Яндекс Браузер"
WS-ALR-2246;WS-ALR-2246;Васильев Евгений;Отдел кадров и делопроизводства;Windows 10 Pro;4;4;500;"Chromium-GOST; Microsoft Office 2019; WinRAR"
WS-ALR-2247;WS-ALR-2247;Козлова Татьяна;Служба главного механика;Windows 7 Pro (legacy);6;4;500;"1С:Предприятие 8.3; 7-Zip; LibreOffice; Mozilla Firefox"
WS-ALR-2248;WS-ALR-2248;Иванов Евгений;Отдел кадров и делопроизводства;Windows 10 Pro;2;8;240;"7-Zip; Microsoft Office 2019; Microsoft Outlook; Яндекс Браузер"
WS-ALR-2249;WS-ALR-2249;Волков Максим;Управление информационных технологий;Windows 10 Pro;4;8;240;"7-Zip; Microsoft Office 2019; Microsoft Outlook; Mozilla Firefox"
WS-ALR-2250;WS-ALR-2250;Волков Алексей;Логистика, склады и снабжение;Windows 7 Pro (legacy);2;4;240;"1С:Предприятие 8.3; SAP GUI; WinRAR; Р-7 Офис; Яндекс Браузер"
WS-ALR-2251;WS-ALR-2251;Егоров Михаил;Бухгалтерия и финансовый контроль;Windows 10 Pro;4;4;500;"1С:Предприятие 8.3; Chromium-GOST; Microsoft Office 2019; SAP GUI; WinRAR; КриптоПро CSP"
WS-ALR-2252;WS-ALR-2252;Волкова Светлана;Управление информационных технологий;Windows 10 Pro;4;8;500;"Chromium-GOST; Microsoft Office 2016; Microsoft Outlook; WinRAR"
WS-ALR-2253;WS-ALR-2253;Морозова Ольга;Отдел кадров и делопроизводства;Windows 10 Pro;4;8;500;"7-Zip; Chromium-GOST; Microsoft Office 2019"
WS-ALR-2254;WS-ALR-2254;Козлова Елена;Служба главного механика;Windows 10 Pro;8;8;500;"1С:Предприятие 8.3; Chromium-GOST; WinRAR; МойОфис Стандартный"
WS-ALR-2255;WS-ALR-2255;Новикова Светлана;Геологоразведочная партия;Windows 10 Pro;6;8;512;"Microsoft Office 2019; Microsoft Outlook; WinRAR; Яндекс Браузер"
WS-ALR-2256;WS-ALR-2256;Кузнецова Светлана;Геологоразведочная партия;Windows 10 Pro;6;16;256;"1С:Предприятие 8.3; Chromium-GOST; WinRAR; МойОфис Стандартный"
WS-ALR-2257;WS-ALR-2257;Лебедев Андрей;Отдел кадров и делопроизводства;Windows 10 Pro;4;16;120;"Chromium-GOST; Microsoft Office 2016; Microsoft Outlook; WinRAR"
WS-ALR-2258;WS-ALR-2258;Волкова Татьяна;Бухгалтерия и финансовый контроль;Windows 11 Pro;4;8;120;"1С:Предприятие 8.3; 7-Zip; Mozilla Firefox; КриптоПро CSP; Р-7 Офис"
WS-ALR-2259;WS-ALR-2259;Михайлов Роман;Служба главного механика;Windows 7 Pro (legacy);4;32;500;"7-Zip; Mozilla Firefox; КОМПАС-3D; Р-7 Офис"
WS-ALR-2260;WS-ALR-2260;Степанов Алексей;Бухгалтерия и финансовый контроль;Windows 10 Pro;4;4;120;"1С:Предприятие 8.3; Microsoft Office 2019; Mozilla Firefox; VipNet Client; WinRAR; КриптоПро CSP"
WS-ALR-2261;WS-ALR-2261;Попова Наталья;Управление информационных технологий;Windows 11 Pro;4;16;120;"Microsoft Office 2016; Microsoft Outlook; WinRAR; Яндекс Браузер"
WS-ALR-2262;WS-ALR-2262;Николаев Роман;Юридический департамент;Windows 10 Pro;2;16;120;"Adobe Acrobat Reader; Google Chrome; WinRAR; КриптоПро CSP; МойОфис Стандартный"
WS-ALR-2263;WS-ALR-2263;Попов Евгений;Управление информационных технологий;Windows 10 Pro;4;4;500;"Mozilla Firefox; WinRAR; МойОфис Стандартный"
WS-ALR-2264;WS-ALR-2264;Семенова Ольга;Бухгалтерия и финансовый контроль;Windows 11 Pro;4;4;120;"1С:Предприятие 8.3; 7-Zip; Chromium-GOST; SAP GUI; Р-7 Офис"
WS-ALR-2265;WS-ALR-2265;Волкова Екатерина;Юридический департамент;Windows 7 Pro (legacy);4;8;240;"7-Zip; Google Chrome; Microsoft Office 2016; Microsoft Outlook; КриптоПро CSP"
WS-ALR-2266;WS-ALR-2266;Соколов Андрей;Отдел кадров и делопроизводства;Windows 10 Pro;2;8;500;"Google Chrome; WinRAR; МойОфис Стандартный"
WS-ALR-2267;WS-ALR-2267;Новиков Андрей;Управление информационных технологий;Windows 10 Pro;4;8;240;"Microsoft Office 2016; Microsoft Outlook; WinRAR; Яндекс Браузер"
WS-ALR-2268;WS-ALR-2268;Федоров Максим;Служба главного механика;Windows 10 Pro;4;8;500;"7-Zip; AutoCAD; Google Chrome; Р-7 Офис"
WS-ALR-2269;WS-ALR-2269;Смирнова Анна;Отдел кадров и делопроизводства;Windows 10 Pro;2;4;500;"7-Zip; Mozilla Firefox; МойОфис Стандартный"
WS-ALR-2270;WS-ALR-2270;Иванова Юлия;Юридический департамент;Windows 10 Pro;2;8;120;"7-Zip; Adobe Acrobat Reader; Microsoft Office 2019; Microsoft Outlook; Mozilla Firefox; SolidWorks"
WS-ALR-2271;WS-ALR-2271;Петрова Юлия;Бухгалтерия и финансовый контроль;Windows 10 Pro;4;16;500;"1С:Предприятие 8.3; Microsoft Office 2019; Microsoft Outlook; WinRAR; Яндекс Браузер"
WS-ALR-2272;WS-ALR-2272;Степанова Мария;Юридический департамент;Windows 11 Pro;4;8;120;"7-Zip; Google Chrome; Microsoft Office 2019; Microsoft Outlook; КриптоПро CSP"
WS-ALR-2273;WS-ALR-2273;Лебедева Юлия;Бухгалтерия и финансовый контроль;Windows 11 Pro;2;2;120;"1С:Предприятие 8.3; 7-Zip; Chromium-GOST; VipNet Client; КриптоПро CSP; МойОфис Стандартный"
WS-ALR-2274;WS-ALR-2274;Николаев Артем;Отдел кадров и делопроизводства;Windows 10 Pro;4;2;120;"Mozilla Firefox; WinRAR; МойОфис Стандартный"
WS-ALR-2275;WS-ALR-2275;Михайлова Юлия;Юридический департамент;Windows 7 Pro (legacy);4;8;120;"Google Chrome; Microsoft Office 2016; WinRAR; КриптоПро CSP"
WS-ALR-2276;WS-ALR-2276;Павлов Евгений;Юридический департамент;Windows 11 Pro;2;16;500;"7-Zip; Adobe Acrobat Reader; Microsoft Office 2019; КриптоПро CSP; Яндекс Браузер"
WS-ALR-2277;WS-ALR-2277;Васильева Мария;Бухгалтерия и финансовый контроль;Windows 7 Pro (legacy);2;8;120;"1С:Предприятие 8.3; 7-Zip; Google Chrome; Microsoft Office 2019; КриптоПро CSP"
WS-ALR-2278;WS-ALR-2278;Васильев Сергей;Служба главного механика;Windows 7 Pro (legacy);6;16;1024;"1С:Предприятие 8.3; Microsoft Office 2019; Microsoft Outlook; Mozilla Firefox; WinRAR"
WS-ALR-2279;WS-ALR-2279;Кузнецов Иван;Бухгалтерия и финансовый контроль;Windows 10 Pro;4;4;240;"1С:Предприятие 8.3; Chromium-GOST; WinRAR; КриптоПро CSP; МойОфис Стандартный"
WS-ALR-2280;WS-ALR-2280;Морозов Михаил;Логистика, склады и снабжение;Windows 7 Pro (legacy);4;8;240;"1С:Предприятие 8.3; Google Chrome; LibreOffice; Total Commander; WinRAR"
WS-ALR-2281;WS-ALR-2281;Петров Артем;Отдел кадров и делопроизводства;Windows 10 Pro;4;8;240;"7-Zip; Google Chrome; МойОфис Стандартный"
WS-ALR-2282;WS-ALR-2282;Морозова Мария;Управление информационных технологий;Windows 10 Pro;4;4;240;"7-Zip; Chromium-GOST; Microsoft Office 2016; Microsoft Outlook"
WS-ALR-2283;WS-ALR-2283;Попова Мария;Бухгалтерия и финансовый контроль;Windows 10 Pro;2;8;500;"1С:Предприятие 8.3; Microsoft Office 2019; Microsoft Outlook; Mozilla Firefox; WinRAR"
WS-ALR-2284;WS-ALR-2284;Петров Михаил;Управление информационных технологий;Windows 10 Pro;2;2;500;"7-Zip; Chromium-GOST; МойОфис Стандартный"
WS-ALR-2285;WS-ALR-2285;Попов Дмитрий;Геологоразведочная партия;Windows 10 Pro;6;8;1024;"Chromium-GOST; SolidWorks; WinRAR; МойОфис Стандартный"
WS-ALR-2286;WS-ALR-2286;Смирнова Ирина;Отдел кадров и делопроизводства;Windows 10 Pro;2;8;240;"Mozilla Firefox; WinRAR; МойОфис Стандартный"
WS-ALR-2287;WS-ALR-2287;Алексеева Наталья;Отдел кадров и делопроизводства;Windows 10 Pro;4;4;120;"Microsoft Office 2016; Mozilla Firefox; WinRAR"
WS-ALR-2288;WS-ALR-2288;Петрова Татьяна;Логистика, склады и снабжение;Windows 10 Pro;2;16;120;"1С:Предприятие 8.3; Google Chrome; Microsoft Office 2016; SAP GUI; Total Commander; WinRAR"
WS-ALR-2289;WS-ALR-2289;Михайлов Дмитрий;Отдел кадров и делопроизводства;Windows 10 Pro;4;8;240;"Google Chrome; Microsoft Office 2019; Microsoft Outlook; WinRAR"
WS-ALR-2290;WS-ALR-2290;Попов Роман;Бухгалтерия и финансовый контроль;Windows 10 Pro;2;8;120;"1С:Предприятие 8.3; 7-Zip; Google Chrome; Microsoft Office 2016; Microsoft Outlook"
WS-ALR-2291;WS-ALR-2291;Егорова Екатерина;Бухгалтерия и финансовый контроль;Windows 11 Pro;2;8;120;"1С:Предприятие 8.3; 7-Zip; Google Chrome; Microsoft Office 2016; Microsoft Outlook; SAP GUI; VipNet Client"
WS-ALR-2292;WS-ALR-2292;Степанова Мария;Бухгалтерия и финансовый контроль;Windows 10 Pro;4;4;500;"1С:Предприятие 8.3; Chromium-GOST; SAP GUI; WinRAR; КриптоПро CSP; Р-7 Офис"
WS-ALR-2293;WS-ALR-2293;Кузнецов Максим;Отдел кадров и делопроизводства;Windows 10 Pro;4;8;240;"Chromium-GOST; LibreOffice; WinRAR"
WS-ALR-2294;WS-ALR-2294;Васильев Алексей;Геологоразведочная партия;Windows 10 Pro;6;8;1024;"AutoCAD; WinRAR; КОМПАС-3D; Р-7 Офис; Яндекс Браузер"
WS-ALR-2295;WS-ALR-2295;Волков Артем;Служба главного механика;Windows 11 Pro;6;16;500;"7-Zip; AutoCAD; Chromium-GOST; VLC Media Player; МойОфис Стандартный"
WS-ALR-2296;WS-ALR-2296;Егоров Сергей;Геологоразведочная партия;Windows 7 Pro (legacy);8;16;512;"Chromium-GOST; WinRAR; МойОфис Стандартный"
WS-ALR-2297;WS-ALR-2297;Васильев Сергей;Бухгалтерия и финансовый контроль;Windows 10 Pro;2;16;120;"1С:Предприятие 8.3; Google Chrome; WinRAR; Р-7 Офис"
WS-ALR-2298;WS-ALR-2298;Морозов Максим;Юридический департамент;Windows 10 Pro;4;8;240;"Adobe Acrobat Reader; Microsoft Office 2019; Microsoft Outlook; SolidWorks; WinRAR; КриптоПро CSP; Яндекс Браузер"
WS-ALR-2299;WS-ALR-2299;Смирнова Наталья;Служба главного механика;Windows 10 Pro;4;16;240;"AutoCAD; Google Chrome; WinRAR; МойОфис Стандартный"
WS-ALR-2300;WS-ALR-2300;Козлов Максим;Геологоразведочная партия;Windows 10 Pro;4;16;512;"Mozilla Firefox; WinRAR; МойОфис Стандартный"
WS-ALR-2301;WS-ALR-2301;Смирнова Татьяна;Служба главного механика;Windows 11 Pro;4;4;500;"AutoCAD; Google Chrome; Microsoft Office 2016; VLC Media Player; WinRAR"
WS-ALR-2302;WS-ALR-2302;Смирнов Максим;Служба главного механика;Windows 7 Pro (legacy);4;8;1024;"1С:Предприятие 8.3; Mozilla Firefox; WinRAR; Р-7 Офис"
WS-ALR-2303;WS-ALR-2303;Попова Елена;Геологоразведочная партия;Windows 10 Pro;4;16;512;"1С:Предприятие 8.3; Microsoft Office 2016; WinRAR; КОМПАС-3D; Яндекс Браузер"
WS-ALR-2304;WS-ALR-2304;Алексеева Ольга;Юридический департамент;Windows 10 Pro;4;2;240;"Chromium-GOST; WinRAR; МойОфис Стандартный"
WS-ALR-2305;WS-ALR-2305;Федорова Екатерина;Логистика, склады и снабжение;Windows 10 Pro;2;8;120;"1С:Предприятие 8.3; 7-Zip; МойОфис Стандартный; Яндекс Браузер"
WS-ALR-2306;WS-ALR-2306;Волкова Наталья;Управление информационных технологий;Windows 10 Pro;4;4;240;"Google Chrome; WinRAR; МойОфис Стандартный"
WS-ALR-2307;WS-ALR-2307;Васильева Наталья;Управление информационных технологий;Windows 7 Pro (legacy);4;4;120;"Google Chrome; WinRAR; МойОфис Стандартный"
WS-ALR-2308;WS-ALR-2308;Соколов Алексей;Служба главного механика;Windows 11 Pro;6;16;500;"Microsoft Office 2016; Microsoft Outlook; Mozilla Firefox; WinRAR; КОМПАС-3D"
WS-ALR-2309;WS-ALR-2309;Лебедев Иван;Управление информационных технологий;Windows 11 Pro;4;4;240;"7-Zip; Microsoft Office 2016; Mozilla Firefox"
WS-ALR-2310;WS-ALR-2310;Семенова Наталья;Управление информационных технологий;Windows 10 Pro;4;8;500;"Chromium-GOST; WinRAR; МойОфис Стандартный"
WS-ALR-2311;WS-ALR-2311;Степанова Наталья;Управление информационных технологий;Windows 10 Pro;4;4;240;"7-Zip; МойОфис Стандартный; Яндекс Браузер"
WS-ALR-2312;WS-ALR-2312;Волков Максим;Юридический департамент;Windows 10 Pro;4;4;240;"7-Zip; Chromium-GOST; Microsoft Office 2016; Microsoft Outlook"
WS-ALR-2313;WS-ALR-2313;Михайлов Иван;Служба главного механика;Windows 10 Pro;8;8;240;"7-Zip; VLC Media Player; КОМПАС-3D; МойОфис Стандартный; Яндекс Браузер"
WS-ALR-2314;WS-ALR-2314;Алексеев Алексей;Юридический департамент;Windows 10 Pro;4;8;240;"7-Zip; Adobe Acrobat Reader; Google Chrome; Microsoft Office 2016; Microsoft Outlook"
WS-ALR-2315;WS-ALR-2315;Морозова Анна;Управление информационных технологий;Windows 11 Pro;4;8;120;"Chromium-GOST; WinRAR; МойОфис Стандартный"
WS-ALR-2316;WS-ALR-2316;Смирнов Дмитрий;Логистика, склады и снабжение;Windows 10 Pro;4;8;240;"1С:Предприятие 8.3; Google Chrome; WinRAR; МойОфис Стандартный"
WS-ALR-2317;WS-ALR-2317;Степанов Андрей;Управление информационных технологий;Windows 10 Pro;4;8;500;"WinRAR; МойОфис Стандартный; Яндекс Браузер"
WS-ALR-2318;WS-ALR-2318;Васильев Роман;Служба главного механика;Windows 10 Pro;2;16;240;"AutoCAD; Microsoft Office 2019; Microsoft Outlook; Mozilla Firefox; WinRAR"
WS-ALR-2319;WS-ALR-2319;Лебедева Мария;Служба главного механика;Windows 10 Pro;6;16;500;"7-Zip; Microsoft Office 2016; Microsoft Outlook; Mozilla Firefox; КОМПАС-3D"
WS-ALR-2320;WS-ALR-2320;Кузнецов Максим;Бухгалтерия и финансовый контроль;Windows 10 Pro;2;16;120;"1С:Предприятие 8.3; Google Chrome; LibreOffice; WinRAR"
WS-ALR-2321;WS-ALR-2321;Егорова Мария;Отдел кадров и делопроизводства;Windows 10 Pro;4;8;120;"7-Zip; Microsoft Office 2019; Mozilla Firefox"
WS-ALR-2322;WS-ALR-2322;Федоров Иван;Геологоразведочная партия;Windows 11 Pro;6;16;256;"1С:Предприятие 8.3; AutoCAD; Microsoft Office 2019; Microsoft Outlook; WinRAR; Яндекс Браузер"
WS-ALR-2323;WS-ALR-2323;Козлова Мария;Отдел кадров и делопроизводства;Windows 10 Pro;4;8;120;"7-Zip; Google Chrome; Microsoft Office 2016; Microsoft Outlook"
WS-ALR-2324;WS-ALR-2324;Кузнецова Елена;Логистика, склады и снабжение;Windows 10 Pro;2;2;500;"1С:Предприятие 8.3; 7-Zip; Chromium-GOST; Total Commander; МойОфис Стандартный"
WS-ALR-2325;WS-ALR-2325;Кузнецов Евгений;Отдел кадров и делопроизводства;Windows 11 Pro;4;8;500;"7-Zip; Chromium-GOST; МойОфис Стандартный"
WS-ALR-2326;WS-ALR-2326;Лебедева Анна;Логистика, склады и снабжение;Windows 10 Pro;2;2;500;"1С:Предприятие 8.3; 7-Zip; Р-7 Офис; Яндекс Браузер"
WS-ALR-2327;WS-ALR-2327;Петров Евгений;Бухгалтерия и финансовый контроль;Windows 7 Pro (legacy);2;8;500;"1С:Предприятие 8.3; 7-Zip; Mozilla Firefox; Р-7 Офис"
WS-ALR-2328;WS-ALR-2328;Соколов Артем;Геологоразведочная партия;Windows 11 Pro;8;4;1024;"7-Zip; AutoCAD; Microsoft Office 2019; Mozilla Firefox"
WS-ALR-2329;WS-ALR-2329;Семенова Елена;Служба главного механика;Windows 10 Pro;4;32;240;"Mozilla Firefox; WinRAR; КОМПАС-3D; МойОфис Стандартный"
WS-ALR-2330;WS-ALR-2330;Николаев Андрей;Отдел кадров и делопроизводства;Windows 7 Pro (legacy);2;8;240;"7-Zip; Microsoft Office 2016; Microsoft Outlook; Яндекс Браузер"
WS-ALR-2331;WS-ALR-2331;Васильева Ирина;Геологоразведочная партия;Windows 10 Pro;4;4;256;"7-Zip; Chromium-GOST; МойОфис Стандартный"
WS-ALR-2332;WS-ALR-2332;Васильев Максим;Служба главного механика;Windows 10 Pro;4;32;240;"7-Zip; Google Chrome; Microsoft Office 2019; Microsoft Outlook; КОМПАС-3D"
WS-ALR-2333;WS-ALR-2333;Волкова Мария;Бухгалтерия и финансовый контроль;Windows 7 Pro (legacy);4;16;120;"1С:Предприятие 8.3; 7-Zip; Microsoft Office 2019; Mozilla Firefox; КриптоПро CSP"
WS-ALR-2334;WS-ALR-2334;Морозова Наталья;Юридический департамент;Windows 10 Pro;4;8;500;"Microsoft Office 2019; Microsoft Outlook; WinRAR; Яндекс Браузер"
WS-ALR-2335;WS-ALR-2335;Волков Михаил;Геологоразведочная партия;Windows 7 Pro (legacy);6;16;1024;"7-Zip; Chromium-GOST; МойОфис Стандартный"
WS-ALR-2336;WS-ALR-2336;Михайлова Наталья;Бухгалтерия и финансовый контроль;Windows 10 Pro;4;8;500;"1С:Предприятие 8.3; Mozilla Firefox; WinRAR; МойОфис Стандартный"
WS-ALR-2337;WS-ALR-2337;Федорова Елена;Бухгалтерия и финансовый контроль;Windows 11 Pro;4;8;240;"1С:Предприятие 8.3; Chromium-GOST; WinRAR; КриптоПро CSP; Р-7 Офис"
WS-ALR-2338;WS-ALR-2338;Павлов Максим;Геологоразведочная партия;Windows 10 Pro;6;32;256;"7-Zip; КОМПАС-3D; МойОфис Стандартный; Яндекс Браузер"
WS-ALR-2339;WS-ALR-2339;Лебедева Екатерина;Управление информационных технологий;Windows 10 Pro;4;16;500;"WinRAR; МойОфис Стандартный; Яндекс Браузер"
WS-ALR-2340;WS-ALR-2340;Егорова Ольга;Геологоразведочная партия;Windows 10 Pro;6;8;512;"1С:Предприятие 8.3; Chromium-GOST; WinRAR; Р-7 Офис"
WS-ALR-2341;WS-ALR-2341;Васильева Юлия;Управление информационных технологий;Windows 7 Pro (legacy);2;16;500;"7-Zip; Chromium-GOST; Microsoft Office 2016; Microsoft Outlook"
WS-ALR-2342;WS-ALR-2342;Попов Дмитрий;Юридический департамент;Windows 10 Pro;2;8;120;"7-Zip; Adobe Acrobat Reader; Microsoft Office 2019; Microsoft Outlook; SolidWorks; КриптоПро CSP; Яндекс Браузер"
WS-ALR-2343;WS-ALR-2343;Лебедева Елена;Юридический департамент;Windows 10 Pro;4;8;120;"Adobe Acrobat Reader; WinRAR; МойОфис Стандартный; Яндекс Браузер"
WS-ALR-2344;WS-ALR-2344;Семенов Евгений;Служба главного механика;Windows 10 Pro;4;16;1024;"1С:Предприятие 8.3; Chromium-GOST; Microsoft Office 2016; WinRAR"
WS-ALR-2345;WS-ALR-2345;Волков Сергей;Управление информационных технологий;Windows 10 Pro;4;4;120;"Chromium-GOST; Microsoft Office 2019; Microsoft Outlook; WinRAR"
WS-ALR-2346;WS-ALR-2346;Алексеев Максим;Служба главного механика;Windows 11 Pro;2;8;240;"7-Zip; Chromium-GOST; Microsoft Office 2016; КОМПАС-3D"
WS-ALR-2347;WS-ALR-2347;Кузнецова Татьяна;Логистика, склады и снабжение;Windows 10 Pro;4;8;240;"1С:Предприятие 8.3; Chromium-GOST; SAP GUI; WinRAR; Р-7 Офис"
WS-ALR-2348;WS-ALR-2348;Смирнов Евгений;Логистика, склады и снабжение;Windows 11 Pro;2;8;500;"1С:Предприятие 8.3; 7-Zip; Chromium-GOST; Total Commander; Р-7 Офис"
WS-ALR-2349;WS-ALR-2349;Лебедев Дмитрий;Бухгалтерия и финансовый контроль;Windows 10 Pro;4;8;240;"1С:Предприятие 8.3; 7-Zip; Chromium-GOST; КриптоПро CSP; Р-7 Офис"
WS-ALR-2350;WS-ALR-2350;Степанов Артем;Управление информационных технологий;Windows 10 Pro;4;8;500;"7-Zip; Google Chrome; Р-7 Офис"
WS-ALR-2351;WS-ALR-2351;Морозов Максим;Геологоразведочная партия;Windows 10 Pro;4;16;1024;"7-Zip; КОМПАС-3D; МойОфис Стандартный; Яндекс Браузер"
WS-ALR-2352;WS-ALR-2352;Смирнов Артем;Логистика, склады и снабжение;Windows 10 Pro;2;2;240;"1С:Предприятие 8.3; 7-Zip; МойОфис Стандартный; Яндекс Браузер"
WS-ALR-2353;WS-ALR-2353;Козлова Екатерина;Управление информационных технологий;Windows 10 Pro;4;8;240;"7-Zip; Chromium-GOST; МойОфис Стандартный"
WS-ALR-2354;WS-ALR-2354;Кузнецова Елена;Геологоразведочная партия;Windows 10 Pro;4;16;256;"7-Zip; Google Chrome; Microsoft Office 2019; Microsoft Outlook; SolidWorks; КОМПАС-3D"
WS-ALR-2355;WS-ALR-2355;Новикова Екатерина;Геологоразведочная партия;Windows 10 Pro;6;16;512;"7-Zip; Chromium-GOST; Microsoft Office 2019"
WS-ALR-2356;WS-ALR-2356;Николаева Екатерина;Бухгалтерия и финансовый контроль;Windows 10 Pro;4;4;120;"1С:Предприятие 8.3; Chromium-GOST; VipNet Client; WinRAR; МойОфис Стандартный"
WS-ALR-2357;WS-ALR-2357;Кузнецова Екатерина;Логистика, склады и снабжение;Windows 10 Pro;4;8;500;"1С:Предприятие 8.3; 7-Zip; Google Chrome; Р-7 Офис"
WS-ALR-2358;WS-ALR-2358;Кузнецов Евгений;Юридический департамент;Windows 10 Pro;4;8;120;"Adobe Acrobat Reader; Google Chrome; Microsoft Office 2019; Microsoft Outlook; WinRAR; КриптоПро CSP"
WS-ALR-2359;WS-ALR-2359;Петров Максим;Юридический департамент;Windows 10 Pro;4;16;120;"Adobe Acrobat Reader; Google Chrome; WinRAR; МойОфис Стандартный"
WS-ALR-2360;WS-ALR-2360;Козлов Сергей;Юридический департамент;Windows 7 Pro (legacy);4;8;500;"7-Zip; Mozilla Firefox; КриптоПро CSP; Р-7 Офис"
WS-ALR-2361;WS-ALR-2361;Смирнова Елена;Логистика, склады и снабжение;Windows 10 Pro;2;4;500;"1С:Предприятие 8.3; Microsoft Office 2016; Microsoft Outlook; Mozilla Firefox; WinRAR"
WS-ALR-2362;WS-ALR-2362;Лебедев Артем;Бухгалтерия и финансовый контроль;Windows 10 Pro;6;2;120;"1С:Предприятие 8.3; 7-Zip; МойОфис Стандартный; Яндекс Браузер"
WS-ALR-2363;WS-ALR-2363;Соколов Дмитрий;Геологоразведочная партия;Windows 10 Pro;6;16;1024;"7-Zip; МойОфис Стандартный; Яндекс Браузер"
WS-ALR-2364;WS-ALR-2364;Козлов Максим;Бухгалтерия и финансовый контроль;Windows 10 Pro;4;8;500;"1С:Предприятие 8.3; Mozilla Firefox; WinRAR; МойОфис Стандартный"
WS-ALR-2365;WS-ALR-2365;Смирнова Ольга;Геологоразведочная партия;Windows 11 Pro;6;16;512;"Chromium-GOST; WinRAR; КОМПАС-3D; Р-7 Офис"
WS-ALR-2366;WS-ALR-2366;Иванов Иван;Служба главного механика;Windows 10 Pro;8;16;240;"AutoCAD; Google Chrome; VLC Media Player; WinRAR; МойОфис Стандартный"
WS-ALR-2367;WS-ALR-2367;Семенов Алексей;Управление информационных технологий;Windows 10 Pro;4;8;500;"7-Zip; МойОфис Стандартный; Яндекс Браузер"
WS-ALR-2368;WS-ALR-2368;Павлова Наталья;Отдел кадров и делопроизводства;Windows 10 Pro;4;8;500;"7-Zip; Google Chrome; Microsoft Office 2016; Microsoft Outlook"
WS-ALR-2369;WS-ALR-2369;Соколова Мария;Бухгалтерия и финансовый контроль;Windows 11 Pro;4;8;240;"1С:Предприятие 8.3; Mozilla Firefox; WinRAR; КриптоПро CSP; МойОфис Стандартный"
WS-ALR-2370;WS-ALR-2370;Волкова Наталья;Отдел кадров и делопроизводства;Windows 10 Pro;4;4;240;"7-Zip; Р-7 Офис; Яндекс Браузер"
WS-ALR-2371;WS-ALR-2371;Волков Дмитрий;Служба главного механика;Windows 7 Pro (legacy);6;16;500;"1С:Предприятие 8.3; Chromium-GOST; WinRAR; МойОфис Стандартный"
WS-ALR-2372;WS-ALR-2372;Соколова Наталья;Юридический департамент;Windows 11 Pro;2;8;500;"7-Zip; Adobe Acrobat Reader; Р-7 Офис; Яндекс Браузер"
WS-ALR-2373;WS-ALR-2373;Егоров Максим;Юридический департамент;Windows 11 Pro;4;8;120;"7-Zip; Adobe Acrobat Reader; КриптоПро CSP; МойОфис Стандартный; Яндекс Браузер"
WS-ALR-2374;WS-ALR-2374;Попова Татьяна;Служба главного механика;Windows 10 Pro;4;8;1024;"7-Zip; Chromium-GOST; Microsoft Office 2019; Microsoft Outlook; VLC Media Player; КОМПАС-3D"
WS-ALR-2375;WS-ALR-2375;Морозов Роман;Геологоразведочная партия;Windows 7 Pro (legacy);6;16;512;"7-Zip; Google Chrome; КОМПАС-3D; Р-7 Офис"
WS-ALR-2376;WS-ALR-2376;Степанов Артем;Бухгалтерия и финансовый контроль;Windows 11 Pro;4;8;240;"1С:Предприятие 8.3; Chromium-GOST; SAP GUI; WinRAR; КриптоПро CSP; МойОфис Стандартный"
WS-ALR-2377;WS-ALR-2377;Михайлов Роман;Управление информационных технологий;Windows 10 Pro;4;8;120;"7-Zip; Microsoft Office 2016; Microsoft Outlook; Яндекс Браузер"
WS-ALR-2378;WS-ALR-2378;Федорова Юлия;Юридический департамент;Windows 10 Pro;2;8;120;"Adobe Acrobat Reader; Mozilla Firefox; WinRAR; МойОфис Стандартный"
WS-ALR-2379;WS-ALR-2379;Лебедев Евгений;Служба главного механика;Windows 10 Pro;4;16;1024;"7-Zip; Mozilla Firefox; КОМПАС-3D; Р-7 Офис"
WS-ALR-2380;WS-ALR-2380;Васильева Елена;Геологоразведочная партия;Windows 10 Pro;4;16;512;"7-Zip; AutoCAD; КОМПАС-3D; МойОфис Стандартный; Яндекс Браузер"
WS-ALR-2381;WS-ALR-2381;Семенова Анна;Геологоразведочная партия;Windows 10 Pro;8;16;256;"1С:Предприятие 8.3; AutoCAD; Chromium-GOST; WinRAR; МойОфис Стандартный"
WS-ALR-2382;WS-ALR-2382;Павлов Иван;Логистика, склады и снабжение;Windows 11 Pro;2;8;120;"1С:Предприятие 8.3; Mozilla Firefox; WinRAR; Р-7 Офис"
WS-ALR-2383;WS-ALR-2383;Степанов Артем;Отдел кадров и делопроизводства;Windows 10 Pro;4;4;240;"Google Chrome; Microsoft Office 2016; Microsoft Outlook; WinRAR"
WS-ALR-2384;WS-ALR-2384;Лебедев Артем;Управление информационных технологий;Windows 10 Pro;2;4;240;"Google Chrome; WinRAR; Р-7 Офис"
WS-ALR-2385;WS-ALR-2385;Петров Михаил;Отдел кадров и делопроизводства;Windows 11 Pro;4;8;500;"Chromium-GOST; WinRAR; Р-7 Офис"
WS-ALR-2386;WS-ALR-2386;Кузнецов Артем;Бухгалтерия и финансовый контроль;Windows 10 Pro;4;4;240;"1С:Предприятие 8.3; VipNet Client; WinRAR; КриптоПро CSP; Р-7 Офис; Яндекс Браузер"
WS-ALR-2387;WS-ALR-2387;Смирнова Мария;Бухгалтерия и финансовый контроль;Windows 10 Pro;4;8;240;"1С:Предприятие 8.3; Microsoft Office 2019; SAP GUI; WinRAR; КриптоПро CSP; Яндекс Браузер"
WS-ALR-2388;WS-ALR-2388;Семенов Евгений;Бухгалтерия и финансовый контроль;Windows 10 Pro;4;16;500;"1С:Предприятие 8.3; 7-Zip; Microsoft Office 2019; Яндекс Браузер"
WS-ALR-2389;WS-ALR-2389;Васильева Юлия;Управление информационных технологий;Windows 10 Pro;4;8;240;"Chromium-GOST; WinRAR; МойОфис Стандартный"
WS-ALR-2390;WS-ALR-2390;Кузнецов Евгений;Бухгалтерия и финансовый контроль;Windows 7 Pro (legacy);2;4;120;"1С:Предприятие 8.3; 7-Zip; Microsoft Office 2019; SAP GUI; VipNet Client; КриптоПро CSP; Яндекс Браузер"
WS-ALR-2391;WS-ALR-2391;Михайлов Сергей;Геологоразведочная партия;Windows 10 Pro;6;8;512;"SolidWorks; WinRAR; Р-7 Офис; Яндекс Браузер"
WS-ALR-2392;WS-ALR-2392;Алексеев Дмитрий;Геологоразведочная партия;Windows 7 Pro (legacy);4;16;1024;"7-Zip; Mozilla Firefox; SolidWorks; МойОфис Стандартный"
WS-ALR-2393;WS-ALR-2393;Морозов Евгений;Бухгалтерия и финансовый контроль;Windows 10 Pro;6;8;120;"1С:Предприятие 8.3; Microsoft Office 2016; Microsoft Outlook; Mozilla Firefox; VipNet Client; WinRAR; КриптоПро CSP"
WS-ALR-2394;WS-ALR-2394;Семенов Артем;Служба главного механика;Windows 10 Pro;6;8;1024;"7-Zip; Microsoft Office 2016; Microsoft Outlook; Mozilla Firefox; КОМПАС-3D"
WS-ALR-2395;WS-ALR-2395;Федорова Юлия;Логистика, склады и снабжение;Windows 10 Pro;4;2;240;"1С:Предприятие 8.3; 7-Zip; Google Chrome; Total Commander; МойОфис Стандартный"
WS-ALR-2396;WS-ALR-2396;Волкова Наталья;Отдел кадров и делопроизводства;Windows 7 Pro (legacy);2;4;500;"WinRAR; Р-7 Офис; Яндекс Браузер"
WS-ALR-2397;WS-ALR-2397;Кузнецов Максим;Юридический департамент;Windows 10 Pro;2;8;120;"Adobe Acrobat Reader; Mozilla Firefox; WinRAR; МойОфис Стандартный"
WS-ALR-2398;WS-ALR-2398;Иванов Роман;Отдел кадров и делопроизводства;Windows 10 Pro;4;4;500;"Microsoft Office 2016; Mozilla Firefox; WinRAR"
WS-ALR-2399;WS-ALR-2399;Павлова Екатерина;Юридический департамент;Windows 7 Pro (legacy);4;8;500;"Adobe Acrobat Reader; WinRAR; МойОфис Стандартный; Яндекс Браузер"
WS-ALR-2400;WS-ALR-2400;Семенова Наталья;Служба главного механика;Windows 11 Pro;2;4;500;"1С:Предприятие 8.3; Chromium-GOST; WinRAR; Р-7 Офис"
WS-ALR-2401;WS-ALR-2401;Семенов Дмитрий;Геологоразведочная партия;Windows 10 Pro;4;16;256;"7-Zip; Microsoft Office 2016; Mozilla Firefox"
WS-ALR-2402;WS-ALR-2402;Новиков Сергей;Юридический департамент;Windows 10 Pro;2;4;240;"Adobe Acrobat Reader; Google Chrome; WinRAR; КриптоПро CSP; Р-7 Офис"
WS-ALR-2403;WS-ALR-2403;Лебедева Екатерина;Служба главного механика;Windows 10 Pro;8;32;500;"1С:Предприятие 8.3; 7-Zip; Chromium-GOST; Microsoft Office 2016; Microsoft Outlook; VLC Media Player"
WS-ALR-2404;WS-ALR-2404;Волков Максим;Юридический департамент;Windows 11 Pro;2;4;120;"7-Zip; Adobe Acrobat Reader; Google Chrome; КриптоПро CSP; Р-7 Офис"
WS-ALR-2405;WS-ALR-2405;Егорова Юлия;Служба главного механика;Windows 10 Pro;4;16;240;"1С:Предприятие 8.3; 7-Zip; LibreOffice; Mozilla Firefox"
WS-ALR-2406;WS-ALR-2406;Новиков Михаил;Бухгалтерия и финансовый контроль;Windows 10 Pro;4;8;120;"1С:Предприятие 8.3; Chromium-GOST; Microsoft Office 2019; Microsoft Outlook; WinRAR; КриптоПро CSP"
WS-ALR-2407;WS-ALR-2407;Алексеева Ирина;Отдел кадров и делопроизводства;Windows 10 Pro;4;8;240;"7-Zip; МойОфис Стандартный; Яндекс Браузер"
WS-ALR-2408;WS-ALR-2408;Егоров Андрей;Отдел кадров и делопроизводства;Windows 10 Pro;4;16;120;"7-Zip; Mozilla Firefox; Р-7 Офис"
WS-ALR-2409;WS-ALR-2409;Егоров Андрей;Геологоразведочная партия;Windows 10 Pro;8;32;512;"7-Zip; AutoCAD; Chromium-GOST; Microsoft Office 2019; Microsoft Outlook; КОМПАС-3D"
WS-ALR-2410;WS-ALR-2410;Волков Артем;Служба главного механика;Windows 10 Pro;4;16;500;"1С:Предприятие 8.3; Chromium-GOST; WinRAR; МойОфис Стандартный"
WS-ALR-2411;WS-ALR-2411;Волкова Елена;Логистика, склады и снабжение;Windows 10 Pro;4;4;120;"1С:Предприятие 8.3; Chromium-GOST; Microsoft Office 2016; Microsoft Outlook; Total Commander; WinRAR"
WS-ALR-2412;WS-ALR-2412;Алексеева Анна;Юридический департамент;Windows 10 Pro;4;16;120;"Adobe Acrobat Reader; Google Chrome; WinRAR; МойОфис Стандартный"
WS-ALR-2413;WS-ALR-2413;Алексеев Иван;Служба главного механика;Windows 10 Pro;2;32;1024;"7-Zip; AutoCAD; Microsoft Office 2016; Яндекс Браузер"
WS-ALR-2414;WS-ALR-2414;Степанов Сергей;Управление информационных технологий;Windows 10 Pro;4;8;240;"7-Zip; Microsoft Office 2019; Яндекс Браузер"
WS-ALR-2415;WS-ALR-2415;Павлова Мария;Служба главного механика;Windows 11 Pro;6;8;1024;"1С:Предприятие 8.3; Google Chrome; Microsoft Office 2019; WinRAR"
WS-ALR-2416;WS-ALR-2416;Алексеева Мария;Отдел кадров и делопроизводства;Windows 10 Pro;2;8;120;"7-Zip; МойОфис Стандартный; Яндекс Браузер"
WS-ALR-2417;WS-ALR-2417;Егоров Андрей;Логистика, склады и снабжение;Windows 10 Pro;4;8;240;"1С:Предприятие 8.3; Chromium-GOST; Microsoft Office 2019; WinRAR"
WS-ALR-2418;WS-ALR-2418;Васильев Михаил;Управление информационных технологий;Windows 10 Pro;4;16;500;"7-Zip; Chromium-GOST; МойОфис Стандартный"
WS-ALR-2419;WS-ALR-2419;Павлов Сергей;Служба главного механика;Windows 11 Pro;4;16;500;"WinRAR; КОМПАС-3D; Р-7 Офис; Яндекс Браузер"
WS-ALR-2420;WS-ALR-2420;Васильев Алексей;Управление информационных технологий;Windows 10 Pro;4;4;120;"7-Zip; Mozilla Firefox; Р-7 Офис"
WS-ALR-2421;WS-ALR-2421;Степанова Юлия;Логистика, склады и снабжение;Windows 11 Pro;4;2;240;"1С:Предприятие 8.3; 7-Zip; Google Chrome; Microsoft Office 2019; Microsoft Outlook"
WS-ALR-2422;WS-ALR-2422;Петров Максим;Служба главного механика;Windows 10 Pro;4;32;1024;"AutoCAD; Chromium-GOST; Microsoft Office 2019; WinRAR"
WS-ALR-2423;WS-ALR-2423;Новикова Екатерина;Юридический департамент;Windows 10 Pro;4;8;240;"7-Zip; Adobe Acrobat Reader; Chromium-GOST; Р-7 Офис"
WS-ALR-2424;WS-ALR-2424;Новикова Светлана;Служба главного механика;Windows 10 Pro;4;16;1024;"1С:Предприятие 8.3; Mozilla Firefox; WinRAR; Р-7 Офис"
WS-ALR-2425;WS-ALR-2425;Михайлов Максим;Логистика, склады и снабжение;Windows 10 Pro;2;2;500;"1С:Предприятие 8.3; Microsoft Office 2016; Microsoft Outlook; Total Commander; WinRAR; Яндекс Браузер"
WS-ALR-2426;WS-ALR-2426;Алексеев Дмитрий;Отдел кадров и делопроизводства;Windows 10 Pro;2;8;240;"7-Zip; Mozilla Firefox; МойОфис Стандартный"
WS-ALR-2427;WS-ALR-2427;Васильев Андрей;Бухгалтерия и финансовый контроль;Windows 10 Pro;4;2;240;"1С:Предприятие 8.3; Chromium-GOST; WinRAR; КриптоПро CSP; МойОфис Стандартный"
WS-ALR-2428;WS-ALR-2428;Соколов Алексей;Служба главного механика;Windows 10 Pro;4;8;500;"7-Zip; AutoCAD; МойОфис Стандартный; Яндекс Браузер"
WS-ALR-2429;WS-ALR-2429;Семенова Ирина;Геологоразведочная партия;Windows 10 Pro;6;16;1024;"Chromium-GOST; LibreOffice; WinRAR; КОМПАС-3D"
WS-ALR-2430;WS-ALR-2430;Новиков Михаил;Бухгалтерия и финансовый контроль;Windows 10 Pro;4;8;120;"1С:Предприятие 8.3; 7-Zip; КриптоПро CSP; Р-7 Офис; Яндекс Браузер"
WS-ALR-2431;WS-ALR-2431;Лебедева Светлана;Управление информационных технологий;Windows 10 Pro;4;4;500;"Mozilla Firefox; WinRAR; МойОфис Стандартный"
WS-ALR-2432;WS-ALR-2432;Федорова Мария;Служба главного механика;Windows 10 Pro;4;16;240;"7-Zip; AutoCAD; Р-7 Офис; Яндекс Браузер"
WS-ALR-2433;WS-ALR-2433;Васильева Светлана;Служба главного механика;Windows 11 Pro;4;16;500;"1С:Предприятие 8.3; Chromium-GOST; WinRAR; МойОфис Стандартный"
WS-ALR-2434;WS-ALR-2434;Егоров Дмитрий;Логистика, склады и снабжение;Windows 7 Pro (legacy);2;8;120;"1С:Предприятие 8.3; 7-Zip; Microsoft Office 2016; Microsoft Outlook; Total Commander; Яндекс Браузер"
WS-ALR-2435;WS-ALR-2435;Волкова Мария;Логистика, склады и снабжение;Windows 10 Pro;2;2;120;"1С:Предприятие 8.3; 7-Zip; Microsoft Office 2016; Total Commander; Яндекс Браузер"
WS-ALR-2436;WS-ALR-2436;Лебедев Сергей;Бухгалтерия и финансовый контроль;Windows 10 Pro;2;8;500;"1С:Предприятие 8.3; 7-Zip; Microsoft Office 2016; Microsoft Outlook; Mozilla Firefox; КриптоПро CSP"
WS-ALR-2437;WS-ALR-2437;Иванов Алексей;Логистика, склады и снабжение;Windows 11 Pro;4;16;120;"1С:Предприятие 8.3; Microsoft Office 2016; Total Commander; WinRAR; Яндекс Браузер"
WS-ALR-2438;WS-ALR-2438;Смирнов Артем;Отдел кадров и делопроизводства;Windows 10 Pro;4;2;240;"7-Zip; Chromium-GOST; МойОфис Стандартный"
WS-ALR-2439;WS-ALR-2439;Михайлова Светлана;Юридический департамент;Windows 10 Pro;6;2;500;"7-Zip; Adobe Acrobat Reader; Google Chrome; Microsoft Office 2019; КриптоПро CSP"
WS-ALR-2440;WS-ALR-2440;Степанова Татьяна;Юридический департамент;Windows 10 Pro;6;4;120;"Microsoft Office 2016; Microsoft Outlook; WinRAR; КриптоПро CSP; Яндекс Браузер"
WS-ALR-2441;WS-ALR-2441;Егорова Мария;Бухгалтерия и финансовый контроль;Windows 10 Pro;4;8;120;"1С:Предприятие 8.3; 7-Zip; Chromium-GOST; КриптоПро CSP; МойОфис Стандартный"
WS-ALR-2442;WS-ALR-2442;Алексеева Татьяна;Служба главного механика;Windows 10 Pro;4;8;240;"AutoCAD; Google Chrome; Microsoft Office 2019; Microsoft Outlook; WinRAR"
WS-ALR-2443;WS-ALR-2443;Лебедева Ирина;Управление информационных технологий;Windows 10 Pro;4;4;240;"7-Zip; Chromium-GOST; Microsoft Office 2016; Microsoft Outlook"
WS-ALR-2444;WS-ALR-2444;Морозов Алексей;Служба главного механика;Windows 11 Pro;6;16;500;"7-Zip; AutoCAD; Microsoft Office 2016; Mozilla Firefox"
WS-ALR-2445;WS-ALR-2445;Петрова Ольга;Служба главного механика;Windows 10 Pro;6;16;240;"WinRAR; КОМПАС-3D; Р-7 Офис; Яндекс Браузер"
WS-ALR-2446;WS-ALR-2446;Михайлов Роман;Управление информационных технологий;Windows 10 Pro;4;4;120;"Google Chrome; LibreOffice; WinRAR"
WS-ALR-2447;WS-ALR-2447;Соколова Елена;Управление информационных технологий;Windows 11 Pro;2;8;120;"7-Zip; Microsoft Office 2019; Яндекс Браузер"
WS-ALR-2448;WS-ALR-2448;Павлова Елена;Бухгалтерия и финансовый контроль;Windows 10 Pro;4;8;240;"1С:Предприятие 8.3; 7-Zip; Mozilla Firefox; КриптоПро CSP; Р-7 Офис"
WS-ALR-2449;WS-ALR-2449;Иванов Максим;Юридический департамент;Windows 11 Pro;6;4;500;"Adobe Acrobat Reader; WinRAR; МойОфис Стандартный; Яндекс Браузер"
WS-ALR-2450;WS-ALR-2450;Петров Михаил;Логистика, склады и снабжение;Windows 11 Pro;4;4;240;"1С:Предприятие 8.3; Google Chrome; Microsoft Office 2016; Microsoft Outlook; Total Commander; WinRAR"
WS-ALR-2451;WS-ALR-2451;Степанова Ольга;Служба главного механика;Windows 10 Pro;4;8;500;"1С:Предприятие 8.3; 7-Zip; Microsoft Office 2016; Яндекс Браузер"
WS-ALR-2452;WS-ALR-2452;Морозов Роман;Юридический департамент;Windows 7 Pro (legacy);6;8;240;"Adobe Acrobat Reader; Google Chrome; Microsoft Office 2019; WinRAR; КриптоПро CSP"
WS-ALR-2453;WS-ALR-2453;Павлова Ольга;Управление информационных технологий;Windows 10 Pro;6;8;120;"Microsoft Office 2016; WinRAR; Яндекс Браузер"
WS-ALR-2454;WS-ALR-2454;Соколов Артем;Логистика, склады и снабжение;Windows 10 Pro;2;4;240;"1С:Предприятие 8.3; 7-Zip; Microsoft Office 2019; Microsoft Outlook; Яндекс Браузер"
WS-ALR-2455;WS-ALR-2455;Степанова Светлана;Бухгалтерия и финансовый контроль;Windows 11 Pro;4;8;500;"1С:Предприятие 8.3; 7-Zip; Chromium-GOST; Microsoft Office 2016; КриптоПро CSP"
WS-ALR-2456;WS-ALR-2456;Николаева Екатерина;Геологоразведочная партия;Windows 10 Pro;6;16;1024;"Chromium-GOST; WinRAR; КОМПАС-3D; МойОфис Стандартный"
WS-ALR-2457;WS-ALR-2457;Соколов Максим;Отдел кадров и делопроизводства;Windows 11 Pro;4;8;500;"7-Zip; Google Chrome; Р-7 Офис"
WS-ALR-2458;WS-ALR-2458;Николаева Мария;Управление информационных технологий;Windows 10 Pro;4;8;120;"7-Zip; Google Chrome; LibreOffice"
WS-ALR-2459;WS-ALR-2459;Смирнов Максим;Служба главного механика;Windows 7 Pro (legacy);6;16;240;"WinRAR; КОМПАС-3D; МойОфис Стандартный; Яндекс Браузер"
WS-ALR-2460;WS-ALR-2460;Новиков Роман;Логистика, склады и снабжение;Windows 10 Pro;4;4;500;"1С:Предприятие 8.3; Google Chrome; Total Commander; WinRAR; МойОфис Стандартный"
WS-ALR-2461;WS-ALR-2461;Лебедев Иван;Логистика, склады и снабжение;Windows 10 Pro;4;2;240;"1С:Предприятие 8.3; 7-Zip; Google Chrome; Total Commander; МойОфис Стандартный"
WS-ALR-2462;WS-ALR-2462;Иванова Анна;Бухгалтерия и финансовый контроль;Windows 11 Pro;4;16;120;"1С:Предприятие 8.3; 7-Zip; Google Chrome; Microsoft Office 2019; Microsoft Outlook"
WS-ALR-2463;WS-ALR-2463;Николаева Наталья;Логистика, склады и снабжение;Windows 10 Pro;2;8;240;"1С:Предприятие 8.3; Google Chrome; WinRAR; Р-7 Офис"
WS-ALR-2464;WS-ALR-2464;Козлова Татьяна;Бухгалтерия и финансовый контроль;Windows 10 Pro;4;4;240;"1С:Предприятие 8.3; Chromium-GOST; Microsoft Office 2016; Microsoft Outlook; VipNet Client; WinRAR"
WS-ALR-2465;WS-ALR-2465;Семенов Андрей;Бухгалтерия и финансовый контроль;Windows 10 Pro;4;8;500;"1С:Предприятие 8.3; Chromium-GOST; Microsoft Office 2016; WinRAR; КриптоПро CSP"
WS-ALR-2466;WS-ALR-2466;Соколов Михаил;Логистика, склады и снабжение;Windows 10 Pro;4;2;240;"1С:Предприятие 8.3; 7-Zip; Google Chrome; SAP GUI; МойОфис Стандартный"
WS-ALR-2467;WS-ALR-2467;Козлов Михаил;Служба главного механика;Windows 11 Pro;6;8;1024;"1С:Предприятие 8.3; 7-Zip; Chromium-GOST; VLC Media Player; МойОфис Стандартный"
WS-ALR-2468;WS-ALR-2468;Морозова Анна;Бухгалтерия и финансовый контроль;Windows 10 Pro;4;4;240;"1С:Предприятие 8.3; 7-Zip; Google Chrome; КриптоПро CSP; МойОфис Стандартный"
WS-ALR-2469;WS-ALR-2469;Михайлов Михаил;Служба главного механика;Windows 10 Pro;4;8;500;"Microsoft Office 2019; Microsoft Outlook; Mozilla Firefox; WinRAR; КОМПАС-3D"
WS-ALR-2470;WS-ALR-2470;Смирнова Наталья;Логистика, склады и снабжение;Windows 10 Pro;2;8;120;"1С:Предприятие 8.3; 7-Zip; Mozilla Firefox; SAP GUI; Р-7 Офис"
WS-ALR-2471;WS-ALR-2471;Степанова Ольга;Отдел кадров и делопроизводства;Windows 10 Pro;4;4;240;"7-Zip; МойОфис Стандартный; Яндекс Браузер"
WS-ALR-2472;WS-ALR-2472;Кузнецова Юлия;Бухгалтерия и финансовый контроль;Windows 10 Pro;2;16;500;"1С:Предприятие 8.3; WinRAR; КриптоПро CSP; Р-7 Офис; Яндекс Браузер"
WS-ALR-2473;WS-ALR-2473;Козлов Михаил;Управление информационных технологий;Windows 10 Pro;4;8;500;"WinRAR; Р-7 Офис; Яндекс Браузер"
WS-ALR-2474;WS-ALR-2474;Волкова Мария;Служба главного механика;Windows 10 Pro;2;8;500;"1С:Предприятие 8.3; Google Chrome; WinRAR; Р-7 Офис"
WS-ALR-2475;WS-ALR-2475;Соколова Татьяна;Юридический департамент;Windows 10 Pro;4;8;240;"Microsoft Office 2019; Mozilla Firefox; WinRAR"
WS-ALR-2476;WS-ALR-2476;Лебедева Ирина;Отдел кадров и делопроизводства;Windows 10 Pro;2;8;500;"Microsoft Office 2016; Microsoft Outlook; WinRAR; Яндекс Браузер"
WS-ALR-2477;WS-ALR-2477;Михайлов Иван;Служба главного механика;Windows 10 Pro;4;8;1024;"AutoCAD; Chromium-GOST; Microsoft Office 2019; Microsoft Outlook; WinRAR"
WS-ALR-2478;WS-ALR-2478;Семенова Екатерина;Отдел кадров и делопроизводства;Windows 10 Pro;4;8;120;"7-Zip; Mozilla Firefox; Р-7 Офис"
WS-ALR-2479;WS-ALR-2479;Семенова Татьяна;Юридический департамент;Windows 10 Pro;4;2;240;"7-Zip; КриптоПро CSP; МойОфис Стандартный; Яндекс Браузер"
WS-ALR-2480;WS-ALR-2480;Лебедева Наталья;Бухгалтерия и финансовый контроль;Windows 10 Pro;4;8;120;"1С:Предприятие 8.3; 7-Zip; Microsoft Office 2016; Microsoft Outlook; Mozilla Firefox; VipNet Client; КриптоПро CSP"
WS-ALR-2481;WS-ALR-2481;Николаев Сергей;Юридический департамент;Windows 10 Pro;6;4;500;"7-Zip; Adobe Acrobat Reader; Chromium-GOST; SolidWorks; КриптоПро CSP; МойОфис Стандартный"
WS-ALR-2482;WS-ALR-2482;Смирнова Татьяна;Управление информационных технологий;Windows 10 Pro;4;8;120;"7-Zip; Chromium-GOST; Microsoft Office 2016; Microsoft Outlook"
WS-ALR-2483;WS-ALR-2483;Смирнова Наталья;Юридический департамент;Windows 10 Pro;4;4;240;"Adobe Acrobat Reader; Microsoft Office 2019; Mozilla Firefox; WinRAR"
WS-ALR-2484;WS-ALR-2484;Иванова Светлана;Геологоразведочная партия;Windows 10 Pro;8;32;256;"7-Zip; Microsoft Office 2019; Microsoft Outlook; Mozilla Firefox; КОМПАС-3D"
WS-ALR-2485;WS-ALR-2485;Егоров Евгений;Служба главного механика;Windows 10 Pro;6;8;500;"Microsoft Office 2019; WinRAR; КОМПАС-3D; Яндекс Браузер"
WS-ALR-2486;WS-ALR-2486;Петрова Елена;Служба главного механика;Windows 10 Pro;4;8;1024;"Mozilla Firefox; WinRAR; КОМПАС-3D; Р-7 Офис"
WS-ALR-2487;WS-ALR-2487;Николаев Алексей;Бухгалтерия и финансовый контроль;Windows 10 Pro;4;4;240;"1С:Предприятие 8.3; 7-Zip; LibreOffice; Mozilla Firefox; КриптоПро CSP"
WS-ALR-2488;WS-ALR-2488;Козлов Михаил;Управление информационных технологий;Windows 10 Pro;4;4;120;"7-Zip; Chromium-GOST; Microsoft Office 2019"
WS-ALR-2489;WS-ALR-2489;Новикова Анна;Управление информационных технологий;Windows 10 Pro;2;4;240;"Chromium-GOST; WinRAR; МойОфис Стандартный"
WS-ALR-2490;WS-ALR-2490;Смирнова Татьяна;Отдел кадров и делопроизводства;Windows 11 Pro;4;4;240;"7-Zip; МойОфис Стандартный; Яндекс Браузер"
WS-ALR-2491;WS-ALR-2491;Алексеева Анна;Юридический департамент;Windows 10 Pro;4;4;500;"7-Zip; Adobe Acrobat Reader; Google Chrome; МойОфис Стандартный"
WS-ALR-2492;WS-ALR-2492;Васильев Евгений;Управление информационных технологий;Windows 10 Pro;4;8;240;"7-Zip; Google Chrome; Microsoft Office 2019"
WS-ALR-2493;WS-ALR-2493;Кузнецова Юлия;Юридический департамент;Windows 11 Pro;4;16;240;"Adobe Acrobat Reader; WinRAR; МойОфис Стандартный; Яндекс Браузер"
WS-ALR-2494;WS-ALR-2494;Егорова Анна;Бухгалтерия и финансовый контроль;Windows 10 Pro;2;8;120;"1С:Предприятие 8.3; WinRAR; КриптоПро CSP; Р-7 Офис; Яндекс Браузер"
WS-ALR-2495;WS-ALR-2495;Михайлов Роман;Бухгалтерия и финансовый контроль;Windows 10 Pro;6;4;500;"1С:Предприятие 8.3; Google Chrome; Microsoft Office 2016; Microsoft Outlook; WinRAR; КриптоПро CSP"
WS-ALR-2496;WS-ALR-2496;Кузнецова Елена;Служба главного механика;Windows 10 Pro;8;4;1024;"7-Zip; AutoCAD; Microsoft Office 2016; Microsoft Outlook; Яндекс Браузер"
WS-ALR-2497;WS-ALR-2497;Иванов Иван;Служба главного механика;Windows 11 Pro;4;8;1024;"1С:Предприятие 8.3; Google Chrome; WinRAR; МойОфис Стандартный"
WS-ALR-2498;WS-ALR-2498;Петрова Юлия;Служба главного механика;Windows 10 Pro;2;4;1024;"Chromium-GOST; WinRAR; КОМПАС-3D; Р-7 Офис"
WS-ALR-2499;WS-ALR-2499;Морозова Наталья;Управление информационных технологий;Windows 11 Pro;4;8;240;"Google Chrome; Microsoft Office 2016; Microsoft Outlook; WinRAR"
WS-ALR-2500;WS-ALR-2500;Васильева Ольга;Бухгалтерия и финансовый контроль;Windows 11 Pro;4;8;500;"1С:Предприятие 8.3; 7-Zip; Google Chrome; КриптоПро CSP; МойОфис Стандартный"
