workstation_id,department,ram_gb,cpu_cores,disk_gb,installed_apps_count,unsupported_apps_count,has_crypto_tools,has_cad_software,has_thick_1c,peripherals_count,support_hours,incident_occurred
WS-HIST-0001,Управление информационных технологий,16,4,120,9,1,0,0,0,1,1.1,0
WS-HIST-0002,Служба главного механика,16,4,256,7,0,0,1,1,4,1.9,0
WS-HIST-0003,Геологоразведочная партия,16,4,512,9,4,0,1,0,3,4.3,1
WS-HIST-0004,Служба главного механика,8,6,256,9,0,0,1,0,3,1.6,0
WS-HIST-0005,Геологоразведочная партия,16,4,256,10,3,1,0,1,3,5.7,1
WS-HIST-0006,Юридический департамент,8,2,64,9,1,0,0,1,1,1.9,0
WS-HIST-0007,Геологоразведочная партия,16,8,512,10,2,1,0,0,2,1.0,0
WS-HIST-0008,Логистика и материально-техническое снабжение,8,4,240,8,2,0,0,1,1,0.9,0
WS-HIST-0009,Логистика и материально-техническое снабжение,4,2,120,12,1,1,0,0,1,2.6,1
WS-HIST-0010,Юридический департамент,4,4,120,11,2,1,0,1,1,3.1,1
WS-HIST-0011,Логистика и материально-техническое снабжение,16,4,120,10,1,0,0,1,2,1.5,0
WS-HIST-0012,Служба главного механика,16,6,256,9,4,0,1,1,2,8.9,1
WS-HIST-0013,Юридический департамент,8,4,120,9,4,1,0,1,2,5.0,1
WS-HIST-0014,Логистика и материально-техническое снабжение,8,2,120,12,1,1,0,1,3,7.8,1
WS-HIST-0015,Логистика и материально-техническое снабжение,16,4,120,9,2,0,0,1,2,0.5,0
WS-HIST-0016,Бухгалтерия и финансовый контроль,8,4,64,6,2,1,0,1,2,1.6,0
WS-HIST-0017,Логистика и материально-техническое снабжение,8,2,240,8,1,0,0,0,1,1.5,0
WS-HIST-0018,Служба главного механика,32,8,512,6,0,0,1,0,4,1.6,0
WS-HIST-0019,Юридический департамент,4,4,120,11,0,1,0,1,2,8.6,1
WS-HIST-0020,Юридический департамент,8,4,120,8,0,1,0,1,2,0.6,0
WS-HIST-0021,Служба главного механика,16,4,512,16,2,0,1,1,3,9.6,1
WS-HIST-0022,Юридический департамент,8,2,240,12,3,1,0,0,3,7.6,1
WS-HIST-0023,Бухгалтерия и финансовый контроль,8,2,120,7,0,1,0,1,3,0.6,0
WS-HIST-0024,Логистика и материально-техническое снабжение,8,4,240,10,0,1,0,1,2,0.6,0
WS-HIST-0025,Бухгалтерия и финансовый контроль,4,4,240,7,4,1,0,1,1,9.0,1
WS-HIST-0026,Бухгалтерия и финансовый контроль,8,6,120,12,1,1,0,1,2,1.0,0
WS-HIST-0027,Отдел кадров и делопроизводства,4,6,500,14,0,0,0,0,2,1.1,0
WS-HIST-0028,Логистика и материально-техническое снабжение,8,4,120,13,4,0,0,0,2,0.8,0
WS-HIST-0029,Отдел кадров и делопроизводства,8,4,64,10,3,0,0,0,2,0.7,0
WS-HIST-0030,Бухгалтерия и финансовый контроль,8,4,120,13,5,1,0,1,2,4.6,1
WS-HIST-0031,Отдел кадров и делопроизводства,4,2,64,9,1,0,0,0,1,0.8,0
WS-HIST-0032,Бухгалтерия и финансовый контроль,4,4,120,9,1,1,0,1,3,7.4,1
WS-HIST-0033,Служба главного механика,8,6,256,9,2,0,1,0,2,1.1,0
WS-HIST-0034,Бухгалтерия и финансовый контроль,8,2,120,11,1,0,0,1,2,1.5,0
WS-HIST-0035,Юридический департамент,8,6,240,6,0,1,0,0,4,1.1,0
WS-HIST-0036,Логистика и материально-техническое снабжение,4,4,500,11,2,1,0,1,2,4.1,1
WS-HIST-0037,Бухгалтерия и финансовый контроль,8,2,120,6,4,1,0,1,1,6.9,1
WS-HIST-0038,Геологоразведочная партия,16,6,256,11,3,1,1,1,1,4.8,1
WS-HIST-0039,Бухгалтерия и финансовый контроль,8,4,120,12,2,1,0,1,4,1.9,0
WS-HIST-0040,Отдел кадров и делопроизводства,8,2,240,8,2,0,0,0,3,1.8,0
WS-HIST-0041,Управление информационных технологий,8,2,240,11,1,0,0,0,4,1.2,0
WS-HIST-0042,Логистика и материально-техническое снабжение,4,4,120,16,5,0,0,0,3,3.3,1
WS-HIST-0043,Логистика и материально-техническое снабжение,16,4,120,6,2,0,0,0,4,1.6,0
WS-HIST-0044,Управление информационных технологий,4,4,64,9,4,0,0,0,1,1.1,0
WS-HIST-0045,Бухгалтерия и финансовый контроль,16,4,120,6,1,0,0,1,2,1.2,0
WS-HIST-0046,Управление информационных технологий,8,2,120,7,2,1,0,1,2,0.5,0
WS-HIST-0047,Служба главного механика,8,8,128,11,1,0,0,0,4,1.1,0
WS-HIST-0048,Логистика и материально-техническое снабжение,8,2,120,12,4,0,0,0,3,1.1,0
WS-HIST-0049,Бухгалтерия и финансовый контроль,4,4,240,9,2,1,0,0,1,7.9,1
WS-HIST-0050,Служба главного механика,8,4,1024,9,3,0,1,1,1,7.6,1
WS-HIST-0051,Служба главного механика,16,6,256,9,0,0,1,0,2,1.7,0
WS-HIST-0052,Бухгалтерия и финансовый контроль,4,4,120,11,4,1,0,1,2,3.7,1
WS-HIST-0053,Юридический департамент,16,4,240,11,2,1,0,1,4,8.8,1
WS-HIST-0054,Логистика и материально-техническое снабжение,8,6,240,6,2,0,0,1,1,1.6,0
WS-HIST-0055,Бухгалтерия и финансовый контроль,8,4,240,7,3,1,0,1,2,1.2,0
WS-HIST-0056,Отдел кадров и делопроизводства,16,6,240,8,0,0,0,0,1,2.0,0
WS-HIST-0057,Управление информационных технологий,8,4,120,11,2,1,0,1,2,0.8,0
WS-HIST-0058,Служба главного механика,8,8,256,11,2,1,0,1,2,1.4,0
WS-HIST-0059,Бухгалтерия и финансовый контроль,16,2,64,11,0,1,0,1,1,1.8,0
WS-HIST-0060,Юридический департамент,8,4,240,18,3,1,0,1,1,4.7,1
WS-HIST-0061,Геологоразведочная партия,8,8,512,14,4,0,1,0,1,4.1,1
WS-HIST-0062,Служба главного механика,16,4,512,9,1,0,1,0,2,1.7,0
WS-HIST-0063,Отдел кадров и делопроизводства,8,2,500,9,4,0,0,0,1,5.2,1
WS-HIST-0064,Отдел кадров и делопроизводства,8,2,500,7,2,0,0,1,5,3.7,1
WS-HIST-0065,Логистика и материально-техническое снабжение,8,4,240,8,1,0,0,1,2,1.2,0
WS-HIST-0066,Бухгалтерия и финансовый контроль,8,2,240,4,1,1,0,1,2,0.9,0
WS-HIST-0067,Отдел кадров и делопроизводства,16,4,64,9,1,0,0,0,2,0.5,0
WS-HIST-0068,Бухгалтерия и финансовый контроль,8,2,120,7,4,1,0,1,1,6.0,1
WS-HIST-0069,Отдел кадров и делопроизводства,16,4,240,10,0,0,0,1,1,1.7,0
WS-HIST-0070,Отдел кадров и делопроизводства,8,4,240,7,1,0,0,1,2,1.8,0
WS-HIST-0071,Геологоразведочная партия,16,6,256,15,3,1,1,0,1,4.9,1
WS-HIST-0072,Служба главного механика,32,4,512,11,3,0,1,1,1,10.0,1
WS-HIST-0073,Управление информационных технологий,4,2,120,9,3,0,0,0,2,7.7,1
WS-HIST-0074,Отдел кадров и делопроизводства,16,2,64,8,2,0,0,0,1,0.7,0
WS-HIST-0075,Логистика и материально-техническое снабжение,16,2,500,7,1,0,0,1,3,8.8,1
WS-HIST-0076,Бухгалтерия и финансовый контроль,8,4,240,13,2,1,0,1,2,1.5,0
WS-HIST-0077,Бухгалтерия и финансовый контроль,8,6,64,16,0,1,0,1,1,1.5,0
WS-HIST-0078,Управление информационных технологий,8,2,120,10,1,0,0,0,2,1.1,0
WS-HIST-0079,Отдел кадров и делопроизводства,8,4,240,5,2,0,0,1,4,0.6,0
WS-HIST-0080,Логистика и материально-техническое снабжение,8,2,120,10,1,0,0,0,2,0.8,0
WS-HIST-0081,Юридический департамент,8,2,120,12,2,1,0,1,2,1.7,0
WS-HIST-0082,Служба главного механика,16,6,512,8,2,0,0,0,2,1.3,0
WS-HIST-0083,Служба главного механика,16,6,256,11,0,0,1,1,1,1.0,0
WS-HIST-0084,Бухгалтерия и финансовый контроль,8,2,240,13,2,1,0,1,5,3.6,1
WS-HIST-0085,Отдел кадров и делопроизводства,4,4,64,14,0,0,0,1,3,7.6,1
WS-HIST-0086,Отдел кадров и делопроизводства,4,2,120,15,3,0,0,0,2,8.2,1
WS-HIST-0087,Логистика и материально-техническое снабжение,8,4,120,14,2,0,0,0,2,0.6,0
WS-HIST-0088,Бухгалтерия и финансовый контроль,4,6,120,10,0,1,0,1,3,5.5,1
WS-HIST-0089,Бухгалтерия и финансовый контроль,16,2,240,7,2,1,0,1,5,4.5,1
WS-HIST-0090,Отдел кадров и делопроизводства,8,4,64,8,2,1,0,0,2,2.6,1
WS-HIST-0091,Служба главного механика,16,4,512,12,1,0,0,0,3,1.1,0
WS-HIST-0092,Управление информационных технологий,8,6,500,12,2,0,0,0,1,1.3,0
WS-HIST-0093,Бухгалтерия и финансовый контроль,8,4,240,5,3,0,0,0,3,1.0,0
WS-HIST-0094,Геологоразведочная партия,16,4,256,6,2,0,0,1,2,1.1,0
WS-HIST-0095,Служба главного механика,8,8,512,14,2,0,1,0,2,9.8,1
WS-HIST-0096,Служба главного механика,8,4,512,16,1,0,1,1,1,1.6,0
WS-HIST-0097,Геологоразведочная партия,8,6,512,11,1,0,1,0,3,5.0,1
WS-HIST-0098,Юридический департамент,8,4,120,5,2,1,0,1,1,1.9,0
WS-HIST-0099,Управление информационных технологий,8,2,120,10,2,1,0,1,2,1.5,0
WS-HIST-0100,Бухгалтерия и финансовый контроль,8,4,120,8,3,1,0,1,3,7.6,1
WS-HIST-0101,Юридический департамент,8,2,120,14,2,1,0,0,2,1.0,0
WS-HIST-0102,Бухгалтерия и финансовый контроль,4,4,120,12,3,1,0,1,2,5.3,1
WS-HIST-0103,Геологоразведочная партия,16,4,512,6,1,0,0,1,4,1.6,0
WS-HIST-0104,Управление информационных технологий,8,2,120,8,2,0,0,0,5,1.3,0
WS-HIST-0105,Логистика и материально-техническое снабжение,4,4,120,10,1,0,0,1,1,1.3,0
WS-HIST-0106,Юридический департамент,4,6,240,11,2,0,0,1,2,0.6,0
WS-HIST-0107,Юридический департамент,8,4,64,11,2,1,0,1,5,8.4,1
WS-HIST-0108,Юридический департамент,8,2,240,14,3,1,0,1,3,4.6,1
WS-HIST-0109,Логистика и материально-техническое снабжение,16,2,500,9,3,0,0,0,2,2.0,0
WS-HIST-0110,Отдел кадров и делопроизводства,8,2,240,7,2,0,0,0,1,1.8,0
WS-HIST-0111,Геологоразведочная партия,16,8,256,10,1,0,1,0,1,1.5,0
WS-HIST-0112,Отдел кадров и делопроизводства,8,4,120,7,3,1,0,1,1,1.8,0
WS-HIST-0113,Служба главного механика,16,8,512,14,2,0,1,0,4,2.0,0
WS-HIST-0114,Бухгалтерия и финансовый контроль,8,2,240,12,3,1,0,1,1,7.1,1
WS-HIST-0115,Юридический департамент,4,2,64,12,0,1,0,1,1,2.9,1
WS-HIST-0116,Геологоразведочная партия,16,4,128,16,2,0,1,1,1,6.2,1
WS-HIST-0117,Юридический департамент,8,6,240,7,1,1,0,1,1,1.4,0
WS-HIST-0118,Служба главного механика,8,6,128,10,2,0,0,0,1,1.0,0
WS-HIST-0119,Юридический департамент,16,4,240,13,2,1,0,0,1,3.2,1
WS-HIST-0120,Управление информационных технологий,8,4,64,8,2,0,0,1,1,6.6,1
WS-HIST-0121,Логистика и материально-техническое снабжение,8,6,240,5,1,0,0,1,1,2.8,1
WS-HIST-0122,Бухгалтерия и финансовый контроль,8,2,240,15,2,1,0,1,2,1.6,0
WS-HIST-0123,Отдел кадров и делопроизводства,8,2,120,7,0,0,0,1,2,1.4,0
WS-HIST-0124,Управление информационных технологий,4,6,120,7,0,0,0,0,2,0.7,0
WS-HIST-0125,Бухгалтерия и финансовый контроль,8,4,120,14,2,1,0,0,2,1.2,0
WS-HIST-0126,Служба главного механика,16,4,128,13,2,0,1,1,1,6.3,1
WS-HIST-0127,Бухгалтерия и финансовый контроль,8,4,120,12,2,1,0,1,5,6.3,1
WS-HIST-0128,Управление информационных технологий,4,2,240,14,3,0,0,0,4,2.9,1
WS-HIST-0129,Логистика и материально-техническое снабжение,8,4,240,11,4,1,0,0,1,0.5,0
WS-HIST-0130,Геологоразведочная партия,16,8,256,9,0,0,1,1,1,0.7,0
WS-HIST-0131,Геологоразведочная партия,32,4,1024,8,1,0,1,0,1,1.0,0
WS-HIST-0132,Юридический департамент,4,4,500,10,1,1,0,1,3,7.8,1
WS-HIST-0133,Геологоразведочная партия,16,6,256,7,0,0,1,0,2,1.8,0
WS-HIST-0134,Бухгалтерия и финансовый контроль,4,4,120,13,2,0,0,1,2,1.6,0
WS-HIST-0135,Бухгалтерия и финансовый контроль,4,4,240,9,4,1,0,1,2,3.9,1
WS-HIST-0136,Управление информационных технологий,8,2,240,11,2,0,0,1,3,1.0,0
WS-HIST-0137,Отдел кадров и делопроизводства,8,4,120,6,3,1,0,0,1,0.5,0
WS-HIST-0138,Бухгалтерия и финансовый контроль,8,4,120,9,2,1,0,1,5,0.7,0
WS-HIST-0139,Бухгалтерия и финансовый контроль,8,4,64,7,1,1,0,0,2,1.2,0
WS-HIST-0140,Управление информационных технологий,8,2,120,12,1,0,0,0,1,0.7,0
WS-HIST-0141,Отдел кадров и делопроизводства,8,4,64,11,1,0,0,1,1,0.7,0
WS-HIST-0142,Логистика и материально-техническое снабжение,8,2,120,8,2,0,0,0,1,2.8,1
WS-HIST-0143,Логистика и материально-техническое снабжение,16,4,240,12,5,0,0,1,1,7.4,1
WS-HIST-0144,Бухгалтерия и финансовый контроль,8,4,120,7,1,1,0,1,4,4.0,1
WS-HIST-0145,Отдел кадров и делопроизводства,4,2,240,7,1,0,0,0,4,1.1,0
WS-HIST-0146,Геологоразведочная партия,32,12,512,9,1,0,1,0,1,0.6,0
WS-HIST-0147,Бухгалтерия и финансовый контроль,16,2,500,14,2,1,0,1,1,3.8,1
WS-HIST-0148,Бухгалтерия и финансовый контроль,4,6,120,12,1,1,0,1,3,2.5,1
WS-HIST-0149,Управление информационных технологий,8,2,500,4,1,0,0,0,5,1.6,0
WS-HIST-0150,Логистика и материально-техническое снабжение,8,2,120,12,3,0,0,1,1,1.7,0
WS-HIST-0151,Отдел кадров и делопроизводства,16,2,120,17,3,0,0,0,1,2.0,0
WS-HIST-0152,Логистика и материально-техническое снабжение,8,4,120,8,0,1,0,0,3,2.0,0
WS-HIST-0153,Управление информационных технологий,4,4,240,10,3,0,0,1,1,1.8,0
WS-HIST-0154,Отдел кадров и делопроизводства,8,2,240,6,1,0,0,1,1,1.0,0
WS-HIST-0155,Отдел кадров и делопроизводства,8,4,120,10,2,0,0,1,1,0.7,0
WS-HIST-0156,Служба главного механика,16,6,1024,11,2,0,0,0,1,0.9,0
WS-HIST-0157,Отдел кадров и делопроизводства,16,4,64,8,4,0,0,1,1,6.5,1
WS-HIST-0158,Служба главного механика,16,6,512,10,2,0,1,0,1,6.6,1
WS-HIST-0159,Логистика и материально-техническое снабжение,8,4,120,5,2,0,0,1,4,1.2,0
WS-HIST-0160,Геологоразведочная партия,8,6,512,6,1,0,1,1,1,0.9,0
WS-HIST-0161,Служба главного механика,8,6,512,14,4,0,1,0,2,1.1,0
WS-HIST-0162,Логистика и материально-техническое снабжение,8,4,120,11,1,0,0,0,2,0.6,0
WS-HIST-0163,Юридический департамент,16,2,240,6,2,1,0,1,4,3.2,1
WS-HIST-0164,Служба главного механика,16,6,512,14,2,0,1,0,1,1.8,0
WS-HIST-0165,Отдел кадров и делопроизводства,8,6,240,8,0,0,0,1,3,0.7,0
WS-HIST-0166,Бухгалтерия и финансовый контроль,4,2,240,7,1,1,0,1,1,3.9,1
WS-HIST-0167,Логистика и материально-техническое снабжение,8,4,120,12,1,0,0,0,1,1.1,0
WS-HIST-0168,Логистика и материально-техническое снабжение,4,4,120,8,3,0,0,1,2,7.9,1
WS-HIST-0169,Геологоразведочная партия,16,6,256,10,3,0,1,0,2,4.1,1
WS-HIST-0170,Отдел кадров и делопроизводства,4,4,240,8,2,0,0,1,3,6.8,1
WS-HIST-0171,Отдел кадров и делопроизводства,4,2,240,13,2,0,0,0,3,8.3,1
WS-HIST-0172,Геологоразведочная партия,32,8,512,9,1,1,1,0,2,1.9,0
WS-HIST-0173,Юридический департамент,4,2,240,11,3,1,0,1,1,6.8,1
WS-HIST-0174,Геологоразведочная партия,16,8,256,5,2,0,0,0,1,1.3,0
WS-HIST-0175,Бухгалтерия и финансовый контроль,8,2,240,11,3,1,0,1,3,2.6,1
WS-HIST-0176,Управление информационных технологий,8,4,120,6,3,0,0,0,2,1.3,0
WS-HIST-0177,Отдел кадров и делопроизводства,16,4,120,15,3,1,0,1,2,6.9,1
WS-HIST-0178,Отдел кадров и делопроизводства,8,6,120,11,3,0,0,1,1,0.5,0
WS-HIST-0179,Геологоразведочная партия,16,8,512,11,0,1,1,0,2,1.8,0
WS-HIST-0180,Логистика и материально-техническое снабжение,8,2,240,12,1,1,0,0,1,2.0,0
WS-HIST-0181,Геологоразведочная партия,32,12,128,7,4,0,1,0,3,5.5,1
WS-HIST-0182,Геологоразведочная партия,16,6,256,8,1,0,0,0,1,1.2,0
WS-HIST-0183,Служба главного механика,16,8,256,9,2,0,1,0,2,1.5,0
WS-HIST-0184,Геологоразведочная партия,32,6,512,12,2,1,1,1,3,4.5,1
WS-HIST-0185,Служба главного механика,32,4,512,9,1,0,1,1,1,1.9,0
WS-HIST-0186,Логистика и материально-техническое снабжение,8,2,120,9,3,0,0,0,1,0.9,0
WS-HIST-0187,Бухгалтерия и финансовый контроль,16,4,240,7,1,1,0,0,1,1.2,0
WS-HIST-0188,Юридический департамент,8,2,120,8,1,1,0,1,2,1.4,0
WS-HIST-0189,Логистика и материально-техническое снабжение,8,4,64,7,0,0,0,0,3,0.9,0
WS-HIST-0190,Бухгалтерия и финансовый контроль,8,4,120,9,3,1,0,0,2,1.7,0
WS-HIST-0191,Служба главного механика,16,4,1024,12,3,1,1,0,3,4.2,1
WS-HIST-0192,Управление информационных технологий,4,2,240,6,2,1,0,0,1,8.8,1
WS-HIST-0193,Управление информационных технологий,8,2,120,8,1,0,0,1,2,1.8,0
WS-HIST-0194,Логистика и материально-техническое снабжение,16,2,240,9,2,0,0,0,1,1.4,0
WS-HIST-0195,Управление информационных технологий,4,2,120,11,3,1,0,0,3,5.5,1
WS-HIST-0196,Бухгалтерия и финансовый контроль,16,2,64,6,2,1,0,1,1,8.6,1
WS-HIST-0197,Геологоразведочная партия,32,6,1024,9,3,0,1,0,3,1.0,0
WS-HIST-0198,Геологоразведочная партия,16,6,128,10,4,0,1,1,2,7.2,1
WS-HIST-0199,Бухгалтерия и финансовый контроль,8,4,120,10,1,1,0,1,2,7.8,1
WS-HIST-0200,Отдел кадров и делопроизводства,8,2,64,8,0,0,0,0,2,0.8,0
WS-HIST-0201,Логистика и материально-техническое снабжение,8,2,120,15,3,0,0,1,2,1.1,0
WS-HIST-0202,Логистика и материально-техническое снабжение,4,4,120,6,4,0,0,0,5,5.1,1
WS-HIST-0203,Геологоразведочная партия,16,8,512,8,4,0,1,1,1,1.0,0
WS-HIST-0204,Юридический департамент,8,2,120,6,2,1,0,1,2,3.6,1
WS-HIST-0205,Служба главного механика,8,8,1024,7,0,0,0,1,2,1.4,0
WS-HIST-0206,Управление информационных технологий,16,4,120,10,3,0,0,0,4,0.6,0
WS-HIST-0207,Управление информационных технологий,8,6,64,8,2,0,0,1,3,0.7,0
WS-HIST-0208,Служба главного механика,16,6,512,11,2,0,0,0,3,1.5,0
WS-HIST-0209,Геологоразведочная партия,16,4,512,13,2,0,1,0,2,1.8,0
WS-HIST-0210,Служба главного механика,32,8,512,10,1,0,1,0,1,2.0,0
WS-HIST-0211,Отдел кадров и делопроизводства,8,2,240,12,0,0,0,1,1,0.6,0
WS-HIST-0212,Геологоразведочная партия,16,6,1024,6,2,0,1,0,1,0.9,0
WS-HIST-0213,Отдел кадров и делопроизводства,16,2,240,8,1,0,0,0,3,1.5,0
WS-HIST-0214,Логистика и материально-техническое снабжение,8,4,240,3,0,1,0,0,2,1.5,0
WS-HIST-0215,Отдел кадров и делопроизводства,4,4,120,8,2,0,0,0,3,0.5,0
WS-HIST-0216,Отдел кадров и делопроизводства,8,2,64,10,0,0,0,1,1,0.6,0
WS-HIST-0217,Бухгалтерия и финансовый контроль,16,4,120,11,1,1,0,1,2,7.4,1
WS-HIST-0218,Логистика и материально-техническое снабжение,8,4,240,9,2,0,0,0,2,1.3,0
WS-HIST-0219,Бухгалтерия и финансовый контроль,4,2,120,10,3,1,0,1,2,6.7,1
WS-HIST-0220,Юридический департамент,4,4,120,5,2,1,0,1,1,6.9,1
WS-HIST-0221,Управление информационных технологий,8,4,120,8,1,1,0,0,2,0.7,0
WS-HIST-0222,Логистика и материально-техническое снабжение,8,4,240,11,1,0,0,1,1,1.1,0
WS-HIST-0223,Бухгалтерия и финансовый контроль,8,2,64,12,1,1,0,1,2,8.6,1
WS-HIST-0224,Геологоразведочная партия,16,8,128,10,2,0,1,1,2,7.5,1
WS-HIST-0225,Логистика и материально-техническое снабжение,8,4,240,9,0,1,0,0,2,0.8,0
WS-HIST-0226,Управление информационных технологий,4,4,240,15,0,0,0,0,2,1.6,0
WS-HIST-0227,Юридический департамент,4,4,64,6,1,1,0,0,2,3.4,1
WS-HIST-0228,Юридический департамент,4,2,120,6,1,1,0,1,2,6.7,1
WS-HIST-0229,Бухгалтерия и финансовый контроль,16,4,120,10,2,0,0,0,2,1.1,0
WS-HIST-0230,Юридический департамент,8,2,120,9,3,1,0,0,2,6.1,1
WS-HIST-0231,Юридический департамент,16,2,120,12,3,1,0,1,2,7.7,1
WS-HIST-0232,Логистика и материально-техническое снабжение,4,4,64,9,4,0,0,0,4,8.4,1
WS-HIST-0233,Логистика и материально-техническое снабжение,4,4,240,11,1,0,0,0,3,1.5,0
WS-HIST-0234,Юридический департамент,8,4,240,7,2,1,0,0,1,1.6,0
WS-HIST-0235,Бухгалтерия и финансовый контроль,8,6,120,8,3,1,0,0,2,1.7,0
WS-HIST-0236,Управление информационных технологий,8,6,120,9,0,0,0,0,1,1.3,0
WS-HIST-0237,Служба главного механика,16,6,512,10,4,0,0,1,5,1.8,0
WS-HIST-0238,Бухгалтерия и финансовый контроль,4,6,120,14,3,1,0,0,3,7.0,1
WS-HIST-0239,Логистика и материально-техническое снабжение,8,2,240,10,1,0,0,0,3,1.6,0
WS-HIST-0240,Логистика и материально-техническое снабжение,8,2,500,6,2,0,0,0,4,4.5,1
WS-HIST-0241,Логистика и материально-техническое снабжение,16,4,64,11,4,0,0,1,1,7.8,1
WS-HIST-0242,Логистика и материально-техническое снабжение,8,6,64,10,1,0,0,1,3,6.1,1
WS-HIST-0243,Служба главного механика,16,6,512,11,4,0,1,1,1,7.8,1
WS-HIST-0244,Служба главного механика,8,12,256,7,2,0,1,0,2,1.8,0
WS-HIST-0245,Юридический департамент,8,2,500,12,3,1,0,0,2,9.0,1
WS-HIST-0246,Управление информационных технологий,16,2,64,3,2,0,0,0,3,1.6,0
WS-HIST-0247,Бухгалтерия и финансовый контроль,4,2,240,9,5,1,0,1,1,7.7,1
WS-HIST-0248,Управление информационных технологий,8,4,120,9,2,1,0,1,5,8.1,1
WS-HIST-0249,Бухгалтерия и финансовый контроль,8,2,64,5,1,1,0,1,1,4.4,1
WS-HIST-0250,Управление информационных технологий,8,6,500,7,1,0,0,0,3,0.7,0
WS-HIST-0251,Отдел кадров и делопроизводства,4,2,500,9,2,0,0,1,3,4.4,1
WS-HIST-0252,Управление информационных технологий,8,4,120,10,2,0,0,0,1,0.9,0
WS-HIST-0253,Логистика и материально-техническое снабжение,16,4,64,11,1,0,0,0,4,2.9,1
WS-HIST-0254,Служба главного механика,16,8,256,8,3,0,0,1,2,1.7,0
WS-HIST-0255,Служба главного механика,16,8,256,6,2,1,0,0,1,0.7,0
WS-HIST-0256,Служба главного механика,8,12,128,12,4,0,1,0,1,6.1,1
WS-HIST-0257,Геологоразведочная партия,16,12,512,12,4,1,1,0,2,5.9,1
WS-HIST-0258,Управление информационных технологий,8,4,240,11,2,1,0,1,1,7.4,1
WS-HIST-0259,Юридический департамент,4,2,240,13,0,1,0,1,1,6.1,1
WS-HIST-0260,Бухгалтерия и финансовый контроль,8,4,240,8,3,1,0,1,2,5.1,1
WS-HIST-0261,Юридический департамент,16,2,240,10,0,0,0,1,1,1.5,0
WS-HIST-0262,Управление информационных технологий,16,4,500,8,1,0,0,0,2,1.4,0
WS-HIST-0263,Логистика и материально-техническое снабжение,8,6,240,11,0,0,0,0,2,0.9,0
WS-HIST-0264,Юридический департамент,8,6,500,7,2,1,0,1,3,5.7,1
WS-HIST-0265,Бухгалтерия и финансовый контроль,16,4,240,7,2,1,0,1,3,3.3,1
WS-HIST-0266,Бухгалтерия и финансовый контроль,4,4,64,9,1,0,0,1,1,1.1,0
WS-HIST-0267,Бухгалтерия и финансовый контроль,8,6,500,11,2,1,0,1,4,4.1,1
WS-HIST-0268,Управление информационных технологий,16,4,120,12,3,0,0,0,2,8.3,1
WS-HIST-0269,Отдел кадров и делопроизводства,4,2,120,9,1,1,0,1,2,3.8,1
WS-HIST-0270,Геологоразведочная партия,16,6,128,13,4,0,0,1,1,1.0,0
WS-HIST-0271,Отдел кадров и делопроизводства,8,6,120,11,2,0,0,1,4,1.6,0
WS-HIST-0272,Управление информационных технологий,8,4,240,7,2,0,0,0,4,0.7,0
WS-HIST-0273,Отдел кадров и делопроизводства,8,4,240,5,1,0,0,0,5,1.9,0
WS-HIST-0274,Отдел кадров и делопроизводства,8,4,240,10,3,0,0,0,1,1.7,0
WS-HIST-0275,Юридический департамент,4,6,120,9,1,1,0,1,1,8.9,1
WS-HIST-0276,Юридический департамент,4,6,120,6,0,1,0,1,1,7.5,1
WS-HIST-0277,Бухгалтерия и финансовый контроль,8,4,120,8,4,0,0,1,4,8.5,1
WS-HIST-0278,Логистика и материально-техническое снабжение,8,4,120,9,1,1,0,0,2,1.3,0
WS-HIST-0279,Служба главного механика,16,4,256,7,1,1,1,0,5,5.4,1
WS-HIST-0280,Управление информационных технологий,8,4,500,14,2,0,0,0,3,0.8,0
WS-HIST-0281,Управление информационных технологий,8,4,240,9,2,0,0,1,2,1.4,0
WS-HIST-0282,Логистика и материально-техническое снабжение,4,4,240,10,1,0,0,1,4,8.8,1
WS-HIST-0283,Управление информационных технологий,8,4,240,6,1,0,0,1,1,2.0,0
WS-HIST-0284,Управление информационных технологий,8,4,500,9,3,0,0,1,1,1.8,0
WS-HIST-0285,Юридический департамент,4,2,500,8,2,0,0,0,3,5.0,1
WS-HIST-0286,Логистика и материально-техническое снабжение,16,4,120,11,0,0,0,0,2,1.0,0
WS-HIST-0287,Отдел кадров и делопроизводства,8,2,240,14,2,0,0,0,4,5.9,1
WS-HIST-0288,Бухгалтерия и финансовый контроль,4,4,120,9,3,1,0,1,3,7.5,1
WS-HIST-0289,Бухгалтерия и финансовый контроль,8,4,120,7,2,1,0,1,1,3.6,1
WS-HIST-0290,Бухгалтерия и финансовый контроль,4,6,120,8,1,1,0,0,1,4.2,1
WS-HIST-0291,Управление информационных технологий,16,4,240,10,3,0,0,0,3,1.5,0
WS-HIST-0292,Бухгалтерия и финансовый контроль,8,6,500,11,2,1,0,0,1,2.0,0
WS-HIST-0293,Управление информационных технологий,8,4,240,6,2,0,0,1,4,1.2,0
WS-HIST-0294,Бухгалтерия и финансовый контроль,8,4,120,10,3,1,0,1,2,4.7,1
WS-HIST-0295,Юридический департамент,4,4,120,6,0,1,0,0,2,4.8,1
WS-HIST-0296,Отдел кадров и делопроизводства,4,2,240,10,2,0,0,0,1,3.2,1
WS-HIST-0297,Геологоразведочная партия,16,8,512,10,3,0,1,0,1,1.9,0
WS-HIST-0298,Служба главного механика,8,8,512,11,1,0,1,1,2,1.3,0
WS-HIST-0299,Служба главного механика,32,6,512,10,1,0,0,1,1,0.7,0
WS-HIST-0300,Бухгалтерия и финансовый контроль,8,2,64,10,2,1,0,1,4,6.2,1
WS-HIST-0301,Геологоразведочная партия,32,4,512,12,3,1,1,1,4,5.3,1
WS-HIST-0302,Бухгалтерия и финансовый контроль,4,6,240,8,2,1,0,1,2,6.4,1
WS-HIST-0303,Бухгалтерия и финансовый контроль,4,6,120,12,1,1,0,1,1,5.0,1
WS-HIST-0304,Бухгалтерия и финансовый контроль,8,6,240,7,2,1,0,0,4,1.2,0
WS-HIST-0305,Логистика и материально-техническое снабжение,8,4,240,13,2,0,0,0,2,0.6,0
WS-HIST-0306,Бухгалтерия и финансовый контроль,16,2,120,10,0,1,0,1,2,1.2,0
WS-HIST-0307,Юридический департамент,4,4,240,10,3,1,0,1,2,3.8,1
WS-HIST-0308,Отдел кадров и делопроизводства,8,6,120,14,2,0,0,0,2,0.7,0
WS-HIST-0309,Управление информационных технологий,4,4,120,11,2,0,0,0,1,1.6,0
WS-HIST-0310,Геологоразведочная партия,16,8,512,10,0,0,0,0,4,1.9,0
WS-HIST-0311,Управление информационных технологий,8,2,240,8,3,0,0,0,3,5.1,1
WS-HIST-0312,Геологоразведочная партия,16,8,1024,9,2,1,0,1,2,1.5,0
WS-HIST-0313,Бухгалтерия и финансовый контроль,16,2,64,9,3,0,0,1,2,3.5,1
WS-HIST-0314,Отдел кадров и делопроизводства,4,6,240,12,2,0,0,1,2,3.1,1
WS-HIST-0315,Управление информационных технологий,16,6,64,10,1,0,0,0,3,0.7,0
WS-HIST-0316,Управление информационных технологий,4,4,240,17,1,0,0,0,3,5.7,1
WS-HIST-0317,Служба главного механика,8,6,1024,8,4,0,1,0,2,1.2,0
WS-HIST-0318,Геологоразведочная партия,8,8,128,9,3,0,1,0,1,1.9,0
WS-HIST-0319,Бухгалтерия и финансовый контроль,4,4,64,12,1,1,0,1,1,4.5,1
WS-HIST-0320,Бухгалтерия и финансовый контроль,4,4,240,8,1,1,0,0,1,8.2,1
WS-HIST-0321,Геологоразведочная партия,8,6,256,5,0,1,1,0,3,1.8,0
WS-HIST-0322,Бухгалтерия и финансовый контроль,8,2,120,6,2,1,0,1,1,7.9,1
WS-HIST-0323,Юридический департамент,8,4,120,6,2,1,0,1,3,0.7,0
WS-HIST-0324,Отдел кадров и делопроизводства,8,4,500,10,4,0,0,0,1,1.0,0
WS-HIST-0325,Управление информационных технологий,4,4,64,10,1,0,0,0,1,2.0,0
WS-HIST-0326,Геологоразведочная партия,16,6,1024,16,2,0,1,0,1,1.0,0
WS-HIST-0327,Бухгалтерия и финансовый контроль,8,4,240,10,1,1,0,1,2,0.6,0
WS-HIST-0328,Юридический департамент,8,4,120,13,2,1,0,1,5,4.6,1
WS-HIST-0329,Логистика и материально-техническое снабжение,16,4,64,13,2,0,0,0,1,1.6,0
WS-HIST-0330,Юридический департамент,8,2,240,8,0,1,0,1,3,6.0,1
WS-HIST-0331,Юридический департамент,4,4,120,9,5,1,0,1,2,6.2,1
WS-HIST-0332,Логистика и материально-техническое снабжение,16,4,120,8,1,1,0,1,2,1.7,0
WS-HIST-0333,Отдел кадров и делопроизводства,8,6,500,11,2,0,0,0,3,0.6,0
WS-HIST-0334,Управление информационных технологий,8,4,500,11,1,0,0,0,2,1.9,0
WS-HIST-0335,Бухгалтерия и финансовый контроль,8,6,120,11,4,1,0,1,3,7.2,1
WS-HIST-0336,Логистика и материально-техническое снабжение,16,4,240,6,2,0,0,0,1,1.4,0
WS-HIST-0337,Юридический департамент,16,4,64,9,1,1,0,1,1,4.2,1
WS-HIST-0338,Геологоразведочная партия,8,6,128,13,0,0,1,1,1,1.2,0
WS-HIST-0339,Логистика и материально-техническое снабжение,8,4,240,7,1,0,0,0,3,0.6,0
WS-HIST-0340,Геологоразведочная партия,16,12,512,12,1,0,1,1,1,2.0,0
WS-HIST-0341,Бухгалтерия и финансовый контроль,8,4,240,5,2,1,0,1,4,3.7,1
WS-HIST-0342,Геологоразведочная партия,32,6,256,7,3,0,0,0,3,1.0,0
WS-HIST-0343,Бухгалтерия и финансовый контроль,8,6,120,10,0,1,0,0,4,1.9,0
WS-HIST-0344,Служба главного механика,16,6,512,9,2,0,1,0,4,1.6,0
WS-HIST-0345,Служба главного механика,8,6,1024,10,3,0,1,0,1,1.1,0
WS-HIST-0346,Юридический департамент,8,2,120,13,4,1,0,1,2,3.1,1
WS-HIST-0347,Управление информационных технологий,8,4,120,11,2,1,0,0,1,0.9,0
WS-HIST-0348,Юридический департамент,8,2,240,9,1,1,0,1,4,6.6,1
WS-HIST-0349,Служба главного механика,16,6,512,7,3,1,0,0,1,6.2,1
WS-HIST-0350,Геологоразведочная партия,16,6,512,11,3,0,1,1,3,9.3,1
WS-HIST-0351,Управление информационных технологий,4,4,120,8,4,0,0,1,3,8.6,1
WS-HIST-0352,Управление информационных технологий,4,4,500,10,5,0,0,0,2,4.4,1
WS-HIST-0353,Юридический департамент,8,2,64,9,4,1,0,1,5,4.6,1
WS-HIST-0354,Бухгалтерия и финансовый контроль,16,4,120,11,4,1,0,1,3,8.0,1
WS-HIST-0355,Юридический департамент,8,2,120,7,0,1,0,1,1,1.7,0
WS-HIST-0356,Геологоразведочная партия,16,6,256,14,1,0,1,0,1,1.5,0
WS-HIST-0357,Управление информационных технологий,16,2,120,9,0,1,0,1,4,5.4,1
WS-HIST-0358,Отдел кадров и делопроизводства,4,2,500,8,4,1,0,1,5,3.0,1
WS-HIST-0359,Юридический департамент,8,4,120,9,3,1,0,1,1,1.0,0
WS-HIST-0360,Юридический департамент,16,6,120,10,1,1,0,0,2,0.8,0
WS-HIST-0361,Служба главного механика,8,8,256,10,4,0,0,1,2,2.8,1
WS-HIST-0362,Служба главного механика,16,8,128,9,3,0,1,1,2,5.7,1
WS-HIST-0363,Геологоразведочная партия,32,8,128,8,3,0,1,0,2,8.3,1
WS-HIST-0364,Логистика и материально-техническое снабжение,8,4,500,9,2,0,0,0,2,1.2,0
WS-HIST-0365,Геологоразведочная партия,16,8,128,8,4,0,0,1,1,1.9,0
WS-HIST-0366,Юридический департамент,8,6,120,8,1,1,0,0,1,0.9,0
WS-HIST-0367,Геологоразведочная партия,16,4,512,13,2,0,1,0,1,6.6,1
WS-HIST-0368,Геологоразведочная партия,16,6,512,8,2,0,1,0,4,7.1,1
WS-HIST-0369,Логистика и материально-техническое снабжение,8,4,64,11,1,0,0,0,1,1.4,0
WS-HIST-0370,Бухгалтерия и финансовый контроль,8,2,120,9,2,1,0,1,1,0.6,0
WS-HIST-0371,Бухгалтерия и финансовый контроль,16,4,64,6,1,1,0,1,5,0.6,0
WS-HIST-0372,Бухгалтерия и финансовый контроль,4,6,120,11,2,1,0,1,4,5.2,1
WS-HIST-0373,Юридический департамент,4,2,120,12,3,1,0,1,1,7.4,1
WS-HIST-0374,Служба главного механика,16,8,512,13,3,1,0,1,2,4.2,1
WS-HIST-0375,Служба главного механика,16,8,256,13,2,0,1,0,2,1.3,0
WS-HIST-0376,Бухгалтерия и финансовый контроль,8,4,64,9,2,1,0,1,2,7.7,1
WS-HIST-0377,Управление информационных технологий,4,2,120,13,4,0,0,1,2,2.8,1
WS-HIST-0378,Юридический департамент,8,4,240,8,2,1,0,1,4,3.6,1
WS-HIST-0379,Геологоразведочная партия,32,12,256,6,1,0,1,0,2,1.0,0
WS-HIST-0380,Служба главного механика,32,8,128,7,2,1,1,0,1,1.3,0
WS-HIST-0381,Юридический департамент,4,6,240,8,2,1,0,0,1,8.3,1
WS-HIST-0382,Бухгалтерия и финансовый контроль,16,4,120,8,2,1,0,0,2,1.9,0
WS-HIST-0383,Служба главного механика,16,6,512,11,1,0,0,0,2,1.1,0
WS-HIST-0384,Отдел кадров и делопроизводства,8,4,120,9,5,0,0,0,4,3.8,1
WS-HIST-0385,Логистика и материально-техническое снабжение,8,4,120,11,0,0,0,0,2,0.6,0
WS-HIST-0386,Управление информационных технологий,4,6,120,7,3,0,0,0,2,0.9,0
WS-HIST-0387,Бухгалтерия и финансовый контроль,4,6,240,12,1,1,0,0,3,4.5,1
WS-HIST-0388,Служба главного механика,8,8,256,9,1,0,1,0,1,0.5,0
WS-HIST-0389,Логистика и материально-техническое снабжение,4,2,120,8,2,0,0,1,1,0.9,0
WS-HIST-0390,Отдел кадров и делопроизводства,16,6,240,12,3,0,0,0,1,1.8,0
WS-HIST-0391,Юридический департамент,8,4,240,11,3,0,0,1,1,1.4,0
WS-HIST-0392,Логистика и материально-техническое снабжение,4,2,240,10,4,0,0,1,3,9.0,1
WS-HIST-0393,Бухгалтерия и финансовый контроль,4,4,240,11,2,1,0,1,1,8.0,1
WS-HIST-0394,Отдел кадров и делопроизводства,8,4,120,6,2,0,0,0,1,1.7,0
WS-HIST-0395,Отдел кадров и делопроизводства,16,4,240,12,4,0,0,1,1,3.5,1
WS-HIST-0396,Геологоразведочная партия,8,4,512,5,1,1,1,1,2,1.1,0
WS-HIST-0397,Геологоразведочная партия,16,4,256,5,4,0,1,1,1,7.5,1
WS-HIST-0398,Логистика и материально-техническое снабжение,8,4,120,9,3,0,0,0,5,1.2,0
WS-HIST-0399,Логистика и материально-техническое снабжение,8,2,240,12,2,0,0,1,1,1.0,0
WS-HIST-0400,Управление информационных технологий,4,2,240,6,2,0,0,0,3,7.4,1
WS-HIST-0401,Отдел кадров и делопроизводства,8,4,240,15,3,0,0,1,5,6.5,1
WS-HIST-0402,Юридический департамент,4,4,240,12,6,1,0,1,3,6.7,1
WS-HIST-0403,Управление информационных технологий,4,2,120,7,4,0,0,0,1,8.9,1
WS-HIST-0404,Юридический департамент,16,2,240,8,3,1,0,0,1,6.6,1
WS-HIST-0405,Логистика и материально-техническое снабжение,4,4,64,10,3,0,0,0,1,1.6,0
WS-HIST-0406,Служба главного механика,32,8,256,11,1,0,1,0,1,0.5,0
WS-HIST-0407,Управление информационных технологий,8,6,120,8,2,0,0,0,2,1.5,0
WS-HIST-0408,Геологоразведочная партия,8,12,256,8,1,0,0,0,1,0.8,0
WS-HIST-0409,Бухгалтерия и финансовый контроль,4,4,120,14,1,1,0,1,2,3.5,1
WS-HIST-0410,Управление информационных технологий,8,4,120,10,1,1,0,0,2,1.7,0
WS-HIST-0411,Служба главного механика,16,6,256,4,1,0,0,0,1,0.5,0
WS-HIST-0412,Геологоразведочная партия,8,12,512,6,2,0,1,1,4,0.7,0
WS-HIST-0413,Геологоразведочная партия,8,6,256,13,0,0,1,0,5,1.1,0
WS-HIST-0414,Юридический департамент,16,4,120,9,0,0,0,0,4,0.9,0
WS-HIST-0415,Логистика и материально-техническое снабжение,16,4,120,9,1,0,0,1,2,1.4,0
WS-HIST-0416,Геологоразведочная партия,32,6,1024,10,2,0,0,0,2,0.5,0
WS-HIST-0417,Служба главного механика,8,6,512,12,2,0,1,0,3,1.7,0
WS-HIST-0418,Геологоразведочная партия,16,6,256,10,1,0,1,0,3,5.4,1
WS-HIST-0419,Отдел кадров и делопроизводства,4,4,120,15,2,0,0,0,3,4.1,1
WS-HIST-0420,Бухгалтерия и финансовый контроль,8,2,120,9,0,1,0,1,4,0.7,0
WS-HIST-0421,Бухгалтерия и финансовый контроль,4,6,240,11,2,1,0,1,1,5.3,1
WS-HIST-0422,Управление информационных технологий,8,4,240,8,3,0,0,1,2,1.9,0
WS-HIST-0423,Геологоразведочная партия,8,8,512,11,3,0,1,1,2,8.5,1
WS-HIST-0424,Геологоразведочная партия,16,6,1024,9,1,0,1,0,1,0.7,0
WS-HIST-0425,Логистика и материально-техническое снабжение,16,2,240,9,3,0,0,1,2,2.6,1
WS-HIST-0426,Служба главного механика,32,6,256,12,2,0,1,0,2,0.6,0
WS-HIST-0427,Отдел кадров и делопроизводства,8,2,240,8,0,0,0,0,1,0.9,0
WS-HIST-0428,Логистика и материально-техническое снабжение,8,4,240,8,1,0,0,0,2,1.9,0
WS-HIST-0429,Управление информационных технологий,8,2,64,5,1,0,0,0,2,4.5,1
WS-HIST-0430,Служба главного механика,16,8,256,10,0,1,0,0,2,1.6,0
WS-HIST-0431,Геологоразведочная партия,16,4,512,10,2,0,1,0,2,2.0,0
WS-HIST-0432,Отдел кадров и делопроизводства,8,2,120,9,0,0,0,0,2,1.3,0
WS-HIST-0433,Геологоразведочная партия,16,6,256,8,2,0,0,1,5,0.8,0
WS-HIST-0434,Геологоразведочная партия,16,8,512,6,1,0,0,1,1,1.1,0
WS-HIST-0435,Юридический департамент,8,2,64,11,3,1,0,1,1,6.5,1
WS-HIST-0436,Геологоразведочная партия,16,8,256,11,2,0,1,0,3,0.6,0
WS-HIST-0437,Логистика и материально-техническое снабжение,8,2,120,6,1,0,0,0,2,1.7,0
WS-HIST-0438,Отдел кадров и делопроизводства,4,2,120,9,2,0,0,1,4,4.2,1
WS-HIST-0439,Юридический департамент,16,2,120,16,0,0,0,1,1,1.2,0
WS-HIST-0440,Логистика и материально-техническое снабжение,8,4,64,8,1,0,0,1,1,0.7,0
WS-HIST-0441,Логистика и материально-техническое снабжение,8,2,120,9,1,0,0,0,2,1.5,0
WS-HIST-0442,Юридический департамент,16,2,240,15,2,1,0,0,2,0.9,0
WS-HIST-0443,Бухгалтерия и финансовый контроль,4,2,120,7,1,1,0,1,4,7.5,1
WS-HIST-0444,Бухгалтерия и финансовый контроль,8,2,120,11,1,1,0,0,5,3.5,1
WS-HIST-0445,Геологоразведочная партия,8,6,1024,13,2,0,1,1,1,8.1,1
WS-HIST-0446,Отдел кадров и делопроизводства,16,2,120,14,2,0,0,0,1,1.9,0
WS-HIST-0447,Бухгалтерия и финансовый контроль,8,4,120,16,1,1,0,0,1,1.0,0
WS-HIST-0448,Бухгалтерия и финансовый контроль,4,4,240,10,3,1,0,1,2,5.9,1
WS-HIST-0449,Управление информационных технологий,8,4,120,12,1,0,0,1,5,0.5,0
WS-HIST-0450,Отдел кадров и делопроизводства,4,6,120,8,2,0,0,1,2,1.7,0
WS-HIST-0451,Управление информационных технологий,4,2,120,7,2,0,0,0,2,3.8,1
WS-HIST-0452,Бухгалтерия и финансовый контроль,16,4,120,11,0,0,0,1,1,0.7,0
WS-HIST-0453,Отдел кадров и делопроизводства,8,2,64,8,2,0,0,0,2,8.8,1
WS-HIST-0454,Отдел кадров и делопроизводства,8,4,500,10,2,0,0,0,2,1.8,0
WS-HIST-0455,Логистика и материально-техническое снабжение,8,4,240,11,3,0,0,0,1,2.0,0
WS-HIST-0456,Управление информационных технологий,4,2,120,7,0,0,0,0,1,1.4,0
WS-HIST-0457,Служба главного механика,16,4,1024,8,3,0,1,0,3,4.8,1
WS-HIST-0458,Служба главного механика,16,6,256,11,3,0,1,1,1,1.5,0
WS-HIST-0459,Логистика и материально-техническое снабжение,4,2,240,10,3,0,0,0,2,5.1,1
WS-HIST-0460,Логистика и материально-техническое снабжение,8,4,240,7,3,0,0,0,1,1.5,0
WS-HIST-0461,Служба главного механика,16,6,256,8,3,0,1,0,1,1.5,0
WS-HIST-0462,Управление информационных технологий,4,6,120,7,2,0,0,1,3,8.1,1
WS-HIST-0463,Отдел кадров и делопроизводства,4,4,120,6,3,0,0,1,1,4.9,1
WS-HIST-0464,Служба главного механика,16,6,128,10,1,0,1,1,1,1.4,0
WS-HIST-0465,Бухгалтерия и финансовый контроль,16,4,500,14,3,1,0,1,2,2.7,1
WS-HIST-0466,Отдел кадров и делопроизводства,8,2,120,10,4,0,0,0,2,4.5,1
WS-HIST-0467,Юридический департамент,8,6,500,8,2,1,0,1,1,8.0,1
WS-HIST-0468,Отдел кадров и делопроизводства,16,2,120,10,0,0,0,0,2,1.3,0
WS-HIST-0469,Служба главного механика,16,8,256,9,1,0,1,1,1,1.3,0
WS-HIST-0470,Бухгалтерия и финансовый контроль,16,2,500,12,0,1,0,1,1,0.6,0
WS-HIST-0471,Бухгалтерия и финансовый контроль,8,2,240,10,3,1,0,1,2,7.2,1
WS-HIST-0472,Бухгалтерия и финансовый контроль,8,4,120,10,2,0,0,1,1,1.0,0
WS-HIST-0473,Юридический департамент,16,6,120,10,1,1,0,1,4,1.3,0
WS-HIST-0474,Управление информационных технологий,8,4,240,10,2,0,0,0,2,0.6,0
WS-HIST-0475,Юридический департамент,8,4,240,10,3,1,0,0,1,1.3,0
WS-HIST-0476,Юридический департамент,8,2,120,17,3,1,0,1,2,6.8,1
WS-HIST-0477,Служба главного механика,16,8,256,11,1,1,0,0,1,1.5,0
WS-HIST-0478,Управление информационных технологий,16,4,240,9,0,0,0,1,1,0.8,0
WS-HIST-0479,Служба главного механика,16,6,128,6,3,0,1,0,3,9.8,1
WS-HIST-0480,Управление информационных технологий,8,4,500,9,1,0,0,0,2,1.9,0
WS-HIST-0481,Логистика и материально-техническое снабжение,4,2,120,14,1,0,0,0,2,1.5,0
WS-HIST-0482,Отдел кадров и делопроизводства,8,4,500,7,3,0,0,0,1,0.9,0
WS-HIST-0483,Бухгалтерия и финансовый контроль,8,2,120,7,1,1,0,1,1,5.0,1
WS-HIST-0484,Отдел кадров и делопроизводства,8,2,120,13,2,0,0,0,2,1.9,0
WS-HIST-0485,Логистика и материально-техническое снабжение,16,4,500,10,1,0,0,0,1,1.3,0
WS-HIST-0486,Бухгалтерия и финансовый контроль,8,4,240,14,2,1,0,1,1,6.6,1
WS-HIST-0487,Логистика и материально-техническое снабжение,8,4,240,12,0,0,0,1,3,1.8,0
WS-HIST-0488,Отдел кадров и делопроизводства,8,4,120,11,1,0,0,0,2,1.1,0
WS-HIST-0489,Логистика и материально-техническое снабжение,4,2,120,13,0,0,0,0,2,1.5,0
WS-HIST-0490,Служба главного механика,16,6,256,9,2,0,1,0,1,1.3,0
WS-HIST-0491,Юридический департамент,16,4,120,12,3,1,0,1,1,1.2,0
WS-HIST-0492,Бухгалтерия и финансовый контроль,16,4,120,10,3,1,0,1,1,1.6,0
WS-HIST-0493,Юридический департамент,8,6,500,13,1,1,0,1,2,0.6,0
WS-HIST-0494,Управление информационных технологий,4,4,120,12,1,0,0,0,2,1.3,0
WS-HIST-0495,Бухгалтерия и финансовый контроль,8,4,120,11,5,1,0,1,4,5.2,1
WS-HIST-0496,Управление информационных технологий,8,4,64,7,0,0,0,0,2,1.9,0
WS-HIST-0497,Бухгалтерия и финансовый контроль,16,4,240,10,1,1,0,1,2,1.7,0
WS-HIST-0498,Управление информационных технологий,4,2,64,8,1,0,0,0,4,7.7,1
WS-HIST-0499,Служба главного механика,16,6,512,9,3,0,1,1,1,8.7,1
WS-HIST-0500,Геологоразведочная партия,16,6,512,10,2,0,1,1,3,6.2,1
WS-HIST-0501,Служба главного механика,16,8,128,7,1,0,1,1,1,1.0,0
WS-HIST-0502,Бухгалтерия и финансовый контроль,8,4,240,7,2,1,0,1,4,0.8,0
WS-HIST-0503,Отдел кадров и делопроизводства,8,4,120,10,1,0,0,0,2,0.6,0
WS-HIST-0504,Юридический департамент,8,4,64,13,1,1,0,1,3,6.0,1
WS-HIST-0505,Геологоразведочная партия,16,6,512,5,0,0,1,0,4,1.2,0
WS-HIST-0506,Юридический департамент,4,2,120,10,1,1,0,1,3,5.6,1
WS-HIST-0507,Геологоразведочная партия,16,8,512,3,2,0,0,1,2,1.7,0
WS-HIST-0508,Служба главного механика,8,12,256,9,4,0,0,1,4,1.8,0
WS-HIST-0509,Служба главного механика,16,8,1024,14,3,0,0,0,1,0.5,0
WS-HIST-0510,Служба главного механика,16,4,256,15,3,0,1,1,1,1.7,0
WS-HIST-0511,Логистика и материально-техническое снабжение,8,4,120,14,5,0,0,0,1,1.7,0
WS-HIST-0512,Логистика и материально-техническое снабжение,16,2,240,12,2,0,0,0,1,0.7,0
WS-HIST-0513,Логистика и материально-техническое снабжение,8,6,240,9,2,0,0,0,1,1.6,0
WS-HIST-0514,Юридический департамент,8,4,120,12,3,1,0,0,2,1.7,0
WS-HIST-0515,Бухгалтерия и финансовый контроль,4,4,64,4,0,1,0,1,1,3.1,1
WS-HIST-0516,Отдел кадров и делопроизводства,8,6,64,14,1,0,0,0,1,1.0,0
WS-HIST-0517,Бухгалтерия и финансовый контроль,8,4,240,5,1,1,0,1,1,1.2,0
WS-HIST-0518,Юридический департамент,8,4,120,13,3,1,0,1,1,0.6,0
WS-HIST-0519,Логистика и материально-техническое снабжение,16,2,120,13,3,0,0,0,2,1.7,0
WS-HIST-0520,Бухгалтерия и финансовый контроль,16,6,500,8,2,1,0,1,3,1.6,0
WS-HIST-0521,Логистика и материально-техническое снабжение,8,6,120,4,0,0,0,0,1,1.5,0
WS-HIST-0522,Бухгалтерия и финансовый контроль,16,6,240,9,3,1,0,1,2,4.0,1
WS-HIST-0523,Бухгалтерия и финансовый контроль,8,6,240,10,2,1,0,1,1,1.5,0
WS-HIST-0524,Геологоразведочная партия,16,8,1024,10,2,0,1,0,1,1.4,0
WS-HIST-0525,Отдел кадров и делопроизводства,8,4,120,14,1,0,0,0,1,0.8,0
WS-HIST-0526,Служба главного механика,8,8,256,6,3,0,0,0,3,0.6,0
WS-HIST-0527,Геологоразведочная партия,16,8,512,5,0,1,1,0,2,3.9,1
WS-HIST-0528,Юридический департамент,16,4,240,10,1,1,0,1,1,8.4,1
WS-HIST-0529,Геологоразведочная партия,16,8,256,9,1,1,1,0,1,1.4,0
WS-HIST-0530,Геологоразведочная партия,16,6,256,8,4,0,1,0,1,9.7,1
WS-HIST-0531,Отдел кадров и делопроизводства,8,2,120,8,2,0,0,0,5,1.4,0
WS-HIST-0532,Логистика и материально-техническое снабжение,8,4,120,10,1,0,0,0,2,1.0,0
WS-HIST-0533,Логистика и материально-техническое снабжение,8,4,120,10,3,0,0,0,5,0.5,0
WS-HIST-0534,Отдел кадров и делопроизводства,8,6,64,10,2,0,0,1,5,3.1,1
WS-HIST-0535,Логистика и материально-техническое снабжение,8,4,240,9,2,0,0,0,1,1.0,0
WS-HIST-0536,Отдел кадров и делопроизводства,8,6,240,14,4,0,0,0,1,1.6,0
WS-HIST-0537,Юридический департамент,8,2,240,6,1,1,0,1,1,7.1,1
WS-HIST-0538,Юридический департамент,4,4,120,11,4,1,0,1,2,5.7,1
WS-HIST-0539,Юридический департамент,8,2,240,10,2,1,0,0,3,6.4,1
WS-HIST-0540,Управление информационных технологий,16,4,120,12,5,1,0,0,4,1.8,0
WS-HIST-0541,Логистика и материально-техническое снабжение,8,4,120,9,5,0,0,1,1,6.5,1
WS-HIST-0542,Бухгалтерия и финансовый контроль,8,4,120,10,3,1,0,1,3,1.0,0
WS-HIST-0543,Геологоразведочная партия,8,8,256,14,2,0,0,0,2,1.1,0
WS-HIST-0544,Бухгалтерия и финансовый контроль,8,4,120,11,3,1,0,1,2,0.9,0
WS-HIST-0545,Бухгалтерия и финансовый контроль,8,4,120,5,3,1,0,1,2,0.5,0
WS-HIST-0546,Служба главного механика,8,8,256,4,2,0,1,0,1,1.7,0
WS-HIST-0547,Управление информационных технологий,8,4,240,15,3,0,0,0,2,1.1,0
WS-HIST-0548,Служба главного механика,8,6,256,14,1,0,0,1,4,1.0,0
WS-HIST-0549,Логистика и материально-техническое снабжение,4,6,64,17,5,0,0,0,2,4.6,1
WS-HIST-0550,Бухгалтерия и финансовый контроль,16,4,64,10,1,1,0,1,2,8.4,1
WS-HIST-0551,Управление информационных технологий,4,4,240,11,1,0,0,1,1,1.9,0
WS-HIST-0552,Отдел кадров и делопроизводства,8,4,120,14,1,0,0,0,1,1.8,0
WS-HIST-0553,Логистика и материально-техническое снабжение,16,4,500,10,3,0,0,1,2,0.5,0
WS-HIST-0554,Служба главного механика,16,4,1024,7,2,0,0,0,5,0.9,0
WS-HIST-0555,Геологоразведочная партия,16,6,256,12,2,0,0,0,1,1.3,0
WS-HIST-0556,Отдел кадров и делопроизводства,4,4,120,6,1,1,0,1,2,4.0,1
WS-HIST-0557,Юридический департамент,16,4,120,12,1,1,0,1,1,1.3,0
WS-HIST-0558,Управление информационных технологий,8,6,240,11,0,0,0,0,2,1.6,0
WS-HIST-0559,Служба главного механика,16,8,512,7,1,0,1,0,3,1.9,0
WS-HIST-0560,Юридический департамент,16,4,240,8,1,0,0,1,1,1.1,0
WS-HIST-0561,Управление информационных технологий,8,2,120,11,3,0,0,0,3,7.1,1
WS-HIST-0562,Служба главного механика,16,6,128,8,1,0,1,1,1,1.3,0
WS-HIST-0563,Логистика и материально-техническое снабжение,8,6,240,11,2,0,0,1,2,1.3,0
WS-HIST-0564,Отдел кадров и делопроизводства,4,4,240,6,2,1,0,0,2,4.9,1
WS-HIST-0565,Бухгалтерия и финансовый контроль,8,4,120,8,2,1,0,1,2,0.9,0
WS-HIST-0566,Геологоразведочная партия,8,8,128,5,1,0,1,1,2,1.4,0
WS-HIST-0567,Геологоразведочная партия,16,8,256,5,2,0,1,1,4,5.5,1
WS-HIST-0568,Отдел кадров и делопроизводства,8,2,64,13,0,0,0,0,1,1.4,0
WS-HIST-0569,Отдел кадров и делопроизводства,8,2,120,11,3,0,0,0,2,1.3,0
WS-HIST-0570,Юридический департамент,8,6,120,14,2,0,0,1,4,4.8,1
WS-HIST-0571,Служба главного механика,8,4,128,13,1,0,1,1,1,1.8,0
WS-HIST-0572,Отдел кадров и делопроизводства,8,4,240,14,2,1,0,0,3,2.6,1
WS-HIST-0573,Служба главного механика,8,6,512,12,2,1,1,1,1,10.1,1
WS-HIST-0574,Управление информационных технологий,8,6,120,6,0,0,0,1,1,1.3,0
WS-HIST-0575,Юридический департамент,4,6,120,12,4,0,0,1,2,8.7,1
WS-HIST-0576,Геологоразведочная партия,8,6,256,13,2,0,1,1,1,0.5,0
WS-HIST-0577,Управление информационных технологий,8,6,500,7,2,0,0,1,3,1.8,0
WS-HIST-0578,Геологоразведочная партия,16,6,512,12,3,0,1,0,4,0.5,0
WS-HIST-0579,Отдел кадров и делопроизводства,8,4,240,11,1,0,0,1,2,1.5,0
WS-HIST-0580,Логистика и материально-техническое снабжение,8,4,500,13,1,0,0,0,2,0.7,0
WS-HIST-0581,Служба главного механика,16,6,256,10,3,0,1,0,2,1.5,0
WS-HIST-0582,Управление информационных технологий,8,2,120,12,2,0,0,1,2,1.8,0
WS-HIST-0583,Юридический департамент,4,2,240,14,2,1,0,1,4,4.5,1
WS-HIST-0584,Отдел кадров и делопроизводства,8,4,240,7,1,0,0,0,1,0.9,0
WS-HIST-0585,Отдел кадров и делопроизводства,8,4,120,7,2,0,0,1,2,1.6,0
WS-HIST-0586,Бухгалтерия и финансовый контроль,4,4,64,6,0,1,0,1,5,3.4,1
WS-HIST-0587,Отдел кадров и делопроизводства,4,2,120,11,4,0,0,1,1,7.9,1
WS-HIST-0588,Бухгалтерия и финансовый контроль,8,2,240,9,3,1,0,0,2,1.9,0
WS-HIST-0589,Логистика и материально-техническое снабжение,4,2,240,11,3,0,0,0,2,5.2,1
WS-HIST-0590,Логистика и материально-техническое снабжение,8,6,500,13,2,0,0,1,1,1.7,0
WS-HIST-0591,Логистика и материально-техническое снабжение,8,2,120,13,1,0,0,1,2,0.7,0
WS-HIST-0592,Управление информационных технологий,4,2,120,12,0,0,0,1,2,0.8,0
WS-HIST-0593,Отдел кадров и делопроизводства,16,4,240,13,3,0,0,0,1,1.1,0
WS-HIST-0594,Логистика и материально-техническое снабжение,4,4,120,7,0,1,0,1,2,3.9,1
WS-HIST-0595,Логистика и материально-техническое снабжение,4,2,500,11,2,0,0,1,1,5.6,1
WS-HIST-0596,Логистика и материально-техническое снабжение,4,4,240,10,3,0,0,0,4,3.5,1
WS-HIST-0597,Служба главного механика,16,4,512,8,1,0,1,1,1,4.4,1
WS-HIST-0598,Геологоразведочная партия,16,8,1024,14,4,1,0,0,2,8.7,1
WS-HIST-0599,Служба главного механика,16,8,512,11,2,0,1,1,1,1.2,0
WS-HIST-0600,Бухгалтерия и финансовый контроль,4,4,120,11,3,1,0,1,2,5.6,1
WS-HIST-0601,Логистика и материально-техническое снабжение,8,2,240,12,0,0,0,0,2,0.8,0
WS-HIST-0602,Логистика и материально-техническое снабжение,4,4,120,6,0,0,0,1,1,1.6,0
WS-HIST-0603,Юридический департамент,8,4,500,14,1,1,0,1,2,0.6,0
WS-HIST-0604,Бухгалтерия и финансовый контроль,16,4,500,12,1,1,0,1,1,0.8,0
WS-HIST-0605,Логистика и материально-техническое снабжение,4,2,120,9,3,0,0,0,1,1.4,0
WS-HIST-0606,Геологоразведочная партия,32,6,256,6,0,1,1,1,2,9.9,1
WS-HIST-0607,Логистика и материально-техническое снабжение,8,4,240,8,1,0,0,1,4,6.2,1
WS-HIST-0608,Управление информационных технологий,4,4,64,11,2,0,0,1,1,8.9,1
WS-HIST-0609,Геологоразведочная партия,8,4,128,14,2,0,0,0,2,2.0,0
WS-HIST-0610,Служба главного механика,8,6,512,11,5,0,1,0,1,6.8,1
WS-HIST-0611,Логистика и материально-техническое снабжение,4,4,64,9,1,0,0,0,5,1.3,0
WS-HIST-0612,Юридический департамент,4,4,120,9,2,1,0,1,3,7.5,1
WS-HIST-0613,Логистика и материально-техническое снабжение,8,2,120,8,4,0,0,0,3,8.2,1
WS-HIST-0614,Геологоразведочная партия,16,4,512,8,0,0,1,1,2,1.4,0
WS-HIST-0615,Логистика и материально-техническое снабжение,8,2,240,9,3,0,0,1,1,1.3,0
WS-HIST-0616,Управление информационных технологий,8,2,64,7,4,0,0,0,2,1.1,0
WS-HIST-0617,Отдел кадров и делопроизводства,8,4,120,14,5,0,0,0,1,0.9,0
WS-HIST-0618,Отдел кадров и делопроизводства,8,2,120,7,1,0,0,0,4,1.9,0
WS-HIST-0619,Геологоразведочная партия,16,6,512,14,2,1,1,0,4,8.6,1
WS-HIST-0620,Бухгалтерия и финансовый контроль,8,4,240,7,2,1,0,1,1,1.1,0
WS-HIST-0621,Отдел кадров и делопроизводства,4,2,240,6,3,1,0,0,1,6.8,1
WS-HIST-0622,Бухгалтерия и финансовый контроль,4,4,120,13,0,1,0,1,2,6.2,1
WS-HIST-0623,Логистика и материально-техническое снабжение,16,4,64,13,2,0,0,0,2,1.6,0
WS-HIST-0624,Бухгалтерия и финансовый контроль,8,6,240,16,1,1,0,1,5,8.1,1
WS-HIST-0625,Служба главного механика,16,6,256,8,1,0,1,1,1,7.4,1
WS-HIST-0626,Отдел кадров и делопроизводства,8,2,120,12,3,0,0,1,3,0.9,0
WS-HIST-0627,Управление информационных технологий,4,2,240,14,5,0,0,1,2,4.3,1
WS-HIST-0628,Служба главного механика,8,4,256,10,1,0,1,0,1,1.1,0
WS-HIST-0629,Юридический департамент,4,4,120,8,1,1,0,0,2,6.1,1
WS-HIST-0630,Управление информационных технологий,8,6,64,7,3,1,0,1,2,5.2,1
WS-HIST-0631,Бухгалтерия и финансовый контроль,8,4,240,11,1,1,0,1,3,2.9,1
WS-HIST-0632,Бухгалтерия и финансовый контроль,16,4,120,11,0,1,0,1,1,1.2,0
WS-HIST-0633,Геологоразведочная партия,16,6,128,11,0,0,1,1,4,2.0,0
WS-HIST-0634,Отдел кадров и делопроизводства,8,4,120,12,1,0,0,0,2,0.7,0
WS-HIST-0635,Логистика и материально-техническое снабжение,4,6,240,13,0,0,0,0,1,2.0,0
WS-HIST-0636,Юридический департамент,4,6,120,14,1,1,0,0,1,6.9,1
WS-HIST-0637,Служба главного механика,16,4,128,9,2,0,1,1,5,4.9,1
WS-HIST-0638,Юридический департамент,8,2,240,9,3,1,0,1,1,4.6,1
WS-HIST-0639,Юридический департамент,4,4,240,9,1,0,0,1,3,4.9,1
WS-HIST-0640,Служба главного механика,32,8,128,12,4,0,1,1,2,9.4,1
WS-HIST-0641,Геологоразведочная партия,16,8,256,7,1,0,1,1,5,10.0,1
WS-HIST-0642,Бухгалтерия и финансовый контроль,4,2,120,13,4,1,0,1,2,4.1,1
WS-HIST-0643,Логистика и материально-техническое снабжение,8,2,120,6,1,0,0,1,5,1.8,0
WS-HIST-0644,Геологоразведочная партия,8,8,256,10,1,0,0,0,2,1.4,0
WS-HIST-0645,Отдел кадров и делопроизводства,8,2,120,8,0,0,0,0,3,0.6,0
WS-HIST-0646,Служба главного механика,16,8,256,11,5,0,1,0,2,1.9,0
WS-HIST-0647,Служба главного механика,32,6,1024,11,2,0,0,1,1,1.5,0
WS-HIST-0648,Бухгалтерия и финансовый контроль,8,2,120,7,1,1,0,1,1,1.4,0
WS-HIST-0649,Отдел кадров и делопроизводства,8,6,120,16,2,0,0,0,1,0.6,0
WS-HIST-0650,Юридический департамент,8,2,240,13,0,1,0,1,2,5.3,1
WS-HIST-0651,Юридический департамент,8,2,120,11,4,1,0,1,2,7.3,1
WS-HIST-0652,Логистика и материально-техническое снабжение,16,2,120,8,3,0,0,0,1,1.6,0
WS-HIST-0653,Геологоразведочная партия,16,8,256,9,1,0,1,1,2,1.6,0
WS-HIST-0654,Бухгалтерия и финансовый контроль,8,4,120,9,0,1,0,1,2,0.6,0
WS-HIST-0655,Служба главного механика,16,6,512,13,3,0,1,1,3,9.1,1
WS-HIST-0656,Логистика и материально-техническое снабжение,4,4,120,9,2,0,0,1,2,3.3,1
WS-HIST-0657,Бухгалтерия и финансовый контроль,4,4,240,13,1,0,0,1,1,1.4,0
WS-HIST-0658,Логистика и материально-техническое снабжение,8,4,120,8,1,0,0,0,1,0.6,0
WS-HIST-0659,Отдел кадров и делопроизводства,8,4,240,13,1,0,0,0,2,0.8,0
WS-HIST-0660,Логистика и материально-техническое снабжение,8,4,240,9,1,1,0,0,3,1.9,0
WS-HIST-0661,Управление информационных технологий,16,4,120,8,1,0,0,0,2,1.4,0
WS-HIST-0662,Служба главного механика,8,4,256,10,2,1,1,0,1,6.0,1
WS-HIST-0663,Бухгалтерия и финансовый контроль,8,4,120,9,1,1,0,1,4,1.1,0
WS-HIST-0664,Логистика и материально-техническое снабжение,8,2,120,11,2,0,0,1,2,1.6,0
WS-HIST-0665,Логистика и материально-техническое снабжение,8,2,500,10,1,0,0,1,1,0.8,0
WS-HIST-0666,Логистика и материально-техническое снабжение,8,2,120,5,2,1,0,1,4,6.4,1
WS-HIST-0667,Юридический департамент,8,4,240,9,3,1,0,1,1,5.3,1
WS-HIST-0668,Управление информационных технологий,8,4,240,10,1,0,0,0,2,0.5,0
WS-HIST-0669,Геологоразведочная партия,16,6,512,12,0,1,0,0,3,1.6,0
WS-HIST-0670,Отдел кадров и делопроизводства,4,4,500,6,2,0,0,0,1,1.3,0
WS-HIST-0671,Бухгалтерия и финансовый контроль,16,2,500,7,1,1,0,0,4,4.9,1
WS-HIST-0672,Бухгалтерия и финансовый контроль,16,2,500,14,2,1,0,0,5,6.3,1
WS-HIST-0673,Логистика и материально-техническое снабжение,16,4,120,8,0,0,0,0,2,1.5,0
WS-HIST-0674,Геологоразведочная партия,16,8,1024,11,1,0,1,1,1,9.0,1
WS-HIST-0675,Служба главного механика,16,6,256,17,2,0,1,1,3,8.2,1
WS-HIST-0676,Управление информационных технологий,4,4,120,7,1,0,0,1,1,1.7,0
WS-HIST-0677,Отдел кадров и делопроизводства,8,4,500,9,4,1,0,0,1,0.6,0
WS-HIST-0678,Юридический департамент,4,2,120,10,3,1,0,1,1,8.7,1
WS-HIST-0679,Служба главного механика,16,4,256,6,1,1,1,1,1,7.6,1
WS-HIST-0680,Юридический департамент,4,2,64,13,0,1,0,0,1,3.2,1
WS-HIST-0681,Служба главного механика,16,8,256,11,0,1,1,1,2,7.0,1
WS-HIST-0682,Логистика и материально-техническое снабжение,8,4,64,7,2,1,0,1,3,4.8,1
WS-HIST-0683,Управление информационных технологий,16,4,240,7,3,0,0,0,1,0.9,0
WS-HIST-0684,Отдел кадров и делопроизводства,16,6,120,12,1,0,0,0,1,0.6,0
WS-HIST-0685,Управление информационных технологий,4,2,240,10,1,0,0,1,2,1.3,0
WS-HIST-0686,Отдел кадров и делопроизводства,8,6,240,10,2,0,0,1,1,1.0,0
WS-HIST-0687,Служба главного механика,32,8,256,15,1,0,0,0,2,1.5,0
WS-HIST-0688,Служба главного механика,16,6,512,12,1,0,0,0,3,0.6,0
WS-HIST-0689,Служба главного механика,16,6,256,9,6,0,1,0,4,6.2,1
WS-HIST-0690,Управление информационных технологий,8,2,240,9,4,0,0,1,5,6.6,1
WS-HIST-0691,Геологоразведочная партия,8,4,512,7,1,0,1,0,4,0.6,0
WS-HIST-0692,Бухгалтерия и финансовый контроль,16,4,120,9,1,1,0,1,4,5.5,1
WS-HIST-0693,Бухгалтерия и финансовый контроль,16,6,240,12,2,1,0,1,2,1.7,0
WS-HIST-0694,Логистика и материально-техническое снабжение,8,4,240,12,3,1,0,1,1,3.2,1
WS-HIST-0695,Логистика и материально-техническое снабжение,4,6,120,11,2,0,0,1,1,5.3,1
WS-HIST-0696,Логистика и материально-техническое снабжение,8,2,240,12,4,0,0,1,1,1.1,0
WS-HIST-0697,Отдел кадров и делопроизводства,4,4,120,13,4,0,0,0,1,0.9,0
WS-HIST-0698,Бухгалтерия и финансовый контроль,16,4,240,9,2,1,0,1,3,1.8,0
WS-HIST-0699,Служба главного механика,16,8,128,11,1,0,1,1,3,4.1,1
WS-HIST-0700,Управление информационных технологий,8,4,120,10,1,0,0,0,2,2.0,0
WS-HIST-0701,Отдел кадров и делопроизводства,4,2,120,5,0,0,0,0,1,1.8,0
WS-HIST-0702,Управление информационных технологий,8,4,120,6,0,0,0,1,2,1.5,0
WS-HIST-0703,Служба главного механика,16,6,512,6,1,0,1,0,1,1.2,0
WS-HIST-0704,Управление информационных технологий,8,2,240,12,2,1,0,0,2,6.7,1
WS-HIST-0705,Отдел кадров и делопроизводства,8,4,120,4,1,0,0,0,5,0.8,0
WS-HIST-0706,Бухгалтерия и финансовый контроль,8,2,240,9,1,1,0,1,5,1.3,0
WS-HIST-0707,Управление информационных технологий,16,4,120,11,3,1,0,1,1,1.9,0
WS-HIST-0708,Служба главного механика,8,4,1024,10,1,0,1,0,1,0.8,0
WS-HIST-0709,Юридический департамент,8,2,64,11,4,1,0,1,3,8.4,1
WS-HIST-0710,Геологоразведочная партия,8,8,256,8,1,0,0,1,1,0.9,0
WS-HIST-0711,Служба главного механика,16,6,512,10,2,0,0,0,3,1.8,0
WS-HIST-0712,Логистика и материально-техническое снабжение,8,4,240,6,2,0,0,1,1,1.6,0
WS-HIST-0713,Отдел кадров и делопроизводства,4,2,240,12,2,0,0,1,1,7.7,1
WS-HIST-0714,Бухгалтерия и финансовый контроль,8,2,120,10,2,1,0,1,1,2.7,1
WS-HIST-0715,Юридический департамент,8,2,240,11,1,1,0,1,2,3.5,1
WS-HIST-0716,Бухгалтерия и финансовый контроль,8,6,64,10,2,1,0,1,3,0.9,0
WS-HIST-0717,Отдел кадров и делопроизводства,8,4,120,11,1,0,0,1,4,1.6,0
WS-HIST-0718,Геологоразведочная партия,16,12,512,11,3,0,1,0,1,1.8,0
WS-HIST-0719,Бухгалтерия и финансовый контроль,8,6,120,8,2,1,0,1,1,1.0,0
WS-HIST-0720,Логистика и материально-техническое снабжение,4,6,240,8,1,0,0,1,4,3.0,1
WS-HIST-0721,Управление информационных технологий,8,6,500,12,3,0,0,1,3,3.8,1
WS-HIST-0722,Юридический департамент,8,6,240,5,2,1,0,1,1,4.4,1
WS-HIST-0723,Логистика и материально-техническое снабжение,8,2,120,10,3,0,0,0,1,1.2,0
WS-HIST-0724,Геологоразведочная партия,32,6,512,8,4,1,1,1,1,9.0,1
WS-HIST-0725,Служба главного механика,16,6,512,8,3,0,1,0,1,4.6,1
WS-HIST-0726,Бухгалтерия и финансовый контроль,4,4,64,5,2,1,0,1,2,6.9,1
WS-HIST-0727,Отдел кадров и делопроизводства,4,4,120,15,4,0,0,0,1,3.3,1
WS-HIST-0728,Служба главного механика,16,4,512,9,4,0,1,0,2,8.4,1
WS-HIST-0729,Юридический департамент,16,4,240,9,3,1,0,1,2,4.3,1
WS-HIST-0730,Служба главного механика,16,4,1024,10,2,0,0,0,2,1.2,0
WS-HIST-0731,Отдел кадров и делопроизводства,8,2,64,11,2,0,0,0,4,1.6,0
WS-HIST-0732,Геологоразведочная партия,32,8,512,9,3,0,0,0,1,1.5,0
WS-HIST-0733,Геологоразведочная партия,32,8,256,10,2,0,1,0,2,1.7,0
WS-HIST-0734,Бухгалтерия и финансовый контроль,4,2,240,12,4,1,0,1,1,8.2,1
WS-HIST-0735,Управление информационных технологий,4,2,120,9,0,0,0,0,1,0.8,0
WS-HIST-0736,Логистика и материально-техническое снабжение,16,6,500,9,3,0,0,0,2,2.0,0
WS-HIST-0737,Бухгалтерия и финансовый контроль,16,4,240,11,4,1,0,1,1,5.8,1
WS-HIST-0738,Управление информационных технологий,4,4,120,14,3,0,0,0,1,3.9,1
WS-HIST-0739,Бухгалтерия и финансовый контроль,8,4,240,9,1,0,0,1,1,1.1,0
WS-HIST-0740,Отдел кадров и делопроизводства,8,4,240,5,1,0,0,0,2,2.0,0
WS-HIST-0741,Логистика и материально-техническое снабжение,8,4,120,9,2,0,0,0,1,1.9,0
WS-HIST-0742,Логистика и материально-техническое снабжение,4,2,120,7,4,0,0,0,1,8.2,1
WS-HIST-0743,Логистика и материально-техническое снабжение,16,4,240,16,4,1,0,0,2,1.7,0
WS-HIST-0744,Геологоразведочная партия,16,8,256,8,0,0,1,1,1,1.1,0
WS-HIST-0745,Бухгалтерия и финансовый контроль,8,4,64,16,0,0,0,1,2,0.6,0
WS-HIST-0746,Юридический департамент,4,6,240,12,2,0,0,1,4,5.7,1
WS-HIST-0747,Юридический департамент,16,6,120,10,0,1,0,1,5,1.9,0
WS-HIST-0748,Отдел кадров и делопроизводства,4,6,500,10,2,0,0,1,1,1.1,0
WS-HIST-0749,Бухгалтерия и финансовый контроль,8,2,120,9,3,1,0,1,4,2.7,1
WS-HIST-0750,Юридический департамент,16,4,500,8,4,1,0,1,2,7.6,1
WS-HIST-0751,Логистика и материально-техническое снабжение,16,2,120,10,2,0,0,0,1,1.0,0
WS-HIST-0752,Отдел кадров и делопроизводства,4,2,120,11,2,0,0,0,2,2.8,1
WS-HIST-0753,Геологоразведочная партия,8,6,512,13,1,0,1,1,2,1.1,0
WS-HIST-0754,Геологоразведочная партия,16,12,256,13,1,0,1,1,3,1.8,0
WS-HIST-0755,Геологоразведочная партия,16,6,512,14,1,0,1,1,1,1.8,0
WS-HIST-0756,Геологоразведочная партия,8,8,512,16,3,0,0,0,2,1.8,0
WS-HIST-0757,Отдел кадров и делопроизводства,8,2,500,9,2,0,0,1,4,3.6,1
WS-HIST-0758,Бухгалтерия и финансовый контроль,4,4,120,6,1,1,0,1,3,8.7,1
WS-HIST-0759,Управление информационных технологий,8,2,240,8,2,0,0,0,2,1.3,0
WS-HIST-0760,Юридический департамент,4,2,120,10,1,0,0,1,1,8.5,1
WS-HIST-0761,Логистика и материально-техническое снабжение,8,4,500,6,0,1,0,1,4,1.8,0
WS-HIST-0762,Отдел кадров и делопроизводства,8,4,64,10,2,0,0,0,2,1.6,0
WS-HIST-0763,Бухгалтерия и финансовый контроль,8,6,64,11,3,1,0,1,1,8.1,1
WS-HIST-0764,Логистика и материально-техническое снабжение,16,6,120,12,1,0,0,1,2,1.6,0
WS-HIST-0765,Логистика и материально-техническое снабжение,8,6,64,12,1,0,0,0,1,0.5,0
WS-HIST-0766,Служба главного механика,16,6,256,13,1,0,1,1,1,1.4,0
WS-HIST-0767,Геологоразведочная партия,16,6,1024,13,3,0,1,1,3,6.4,1
WS-HIST-0768,Бухгалтерия и финансовый контроль,8,2,120,7,3,1,0,1,1,6.3,1
WS-HIST-0769,Юридический департамент,8,6,120,8,2,0,0,1,1,0.7,0
WS-HIST-0770,Бухгалтерия и финансовый контроль,4,2,240,5,1,1,0,1,3,6.4,1
WS-HIST-0771,Управление информационных технологий,4,4,120,12,2,0,0,0,2,1.9,0
WS-HIST-0772,Геологоразведочная партия,16,6,512,8,2,0,1,0,1,1.7,0
WS-HIST-0773,Служба главного механика,16,8,512,13,1,0,1,0,1,1.3,0
WS-HIST-0774,Служба главного механика,16,8,256,15,3,1,1,0,1,6.9,1
WS-HIST-0775,Геологоразведочная партия,16,4,256,10,3,0,0,0,1,1.7,0
WS-HIST-0776,Бухгалтерия и финансовый контроль,8,2,240,12,2,1,0,1,2,2.6,1
WS-HIST-0777,Бухгалтерия и финансовый контроль,8,4,120,11,1,0,0,1,2,0.7,0
WS-HIST-0778,Отдел кадров и делопроизводства,4,4,64,7,1,1,0,1,1,5.1,1
WS-HIST-0779,Отдел кадров и делопроизводства,8,4,64,11,1,0,0,0,2,0.8,0
WS-HIST-0780,Юридический департамент,16,6,64,7,3,1,0,1,2,8.3,1
WS-HIST-0781,Бухгалтерия и финансовый контроль,8,4,64,11,3,1,0,1,1,7.1,1
WS-HIST-0782,Логистика и материально-техническое снабжение,8,4,240,13,1,1,0,1,2,1.3,0
WS-HIST-0783,Управление информационных технологий,8,2,120,11,2,0,0,0,1,0.5,0
WS-HIST-0784,Отдел кадров и делопроизводства,8,4,120,9,2,0,0,1,2,1.3,0
WS-HIST-0785,Управление информационных технологий,4,4,120,7,2,0,0,1,2,1.8,0
WS-HIST-0786,Логистика и материально-техническое снабжение,16,6,64,11,2,0,0,0,2,0.5,0
WS-HIST-0787,Логистика и материально-техническое снабжение,8,4,500,8,3,0,0,0,2,1.5,0
WS-HIST-0788,Отдел кадров и делопроизводства,8,4,120,6,2,0,0,0,2,1.6,0
WS-HIST-0789,Управление информационных технологий,8,4,240,20,2,0,0,1,5,1.1,0
WS-HIST-0790,Отдел кадров и делопроизводства,4,4,500,6,3,1,0,0,1,4.0,1
WS-HIST-0791,Геологоразведочная партия,16,8,512,11,3,1,0,0,1,0.6,0
WS-HIST-0792,Отдел кадров и делопроизводства,8,2,64,7,2,0,0,1,4,1.1,0
WS-HIST-0793,Геологоразведочная партия,16,12,256,5,2,1,1,0,2,8.1,1
WS-HIST-0794,Юридический департамент,4,4,240,9,1,1,0,1,2,8.3,1
WS-HIST-0795,Бухгалтерия и финансовый контроль,8,2,240,12,1,1,0,1,1,6.1,1
WS-HIST-0796,Логистика и материально-техническое снабжение,8,4,240,11,3,0,0,0,1,1.4,0
WS-HIST-0797,Логистика и материально-техническое снабжение,8,4,120,6,1,0,0,1,2,1.2,0
WS-HIST-0798,Служба главного механика,16,6,512,8,3,1,0,0,2,0.9,0
WS-HIST-0799,Геологоразведочная партия,16,8,512,10,2,0,1,0,1,8.4,1
WS-HIST-0800,Геологоразведочная партия,32,4,256,8,3,0,1,0,5,8.2,1
WS-HIST-0801,Управление информационных технологий,16,4,240,10,2,0,0,0,2,0.7,0
WS-HIST-0802,Геологоразведочная партия,16,6,512,10,0,0,0,1,3,1.6,0
WS-HIST-0803,Отдел кадров и делопроизводства,8,2,64,11,1,0,0,0,3,0.8,0
WS-HIST-0804,Юридический департамент,8,2,120,12,2,1,0,1,1,0.9,0
WS-HIST-0805,Служба главного механика,16,4,128,9,4,0,1,1,2,5.1,1
WS-HIST-0806,Геологоразведочная партия,16,8,512,15,3,0,1,0,4,4.4,1
WS-HIST-0807,Управление информационных технологий,8,6,240,12,3,0,0,0,1,0.9,0
WS-HIST-0808,Геологоразведочная партия,16,6,1024,8,2,0,0,0,1,1.4,0
WS-HIST-0809,Отдел кадров и делопроизводства,4,4,500,7,3,0,0,0,3,8.4,1
WS-HIST-0810,Бухгалтерия и финансовый контроль,8,4,64,9,1,1,0,1,2,1.1,0
WS-HIST-0811,Бухгалтерия и финансовый контроль,8,4,64,3,2,1,0,0,1,1.6,0
WS-HIST-0812,Управление информационных технологий,4,4,64,12,3,1,0,0,1,5.3,1
WS-HIST-0813,Управление информационных технологий,8,6,240,5,1,0,0,1,3,1.9,0
WS-HIST-0814,Геологоразведочная партия,16,6,256,8,1,0,0,0,2,0.6,0
WS-HIST-0815,Служба главного механика,32,12,512,10,1,0,1,0,5,0.8,0
WS-HIST-0816,Геологоразведочная партия,8,6,256,8,3,0,1,0,4,5.2,1
WS-HIST-0817,Бухгалтерия и финансовый контроль,4,4,240,9,0,1,0,1,1,4.2,1
WS-HIST-0818,Бухгалтерия и финансовый контроль,8,2,120,13,3,0,0,1,1,1.2,0
WS-HIST-0819,Бухгалтерия и финансовый контроль,8,2,500,8,1,1,0,1,2,0.6,0
WS-HIST-0820,Отдел кадров и делопроизводства,8,4,500,5,1,0,0,0,1,1.6,0
WS-HIST-0821,Служба главного механика,16,6,512,9,1,0,1,0,1,0.8,0
WS-HIST-0822,Бухгалтерия и финансовый контроль,16,2,120,14,0,1,0,1,4,0.7,0
WS-HIST-0823,Логистика и материально-техническое снабжение,8,4,64,4,1,0,0,1,1,1.2,0
WS-HIST-0824,Служба главного механика,16,4,256,11,2,0,1,1,1,1.3,0
WS-HIST-0825,Геологоразведочная партия,16,6,512,10,3,0,1,0,1,9.4,1
WS-HIST-0826,Логистика и материально-техническое снабжение,8,4,120,10,3,1,0,0,3,1.9,0
WS-HIST-0827,Бухгалтерия и финансовый контроль,4,4,64,6,1,1,0,1,2,7.6,1
WS-HIST-0828,Логистика и материально-техническое снабжение,16,4,240,14,3,0,0,0,2,1.1,0
WS-HIST-0829,Бухгалтерия и финансовый контроль,16,2,240,15,1,1,0,1,1,0.6,0
WS-HIST-0830,Отдел кадров и делопроизводства,4,2,64,10,2,0,0,0,1,4.1,1
WS-HIST-0831,Логистика и материально-техническое снабжение,8,4,120,14,2,1,0,1,1,1.2,0
WS-HIST-0832,Геологоразведочная партия,8,4,256,13,4,0,0,1,2,8.4,1
WS-HIST-0833,Управление информационных технологий,8,6,500,12,3,0,0,0,2,2.0,0
WS-HIST-0834,Юридический департамент,8,2,120,8,2,1,0,1,3,5.6,1
WS-HIST-0835,Логистика и материально-техническое снабжение,8,4,64,13,3,0,0,1,1,6.7,1
WS-HIST-0836,Юридический департамент,4,6,240,11,4,1,0,1,1,7.0,1
WS-HIST-0837,Служба главного механика,32,4,256,10,4,0,1,1,1,3.9,1
WS-HIST-0838,Отдел кадров и делопроизводства,4,4,120,12,0,0,0,1,1,1.1,0
WS-HIST-0839,Бухгалтерия и финансовый контроль,4,2,500,11,3,1,0,0,1,8.5,1
WS-HIST-0840,Отдел кадров и делопроизводства,8,2,120,11,0,0,0,0,1,0.8,0
WS-HIST-0841,Геологоразведочная партия,16,6,256,11,2,1,0,0,2,1.3,0
WS-HIST-0842,Управление информационных технологий,8,2,120,7,2,1,0,1,4,3.7,1
WS-HIST-0843,Отдел кадров и делопроизводства,8,6,240,5,2,1,0,0,3,1.3,0
WS-HIST-0844,Управление информационных технологий,4,4,64,6,2,0,0,1,1,8.0,1
WS-HIST-0845,Управление информационных технологий,4,6,120,9,0,0,0,0,1,1.3,0
WS-HIST-0846,Логистика и материально-техническое снабжение,4,4,120,6,1,0,0,1,1,1.4,0
WS-HIST-0847,Бухгалтерия и финансовый контроль,8,4,120,14,3,1,0,0,3,2.0,0
WS-HIST-0848,Отдел кадров и делопроизводства,8,2,240,13,2,0,0,0,2,1.6,0
WS-HIST-0849,Отдел кадров и делопроизводства,8,4,120,10,3,0,0,1,1,1.5,0
WS-HIST-0850,Бухгалтерия и финансовый контроль,8,2,240,9,3,1,0,0,1,3.0,1
WS-HIST-0851,Служба главного механика,16,6,256,9,2,0,1,0,1,1.0,0
WS-HIST-0852,Бухгалтерия и финансовый контроль,4,6,120,8,3,1,0,1,2,6.6,1
WS-HIST-0853,Юридический департамент,16,4,120,11,4,1,0,1,3,3.5,1
WS-HIST-0854,Управление информационных технологий,8,4,120,9,2,0,0,1,1,0.7,0
WS-HIST-0855,Управление информационных технологий,4,6,500,5,2,0,0,1,3,8.4,1
WS-HIST-0856,Юридический департамент,8,6,120,12,3,1,0,0,2,1.8,0
WS-HIST-0857,Бухгалтерия и финансовый контроль,4,2,120,10,3,1,0,1,2,9.0,1
WS-HIST-0858,Служба главного механика,16,6,512,9,4,0,0,0,2,1.4,0
WS-HIST-0859,Юридический департамент,8,4,120,8,3,0,0,1,2,1.2,0
WS-HIST-0860,Юридический департамент,16,6,120,4,2,0,0,1,4,1.3,0
WS-HIST-0861,Юридический департамент,4,2,64,14,2,1,0,0,2,5.1,1
WS-HIST-0862,Логистика и материально-техническое снабжение,8,2,240,13,2,0,0,0,1,1.8,0
WS-HIST-0863,Бухгалтерия и финансовый контроль,4,4,240,14,1,0,0,1,2,7.3,1
WS-HIST-0864,Геологоразведочная партия,8,4,512,17,3,0,1,0,1,9.0,1
WS-HIST-0865,Отдел кадров и делопроизводства,4,4,240,10,2,0,0,0,1,1.8,0
WS-HIST-0866,Логистика и материально-техническое снабжение,8,4,120,10,1,0,0,1,2,1.8,0
WS-HIST-0867,Логистика и материально-техническое снабжение,8,2,500,5,3,0,0,0,2,1.7,0
WS-HIST-0868,Логистика и материально-техническое снабжение,16,4,500,9,2,0,0,0,3,0.8,0
WS-HIST-0869,Юридический департамент,4,2,120,6,2,0,0,1,3,6.4,1
WS-HIST-0870,Отдел кадров и делопроизводства,4,6,500,10,3,1,0,1,5,7.1,1
WS-HIST-0871,Логистика и материально-техническое снабжение,8,2,240,10,2,0,0,0,4,3.1,1
WS-HIST-0872,Управление информационных технологий,4,2,120,11,3,0,0,1,3,6.8,1
WS-HIST-0873,Бухгалтерия и финансовый контроль,8,6,240,9,4,1,0,0,2,1.2,0
WS-HIST-0874,Служба главного механика,32,8,512,9,1,0,0,1,1,0.8,0
WS-HIST-0875,Управление информационных технологий,4,2,240,6,3,0,0,1,4,8.7,1
WS-HIST-0876,Бухгалтерия и финансовый контроль,8,6,500,15,3,1,0,0,2,1.9,0
WS-HIST-0877,Бухгалтерия и финансовый контроль,8,2,500,8,1,0,0,1,4,3.1,1
WS-HIST-0878,Управление информационных технологий,8,4,240,16,4,0,0,0,1,0.6,0
WS-HIST-0879,Отдел кадров и делопроизводства,8,2,120,14,1,0,0,0,5,1.3,0
WS-HIST-0880,Служба главного механика,16,4,512,6,1,1,1,0,1,6.8,1
WS-HIST-0881,Логистика и материально-техническое снабжение,8,2,120,12,2,0,0,1,1,1.6,0
WS-HIST-0882,Логистика и материально-техническое снабжение,8,4,64,14,1,1,0,0,1,1.7,0
WS-HIST-0883,Логистика и материально-техническое снабжение,8,4,64,14,1,0,0,1,2,1.2,0
WS-HIST-0884,Юридический департамент,4,2,120,18,2,1,0,1,1,5.8,1
WS-HIST-0885,Управление информационных технологий,16,4,240,16,0,0,0,1,1,1.6,0
WS-HIST-0886,Геологоразведочная партия,32,8,256,5,0,0,1,0,3,1.0,0
WS-HIST-0887,Управление информационных технологий,4,4,64,13,1,0,0,0,2,1.1,0
WS-HIST-0888,Бухгалтерия и финансовый контроль,16,4,120,13,3,0,0,1,2,0.8,0
WS-HIST-0889,Управление информационных технологий,8,6,64,9,2,0,0,0,2,1.7,0
WS-HIST-0890,Бухгалтерия и финансовый контроль,16,4,240,12,1,1,0,1,1,1.1,0
WS-HIST-0891,Юридический департамент,8,2,120,12,3,1,0,1,2,7.8,1
WS-HIST-0892,Отдел кадров и делопроизводства,8,4,120,6,1,0,0,0,2,1.4,0
WS-HIST-0893,Геологоразведочная партия,16,6,512,6,1,0,1,1,3,1.7,0
WS-HIST-0894,Служба главного механика,16,8,256,5,2,0,1,1,2,8.9,1
WS-HIST-0895,Служба главного механика,16,8,256,10,2,0,1,0,2,0.8,0
WS-HIST-0896,Геологоразведочная партия,32,8,1024,7,2,0,1,0,5,5.3,1
WS-HIST-0897,Геологоразведочная партия,16,6,512,16,0,0,1,1,3,5.6,1
WS-HIST-0898,Юридический департамент,4,4,120,10,1,1,0,0,5,4.9,1
WS-HIST-0899,Бухгалтерия и финансовый контроль,4,2,500,7,2,1,0,1,2,7.0,1
WS-HIST-0900,Логистика и материально-техническое снабжение,4,2,64,9,4,0,0,0,2,2.9,1
WS-HIST-0901,Управление информационных технологий,4,2,240,9,2,0,0,0,1,1.8,0
WS-HIST-0902,Отдел кадров и делопроизводства,4,4,240,11,1,0,0,0,2,1.2,0
WS-HIST-0903,Отдел кадров и делопроизводства,8,6,120,9,2,0,0,1,1,8.6,1
WS-HIST-0904,Геологоразведочная партия,16,12,256,15,3,0,1,0,4,6.0,1
WS-HIST-0905,Юридический департамент,8,4,500,12,1,1,0,1,2,1.4,0
WS-HIST-0906,Юридический департамент,4,4,240,11,0,1,0,1,3,5.8,1
WS-HIST-0907,Управление информационных технологий,4,4,120,11,1,0,0,1,3,1.5,0
WS-HIST-0908,Бухгалтерия и финансовый контроль,8,2,120,9,2,0,0,1,2,8.7,1
WS-HIST-0909,Бухгалтерия и финансовый контроль,4,4,500,13,1,1,0,1,2,5.9,1
WS-HIST-0910,Управление информационных технологий,4,6,240,10,4,0,0,1,1,8.4,1
WS-HIST-0911,Юридический департамент,8,6,500,9,2,1,0,0,2,1.4,0
WS-HIST-0912,Служба главного механика,16,8,512,10,2,0,0,1,1,1.7,0
WS-HIST-0913,Отдел кадров и делопроизводства,16,4,64,8,3,0,0,1,4,1.0,0
WS-HIST-0914,Управление информационных технологий,8,2,240,11,1,1,0,0,2,1.5,0
WS-HIST-0915,Управление информационных технологий,8,4,120,6,4,0,0,0,1,1.6,0
WS-HIST-0916,Служба главного механика,16,6,256,9,0,0,1,1,3,1.1,0
WS-HIST-0917,Геологоразведочная партия,16,8,256,6,2,1,0,1,2,1.4,0
WS-HIST-0918,Служба главного механика,16,8,256,10,4,0,1,1,2,5.1,1
WS-HIST-0919,Отдел кадров и делопроизводства,4,2,240,10,2,0,0,0,2,3.9,1
WS-HIST-0920,Бухгалтерия и финансовый контроль,8,4,120,10,4,1,0,0,1,2.0,0
WS-HIST-0921,Служба главного механика,16,6,256,12,1,0,1,1,3,6.3,1
WS-HIST-0922,Бухгалтерия и финансовый контроль,16,6,120,10,2,1,0,1,1,1.3,0
WS-HIST-0923,Геологоразведочная партия,16,6,512,8,4,0,1,0,1,6.3,1
WS-HIST-0924,Управление информационных технологий,8,4,120,9,4,0,0,1,2,1.5,0
WS-HIST-0925,Управление информационных технологий,8,2,64,16,1,0,0,1,2,0.9,0
WS-HIST-0926,Геологоразведочная партия,16,4,256,6,1,0,1,0,2,7.2,1
WS-HIST-0927,Геологоразведочная партия,16,6,256,8,3,0,0,1,2,0.8,0
WS-HIST-0928,Геологоразведочная партия,16,6,512,12,2,0,1,0,3,1.8,0
WS-HIST-0929,Служба главного механика,16,12,512,11,3,0,0,1,5,5.4,1
WS-HIST-0930,Геологоразведочная партия,16,8,512,15,0,0,1,0,4,0.7,0
WS-HIST-0931,Геологоразведочная партия,16,8,256,15,3,1,1,0,4,4.1,1
WS-HIST-0932,Отдел кадров и делопроизводства,8,4,240,9,1,1,0,1,2,6.0,1
WS-HIST-0933,Бухгалтерия и финансовый контроль,16,2,64,6,1,0,0,1,2,0.6,0
WS-HIST-0934,Бухгалтерия и финансовый контроль,8,2,64,16,2,1,0,1,2,7.4,1
WS-HIST-0935,Логистика и материально-техническое снабжение,16,2,240,10,4,0,0,0,2,1.1,0
WS-HIST-0936,Отдел кадров и делопроизводства,4,2,240,13,3,0,0,1,4,4.3,1
WS-HIST-0937,Управление информационных технологий,8,2,240,6,0,0,0,0,4,0.8,0
WS-HIST-0938,Служба главного механика,16,6,512,12,1,0,1,0,1,1.4,0
WS-HIST-0939,Отдел кадров и делопроизводства,8,4,64,12,2,0,0,1,3,1.6,0
WS-HIST-0940,Служба главного механика,8,4,256,7,1,0,1,0,1,0.6,0
WS-HIST-0941,Отдел кадров и делопроизводства,8,4,64,11,0,0,0,0,2,1.4,0
WS-HIST-0942,Геологоразведочная партия,16,8,256,8,5,0,1,1,3,4.6,1
WS-HIST-0943,Логистика и материально-техническое снабжение,8,4,120,8,3,0,0,1,2,1.6,0
WS-HIST-0944,Юридический департамент,4,4,240,11,1,1,0,1,1,6.4,1
WS-HIST-0945,Бухгалтерия и финансовый контроль,4,4,240,15,3,1,0,1,5,8.3,1
WS-HIST-0946,Геологоразведочная партия,32,4,512,6,1,0,0,0,1,1.9,0
WS-HIST-0947,Служба главного механика,16,8,512,11,2,0,1,1,3,8.5,1
WS-HIST-0948,Геологоразведочная партия,8,12,256,9,0,0,1,1,1,1.8,0
WS-HIST-0949,Логистика и материально-техническое снабжение,8,4,120,14,2,1,0,1,2,1.9,0
WS-HIST-0950,Геологоразведочная партия,8,8,512,10,2,0,0,1,1,1.2,0
WS-HIST-0951,Бухгалтерия и финансовый контроль,8,4,64,9,2,1,0,0,3,1.1,0
WS-HIST-0952,Служба главного механика,16,8,256,13,3,1,1,0,2,9.4,1
WS-HIST-0953,Бухгалтерия и финансовый контроль,8,4,120,8,2,1,0,1,3,3.1,1
WS-HIST-0954,Управление информационных технологий,8,4,500,8,2,1,0,1,5,4.5,1
WS-HIST-0955,Логистика и материально-техническое снабжение,4,2,120,11,4,0,0,0,2,1.5,0
WS-HIST-0956,Юридический департамент,8,6,64,12,2,1,0,1,1,8.2,1
WS-HIST-0957,Геологоразведочная партия,16,8,512,10,1,0,0,0,3,1.6,0
WS-HIST-0958,Отдел кадров и делопроизводства,8,2,120,7,1,0,0,0,1,1.3,0
WS-HIST-0959,Бухгалтерия и финансовый контроль,8,2,240,14,2,1,0,0,2,7.3,1
WS-HIST-0960,Бухгалтерия и финансовый контроль,4,6,240,16,2,1,0,1,1,7.0,1
WS-HIST-0961,Служба главного механика,16,12,512,15,5,0,1,1,2,7.0,1
WS-HIST-0962,Логистика и материально-техническое снабжение,16,4,240,7,2,0,0,1,2,1.3,0
WS-HIST-0963,Отдел кадров и делопроизводства,8,4,120,9,2,0,0,1,1,1.5,0
WS-HIST-0964,Логистика и материально-техническое снабжение,8,2,240,10,0,0,0,0,1,1.3,0
WS-HIST-0965,Логистика и материально-техническое снабжение,16,4,500,10,4,0,0,1,1,1.6,0
WS-HIST-0966,Бухгалтерия и финансовый контроль,8,2,64,7,1,1,0,1,1,8.2,1
WS-HIST-0967,Геологоразведочная партия,16,6,512,12,3,0,1,1,4,9.8,1
WS-HIST-0968,Логистика и материально-техническое снабжение,8,4,240,15,0,0,0,1,3,1.4,0
WS-HIST-0969,Логистика и материально-техническое снабжение,4,2,120,8,2,0,0,0,2,8.2,1
WS-HIST-0970,Отдел кадров и делопроизводства,16,4,120,16,5,1,0,0,1,3.4,1
WS-HIST-0971,Управление информационных технологий,8,4,120,8,1,1,0,0,3,0.5,0
WS-HIST-0972,Управление информационных технологий,8,2,240,5,1,1,0,0,2,1.0,0
WS-HIST-0973,Геологоразведочная партия,16,6,512,11,2,0,1,0,4,1.2,0
WS-HIST-0974,Геологоразведочная партия,16,6,256,12,1,0,1,1,2,1.6,0
WS-HIST-0975,Юридический департамент,4,4,120,10,2,1,0,1,4,2.9,1
WS-HIST-0976,Отдел кадров и делопроизводства,8,4,500,12,2,0,0,1,1,0.5,0
WS-HIST-0977,Служба главного механика,16,6,512,7,3,0,0,1,3,1.5,0
WS-HIST-0978,Отдел кадров и делопроизводства,16,2,120,7,1,0,0,0,2,1.7,0
WS-HIST-0979,Управление информационных технологий,4,2,64,9,0,0,0,0,1,0.7,0
WS-HIST-0980,Логистика и материально-техническое снабжение,8,6,120,4,2,0,0,0,2,1.9,0
WS-HIST-0981,Служба главного механика,16,6,512,8,2,1,1,0,2,0.5,0
WS-HIST-0982,Логистика и материально-техническое снабжение,16,4,500,9,0,0,0,0,1,1.1,0
WS-HIST-0983,Бухгалтерия и финансовый контроль,4,4,120,12,1,1,0,1,4,2.7,1
WS-HIST-0984,Геологоразведочная партия,8,6,512,9,1,0,1,1,1,10.1,1
WS-HIST-0985,Отдел кадров и делопроизводства,8,4,120,8,1,0,0,0,5,1.9,0
WS-HIST-0986,Управление информационных технологий,16,2,120,13,1,0,0,0,1,1.8,0
WS-HIST-0987,Бухгалтерия и финансовый контроль,16,4,240,8,2,0,0,1,2,1.7,0
WS-HIST-0988,Бухгалтерия и финансовый контроль,8,2,240,7,2,1,0,1,2,7.9,1
WS-HIST-0989,Служба главного механика,32,12,1024,12,1,0,1,0,1,0.6,0
WS-HIST-0990,Управление информационных технологий,8,6,500,7,3,0,0,1,2,1.4,0
WS-HIST-0991,Бухгалтерия и финансовый контроль,4,6,240,9,2,1,0,1,3,3.4,1
WS-HIST-0992,Логистика и материально-техническое снабжение,16,4,64,12,1,0,0,1,4,0.6,0
WS-HIST-0993,Бухгалтерия и финансовый контроль,4,4,500,10,1,1,0,0,2,6.1,1
WS-HIST-0994,Бухгалтерия и финансовый контроль,8,4,500,17,3,1,0,1,3,9.0,1
WS-HIST-0995,Служба главного механика,16,6,256,8,5,1,0,0,5,8.8,1
WS-HIST-0996,Управление информационных технологий,4,2,500,10,2,0,0,0,2,1.2,0
WS-HIST-0997,Логистика и материально-техническое снабжение,8,4,240,7,0,0,0,1,2,1.6,0
WS-HIST-0998,Логистика и материально-техническое снабжение,8,2,64,9,3,1,0,1,1,7.2,1
WS-HIST-0999,Отдел кадров и делопроизводства,8,4,120,10,2,0,0,1,4,1.4,0
WS-HIST-1000,Логистика и материально-техническое снабжение,8,4,240,11,2,0,0,0,1,1.3,0
WS-HIST-1001,Управление информационных технологий,8,4,120,9,2,1,0,0,2,0.6,0
WS-HIST-1002,Служба главного механика,16,6,512,11,1,0,1,1,2,1.4,0
WS-HIST-1003,Управление информационных технологий,8,4,120,11,2,0,0,0,2,1.0,0
WS-HIST-1004,Бухгалтерия и финансовый контроль,4,2,120,10,4,1,0,1,5,7.8,1
WS-HIST-1005,Служба главного механика,16,6,512,7,3,0,1,1,4,10.2,1
WS-HIST-1006,Отдел кадров и делопроизводства,8,4,240,15,3,0,0,0,1,1.3,0
WS-HIST-1007,Юридический департамент,8,2,120,11,3,1,0,1,2,7.0,1
WS-HIST-1008,Бухгалтерия и финансовый контроль,8,2,120,10,3,0,0,0,2,1.7,0
WS-HIST-1009,Служба главного механика,16,4,256,12,0,0,0,0,1,1.1,0
WS-HIST-1010,Геологоразведочная партия,16,6,128,8,0,0,1,1,2,1.6,0
WS-HIST-1011,Бухгалтерия и финансовый контроль,8,2,240,11,1,1,0,1,4,1.4,0
WS-HIST-1012,Служба главного механика,8,6,256,11,1,1,0,0,2,1.5,0
WS-HIST-1013,Управление информационных технологий,16,6,120,6,0,1,0,0,1,1.4,0
WS-HIST-1014,Служба главного механика,16,8,512,11,0,1,0,1,1,1.1,0
WS-HIST-1015,Отдел кадров и делопроизводства,4,4,240,11,1,0,0,1,1,1.1,0
WS-HIST-1016,Бухгалтерия и финансовый контроль,4,4,500,8,3,1,0,1,2,5.7,1
WS-HIST-1017,Юридический департамент,8,4,120,16,0,1,0,1,2,0.8,0
WS-HIST-1018,Юридический департамент,8,2,240,10,0,1,0,1,5,7.1,1
WS-HIST-1019,Юридический департамент,8,4,120,8,4,1,0,0,2,1.2,0
WS-HIST-1020,Бухгалтерия и финансовый контроль,8,4,240,10,2,1,0,1,2,0.8,0
WS-HIST-1021,Логистика и материально-техническое снабжение,16,2,120,16,2,0,0,1,5,1.3,0
WS-HIST-1022,Управление информационных технологий,4,6,500,6,0,0,0,1,1,1.1,0
WS-HIST-1023,Служба главного механика,8,6,256,15,1,0,1,1,2,0.7,0
WS-HIST-1024,Управление информационных технологий,8,2,500,10,3,0,0,1,1,0.7,0
WS-HIST-1025,Геологоразведочная партия,16,8,1024,5,1,0,1,0,3,1.3,0
WS-HIST-1026,Бухгалтерия и финансовый контроль,8,4,64,10,4,1,0,1,1,8.4,1
WS-HIST-1027,Логистика и материально-техническое снабжение,4,4,120,11,2,0,0,1,1,1.2,0
WS-HIST-1028,Юридический департамент,16,4,240,11,3,0,0,1,1,1.4,0
WS-HIST-1029,Отдел кадров и делопроизводства,8,4,120,6,3,1,0,1,2,1.0,0
WS-HIST-1030,Логистика и материально-техническое снабжение,8,4,120,9,1,1,0,0,3,0.8,0
WS-HIST-1031,Управление информационных технологий,8,4,240,6,1,1,0,0,1,2.0,0
WS-HIST-1032,Отдел кадров и делопроизводства,4,2,120,6,0,0,0,1,3,3.2,1
WS-HIST-1033,Геологоразведочная партия,16,4,512,7,3,0,1,1,1,9.6,1
WS-HIST-1034,Бухгалтерия и финансовый контроль,8,4,120,12,2,1,0,1,2,1.4,0
WS-HIST-1035,Управление информационных технологий,4,4,240,10,2,0,0,0,1,1.2,0
WS-HIST-1036,Отдел кадров и делопроизводства,8,4,120,9,2,0,0,0,1,1.8,0
WS-HIST-1037,Геологоразведочная партия,16,6,1024,12,1,0,1,1,2,1.5,0
WS-HIST-1038,Служба главного механика,8,8,256,12,2,0,0,0,4,0.6,0
WS-HIST-1039,Бухгалтерия и финансовый контроль,4,4,120,13,3,1,0,1,5,3.4,1
WS-HIST-1040,Логистика и материально-техническое снабжение,4,2,120,9,0,1,0,1,2,6.7,1
WS-HIST-1041,Отдел кадров и делопроизводства,8,4,120,9,2,0,0,1,2,0.6,0
WS-HIST-1042,Служба главного механика,16,8,256,11,5,0,1,1,3,5.8,1
WS-HIST-1043,Геологоразведочная партия,16,6,128,12,3,1,0,1,2,1.2,0
WS-HIST-1044,Отдел кадров и делопроизводства,4,6,120,9,1,0,0,1,2,7.8,1
WS-HIST-1045,Отдел кадров и делопроизводства,16,4,120,8,3,0,0,0,4,1.8,0
WS-HIST-1046,Геологоразведочная партия,16,6,1024,8,2,0,1,1,3,1.1,0
WS-HIST-1047,Служба главного механика,16,8,256,6,4,0,1,1,2,1.8,0
WS-HIST-1048,Служба главного механика,16,4,512,12,2,0,1,0,1,1.8,0
WS-HIST-1049,Юридический департамент,8,2,500,13,5,1,0,1,1,4.9,1
WS-HIST-1050,Бухгалтерия и финансовый контроль,8,4,120,11,4,1,0,1,2,8.5,1
WS-HIST-1051,Бухгалтерия и финансовый контроль,8,2,120,13,2,1,0,0,3,1.6,0
WS-HIST-1052,Отдел кадров и делопроизводства,8,4,120,11,0,0,0,1,1,1.9,0
WS-HIST-1053,Управление информационных технологий,8,4,240,7,2,0,0,0,1,0.7,0
WS-HIST-1054,Юридический департамент,16,6,500,10,0,1,0,1,5,0.7,0
WS-HIST-1055,Служба главного механика,32,6,256,10,3,0,1,0,2,1.0,0
WS-HIST-1056,Геологоразведочная партия,16,6,1024,9,0,0,0,0,2,1.1,0
WS-HIST-1057,Отдел кадров и делопроизводства,8,2,120,14,3,0,0,0,1,0.9,0
WS-HIST-1058,Отдел кадров и делопроизводства,8,2,120,6,4,0,0,0,1,6.3,1
WS-HIST-1059,Геологоразведочная партия,16,4,1024,8,1,0,1,0,1,1.7,0
WS-HIST-1060,Отдел кадров и делопроизводства,8,4,120,9,2,0,0,0,3,1.7,0
WS-HIST-1061,Служба главного механика,16,6,256,11,4,0,1,0,5,10.0,1
WS-HIST-1062,Отдел кадров и делопроизводства,8,4,64,12,2,0,0,1,4,6.4,1
WS-HIST-1063,Отдел кадров и делопроизводства,8,2,500,13,1,1,0,1,1,1.8,0
WS-HIST-1064,Бухгалтерия и финансовый контроль,4,2,240,9,3,1,0,1,2,3.9,1
WS-HIST-1065,Служба главного механика,32,8,512,8,1,0,1,0,2,1.3,0
WS-HIST-1066,Служба главного механика,16,6,256,20,2,0,1,0,1,1.2,0
WS-HIST-1067,Юридический департамент,4,4,64,10,5,1,0,1,2,5.6,1
WS-HIST-1068,Управление информационных технологий,8,4,120,14,1,0,0,0,3,1.3,0
WS-HIST-1069,Бухгалтерия и финансовый контроль,8,6,240,10,1,1,0,1,1,1.8,0
WS-HIST-1070,Логистика и материально-техническое снабжение,8,4,240,8,1,1,0,1,4,2.8,1
WS-HIST-1071,Геологоразведочная партия,16,6,512,7,2,1,1,0,1,6.8,1
WS-HIST-1072,Геологоразведочная партия,16,6,128,9,2,0,1,1,1,10.0,1
WS-HIST-1073,Служба главного механика,16,12,512,8,3,1,1,1,1,5.2,1
WS-HIST-1074,Служба главного механика,16,4,1024,10,3,0,1,0,4,1.8,0
WS-HIST-1075,Юридический департамент,8,4,64,12,4,1,0,0,1,7.9,1
WS-HIST-1076,Отдел кадров и делопроизводства,4,6,120,12,2,0,0,1,1,7.1,1
WS-HIST-1077,Логистика и материально-техническое снабжение,8,2,120,12,0,0,0,1,1,1.5,0
WS-HIST-1078,Отдел кадров и делопроизводства,4,2,120,16,2,0,0,0,5,7.0,1
WS-HIST-1079,Логистика и материально-техническое снабжение,8,2,240,14,1,0,0,1,4,1.9,0
WS-HIST-1080,Геологоразведочная партия,8,8,1024,7,2,0,0,0,1,1.7,0
WS-HIST-1081,Служба главного механика,16,6,512,6,0,0,1,0,2,0.6,0
WS-HIST-1082,Служба главного механика,16,8,512,13,0,1,0,0,1,0.8,0
WS-HIST-1083,Юридический департамент,4,4,120,12,2,1,0,1,2,6.1,1
WS-HIST-1084,Логистика и материально-техническое снабжение,8,4,120,10,0,0,0,0,1,0.5,0
WS-HIST-1085,Служба главного механика,16,4,256,11,2,0,1,0,4,7.8,1
WS-HIST-1086,Отдел кадров и делопроизводства,4,4,120,8,0,0,0,0,1,0.7,0
WS-HIST-1087,Управление информационных технологий,8,2,240,11,2,0,0,0,2,2.0,0
WS-HIST-1088,Отдел кадров и делопроизводства,4,2,240,16,6,0,0,0,1,2.9,1
WS-HIST-1089,Бухгалтерия и финансовый контроль,8,2,240,11,3,1,0,1,2,8.0,1
WS-HIST-1090,Бухгалтерия и финансовый контроль,4,2,120,13,0,1,0,0,2,8.1,1
WS-HIST-1091,Отдел кадров и делопроизводства,4,2,240,8,3,0,0,0,5,8.0,1
WS-HIST-1092,Отдел кадров и делопроизводства,4,6,120,10,1,0,0,0,2,1.8,0
WS-HIST-1093,Управление информационных технологий,4,4,120,6,0,1,0,1,2,4.8,1
WS-HIST-1094,Служба главного механика,16,12,256,11,2,1,1,1,1,7.3,1
WS-HIST-1095,Отдел кадров и делопроизводства,4,2,120,11,1,0,0,1,3,5.2,1
WS-HIST-1096,Управление информационных технологий,8,4,240,11,2,0,0,1,3,0.8,0
WS-HIST-1097,Бухгалтерия и финансовый контроль,8,2,64,16,0,1,0,1,2,6.1,1
WS-HIST-1098,Отдел кадров и делопроизводства,8,4,240,10,0,1,0,1,4,1.3,0
WS-HIST-1099,Служба главного механика,16,6,256,8,2,0,1,1,1,9.7,1
WS-HIST-1100,Бухгалтерия и финансовый контроль,8,2,120,6,0,1,0,1,3,7.9,1
WS-HIST-1101,Геологоразведочная партия,8,8,128,14,0,0,1,0,2,1.7,0
WS-HIST-1102,Служба главного механика,16,8,256,13,2,0,1,0,1,1.6,0
WS-HIST-1103,Юридический департамент,8,2,500,9,2,0,0,1,2,1.5,0
WS-HIST-1104,Геологоразведочная партия,16,6,1024,7,2,0,0,1,1,0.9,0
WS-HIST-1105,Бухгалтерия и финансовый контроль,4,4,120,14,4,0,0,1,1,3.3,1
WS-HIST-1106,Геологоразведочная партия,8,8,256,8,1,0,1,1,1,0.7,0
WS-HIST-1107,Логистика и материально-техническое снабжение,4,6,120,8,1,0,0,0,4,1.2,0
WS-HIST-1108,Геологоразведочная партия,16,6,512,12,1,1,0,1,4,5.0,1
WS-HIST-1109,Геологоразведочная партия,8,6,256,6,2,0,0,1,1,1.2,0
WS-HIST-1110,Управление информационных технологий,8,2,500,7,1,0,0,0,2,0.6,0
WS-HIST-1111,Отдел кадров и делопроизводства,8,4,240,12,2,1,0,1,3,4.6,1
WS-HIST-1112,Управление информационных технологий,4,2,120,14,0,0,0,0,1,0.7,0
WS-HIST-1113,Логистика и материально-техническое снабжение,4,6,120,8,2,0,0,0,2,0.6,0
WS-HIST-1114,Юридический департамент,4,6,240,9,2,1,0,1,2,6.8,1
WS-HIST-1115,Юридический департамент,8,6,64,6,1,1,0,1,1,1.9,0
WS-HIST-1116,Геологоразведочная партия,16,6,256,14,2,0,1,1,3,4.0,1
WS-HIST-1117,Геологоразведочная партия,8,6,256,10,3,0,1,0,5,7.3,1
WS-HIST-1118,Управление информационных технологий,8,4,120,9,1,0,0,0,1,1.3,0
WS-HIST-1119,Геологоразведочная партия,8,6,128,16,0,0,1,0,2,0.8,0
WS-HIST-1120,Бухгалтерия и финансовый контроль,8,6,500,13,4,1,0,1,3,5.2,1
WS-HIST-1121,Отдел кадров и делопроизводства,8,4,240,4,0,0,0,0,1,0.5,0
WS-HIST-1122,Отдел кадров и делопроизводства,8,2,120,5,1,1,0,1,1,1.3,0
WS-HIST-1123,Отдел кадров и делопроизводства,8,2,120,17,2,0,0,0,1,1.0,0
WS-HIST-1124,Геологоразведочная партия,32,4,512,12,2,0,1,1,1,1.2,0
WS-HIST-1125,Бухгалтерия и финансовый контроль,8,4,500,12,5,0,0,1,4,3.0,1
WS-HIST-1126,Бухгалтерия и финансовый контроль,4,2,120,12,3,1,0,1,2,7.3,1
WS-HIST-1127,Логистика и материально-техническое снабжение,8,4,120,8,3,0,0,0,4,1.2,0
WS-HIST-1128,Бухгалтерия и финансовый контроль,8,4,64,4,2,1,0,1,2,6.5,1
WS-HIST-1129,Отдел кадров и делопроизводства,8,6,240,11,4,1,0,0,2,1.4,0
WS-HIST-1130,Логистика и материально-техническое снабжение,16,4,240,12,3,0,0,0,2,1.1,0
WS-HIST-1131,Управление информационных технологий,8,2,120,9,2,0,0,1,4,8.9,1
WS-HIST-1132,Отдел кадров и делопроизводства,8,2,120,11,2,0,0,1,3,8.8,1
WS-HIST-1133,Бухгалтерия и финансовый контроль,8,4,500,11,1,1,0,1,1,1.2,0
WS-HIST-1134,Логистика и материально-техническое снабжение,8,2,120,12,1,1,0,0,4,3.8,1
WS-HIST-1135,Бухгалтерия и финансовый контроль,16,2,120,13,3,1,0,1,2,6.4,1
WS-HIST-1136,Отдел кадров и делопроизводства,8,4,120,6,1,0,0,1,2,0.8,0
WS-HIST-1137,Управление информационных технологий,16,4,240,11,1,1,0,1,5,1.8,0
WS-HIST-1138,Бухгалтерия и финансовый контроль,8,4,120,11,2,1,0,1,3,5.5,1
WS-HIST-1139,Отдел кадров и делопроизводства,8,6,120,12,2,1,0,0,1,1.2,0
WS-HIST-1140,Служба главного механика,8,8,512,13,1,0,1,1,1,0.9,0
WS-HIST-1141,Служба главного механика,16,4,256,7,1,0,1,0,2,1.0,0
WS-HIST-1142,Бухгалтерия и финансовый контроль,8,6,500,12,1,0,0,1,2,4.8,1
WS-HIST-1143,Служба главного механика,32,4,512,12,4,1,1,1,1,4.4,1
WS-HIST-1144,Бухгалтерия и финансовый контроль,8,4,64,8,2,1,0,1,1,8.6,1
WS-HIST-1145,Юридический департамент,8,6,500,17,1,1,0,1,1,1.6,0
WS-HIST-1146,Служба главного механика,16,6,512,9,2,0,1,0,5,0.9,0
WS-HIST-1147,Геологоразведочная партия,16,8,256,10,2,1,1,0,3,6.7,1
WS-HIST-1148,Отдел кадров и делопроизводства,4,2,64,10,5,0,0,0,1,6.3,1
WS-HIST-1149,Геологоразведочная партия,32,8,512,10,1,0,1,0,4,1.2,0
WS-HIST-1150,Бухгалтерия и финансовый контроль,16,2,120,4,1,1,0,1,2,3.6,1
WS-HIST-1151,Юридический департамент,8,6,64,6,1,1,0,1,2,1.3,0
WS-HIST-1152,Геологоразведочная партия,8,8,512,8,0,0,1,1,1,1.4,0
WS-HIST-1153,Отдел кадров и делопроизводства,8,2,120,11,3,0,0,0,4,1.5,0
WS-HIST-1154,Логистика и материально-техническое снабжение,8,2,120,13,3,0,0,1,5,4.7,1
WS-HIST-1155,Отдел кадров и делопроизводства,8,4,240,10,2,0,0,1,2,1.7,0
WS-HIST-1156,Логистика и материально-техническое снабжение,8,2,240,13,3,0,0,0,1,1.0,0
WS-HIST-1157,Управление информационных технологий,8,6,240,9,3,0,0,1,1,6.8,1
WS-HIST-1158,Геологоразведочная партия,8,6,1024,8,3,0,1,1,3,9.5,1
WS-HIST-1159,Логистика и материально-техническое снабжение,8,4,120,11,3,0,0,0,3,2.7,1
WS-HIST-1160,Бухгалтерия и финансовый контроль,4,4,120,11,3,1,0,1,2,6.8,1
WS-HIST-1161,Служба главного механика,16,6,1024,11,3,1,1,0,2,8.3,1
WS-HIST-1162,Геологоразведочная партия,8,6,256,7,2,0,1,1,2,1.0,0
WS-HIST-1163,Отдел кадров и делопроизводства,4,6,240,8,2,1,0,1,1,5.3,1
WS-HIST-1164,Бухгалтерия и финансовый контроль,8,4,240,11,3,1,0,0,4,0.8,0
WS-HIST-1165,Управление информационных технологий,16,4,120,11,4,0,0,0,2,1.2,0
WS-HIST-1166,Геологоразведочная партия,32,8,512,13,1,1,1,0,1,1.3,0
WS-HIST-1167,Логистика и материально-техническое снабжение,16,2,64,11,1,0,0,0,1,1.2,0
WS-HIST-1168,Служба главного механика,16,4,512,11,3,0,0,1,4,1.8,0
WS-HIST-1169,Геологоразведочная партия,32,8,512,9,2,0,1,1,2,1.9,0
WS-HIST-1170,Управление информационных технологий,16,6,120,7,1,0,0,1,2,1.9,0
WS-HIST-1171,Отдел кадров и делопроизводства,16,4,240,8,3,0,0,0,2,1.3,0
WS-HIST-1172,Юридический департамент,4,2,240,10,3,1,0,0,2,7.4,1
WS-HIST-1173,Бухгалтерия и финансовый контроль,16,4,240,8,1,1,0,1,2,1.7,0
WS-HIST-1174,Логистика и материально-техническое снабжение,4,4,120,9,1,0,0,0,2,1.2,0
WS-HIST-1175,Бухгалтерия и финансовый контроль,8,2,64,12,3,1,0,1,5,5.8,1
WS-HIST-1176,Логистика и материально-техническое снабжение,16,4,240,11,2,0,0,1,1,1.5,0
WS-HIST-1177,Логистика и материально-техническое снабжение,16,2,240,13,3,0,0,1,4,4.6,1
WS-HIST-1178,Управление информационных технологий,4,4,240,10,1,0,0,1,2,1.0,0
WS-HIST-1179,Отдел кадров и делопроизводства,8,6,240,11,1,0,0,0,1,1.7,0
WS-HIST-1180,Бухгалтерия и финансовый контроль,4,4,240,15,1,1,0,1,3,4.1,1
WS-HIST-1181,Бухгалтерия и финансовый контроль,8,4,64,9,1,1,0,0,1,3.1,1
WS-HIST-1182,Служба главного механика,32,6,1024,10,1,0,1,0,1,1.1,0
WS-HIST-1183,Геологоразведочная партия,16,8,128,8,4,0,0,0,5,8.0,1
WS-HIST-1184,Юридический департамент,8,4,120,11,2,1,0,1,2,1.0,0
WS-HIST-1185,Отдел кадров и делопроизводства,4,2,120,14,4,0,0,1,2,4.8,1
WS-HIST-1186,Управление информационных технологий,8,4,240,9,1,0,0,0,3,0.7,0
WS-HIST-1187,Управление информационных технологий,8,4,240,11,3,0,0,0,2,0.5,0
WS-HIST-1188,Управление информационных технологий,4,2,240,9,4,1,0,1,1,5.1,1
WS-HIST-1189,Юридический департамент,16,6,120,15,3,1,0,1,3,3.6,1
WS-HIST-1190,Отдел кадров и делопроизводства,8,2,240,10,0,0,0,1,2,1.8,0
WS-HIST-1191,Бухгалтерия и финансовый контроль,4,4,240,8,2,1,0,1,2,7.2,1
WS-HIST-1192,Геологоразведочная партия,8,12,256,8,2,0,1,0,2,1.0,0
WS-HIST-1193,Бухгалтерия и финансовый контроль,4,2,500,7,3,1,0,0,1,5.3,1
WS-HIST-1194,Геологоразведочная партия,16,6,512,10,3,0,1,1,1,3.8,1
WS-HIST-1195,Бухгалтерия и финансовый контроль,8,6,64,9,2,1,0,0,3,6.3,1
WS-HIST-1196,Юридический департамент,4,2,500,14,1,1,0,1,1,3.1,1
WS-HIST-1197,Служба главного механика,16,12,512,7,1,1,1,0,4,7.3,1
WS-HIST-1198,Служба главного механика,16,6,256,16,2,0,1,0,4,8.8,1
WS-HIST-1199,Геологоразведочная партия,8,6,256,7,0,0,1,0,3,0.5,0
WS-HIST-1200,Бухгалтерия и финансовый контроль,8,2,500,7,3,1,0,1,2,8.5,1
WS-HIST-1201,Логистика и материально-техническое снабжение,16,2,64,12,2,1,0,0,2,5.9,1
WS-HIST-1202,Служба главного механика,16,8,256,16,2,0,1,0,1,0.8,0
WS-HIST-1203,Логистика и материально-техническое снабжение,8,4,64,12,2,0,0,1,3,7.8,1
WS-HIST-1204,Служба главного механика,16,8,256,11,3,0,0,0,1,0.6,0
WS-HIST-1205,Управление информационных технологий,8,2,120,13,3,0,0,1,2,1.7,0
WS-HIST-1206,Логистика и материально-техническое снабжение,8,4,64,8,1,0,0,1,2,1.4,0
WS-HIST-1207,Служба главного механика,16,12,256,8,4,1,1,0,1,10.2,1
WS-HIST-1208,Бухгалтерия и финансовый контроль,8,6,240,12,2,1,0,1,2,0.8,0
WS-HIST-1209,Управление информационных технологий,8,6,240,14,2,0,0,1,2,2.0,0
WS-HIST-1210,Геологоразведочная партия,16,8,128,9,0,1,1,1,1,6.0,1
WS-HIST-1211,Юридический департамент,4,2,240,9,2,0,0,1,4,5.5,1
WS-HIST-1212,Геологоразведочная партия,16,8,256,14,1,0,0,1,1,1.2,0
WS-HIST-1213,Бухгалтерия и финансовый контроль,8,6,240,11,3,1,0,0,2,1.6,0
WS-HIST-1214,Логистика и материально-техническое снабжение,8,6,120,12,5,0,0,0,5,6.4,1
WS-HIST-1215,Служба главного механика,8,6,128,15,4,0,1,1,5,6.9,1
WS-HIST-1216,Юридический департамент,8,6,240,9,0,1,0,1,2,1.1,0
WS-HIST-1217,Логистика и материально-техническое снабжение,8,4,240,11,0,0,0,1,4,1.8,0
WS-HIST-1218,Служба главного механика,32,6,128,7,1,0,0,0,2,1.8,0
WS-HIST-1219,Управление информационных технологий,16,2,120,13,5,0,0,1,2,1.3,0
WS-HIST-1220,Бухгалтерия и финансовый контроль,8,4,240,12,1,1,0,1,1,0.8,0
WS-HIST-1221,Управление информационных технологий,8,4,240,11,3,0,0,1,2,1.2,0
WS-HIST-1222,Бухгалтерия и финансовый контроль,4,4,120,12,2,1,0,1,1,5.5,1
WS-HIST-1223,Логистика и материально-техническое снабжение,4,6,240,6,2,1,0,0,1,3.1,1
WS-HIST-1224,Служба главного механика,16,8,512,13,2,0,1,0,2,1.7,0
WS-HIST-1225,Управление информационных технологий,8,2,120,10,2,0,0,1,2,8.8,1
WS-HIST-1226,Логистика и материально-техническое снабжение,4,2,120,9,1,0,0,0,1,0.9,0
WS-HIST-1227,Бухгалтерия и финансовый контроль,8,2,120,7,3,0,0,1,5,2.7,1
WS-HIST-1228,Геологоразведочная партия,16,8,512,11,2,1,1,1,1,9.4,1
WS-HIST-1229,Юридический департамент,4,2,240,11,1,1,0,1,3,4.8,1
WS-HIST-1230,Служба главного механика,16,6,256,11,4,0,0,0,5,5.3,1
WS-HIST-1231,Отдел кадров и делопроизводства,8,2,64,7,1,0,0,1,1,1.8,0
WS-HIST-1232,Отдел кадров и делопроизводства,8,4,500,8,0,0,0,0,1,1.2,0
WS-HIST-1233,Логистика и материально-техническое снабжение,8,4,500,8,2,0,0,0,1,1.5,0
WS-HIST-1234,Бухгалтерия и финансовый контроль,8,4,240,10,2,1,0,0,1,0.8,0
WS-HIST-1235,Служба главного механика,16,4,512,9,1,0,0,0,2,1.3,0
WS-HIST-1236,Логистика и материально-техническое снабжение,4,2,240,7,2,0,0,0,3,4.1,1
WS-HIST-1237,Юридический департамент,16,2,120,11,2,1,0,1,5,3.1,1
WS-HIST-1238,Геологоразведочная партия,8,6,512,9,1,0,1,1,1,1.4,0
WS-HIST-1239,Служба главного механика,8,6,512,9,4,0,1,0,3,7.1,1
WS-HIST-1240,Юридический департамент,8,4,240,11,3,1,0,1,3,6.7,1
WS-HIST-1241,Юридический департамент,8,4,64,12,2,1,0,1,1,8.2,1
WS-HIST-1242,Геологоразведочная партия,8,8,512,12,1,0,1,1,2,4.8,1
WS-HIST-1243,Служба главного механика,16,12,512,12,4,1,1,1,2,4.3,1
WS-HIST-1244,Логистика и материально-техническое снабжение,4,4,120,9,2,0,0,1,1,5.3,1
WS-HIST-1245,Геологоразведочная партия,16,4,256,9,3,0,1,0,1,1.0,0
WS-HIST-1246,Геологоразведочная партия,16,6,512,5,0,1,1,1,2,8.6,1
WS-HIST-1247,Управление информационных технологий,8,4,120,9,2,0,0,0,3,0.6,0
WS-HIST-1248,Отдел кадров и делопроизводства,4,2,120,15,2,0,0,1,2,3.6,1
WS-HIST-1249,Бухгалтерия и финансовый контроль,8,2,120,10,0,1,0,1,3,8.0,1
WS-HIST-1250,Управление информационных технологий,4,4,500,7,2,0,0,0,3,1.7,0
WS-HIST-1251,Отдел кадров и делопроизводства,16,6,500,5,0,0,0,1,2,1.7,0
WS-HIST-1252,Логистика и материально-техническое снабжение,16,6,120,16,1,0,0,1,4,1.6,0
WS-HIST-1253,Служба главного механика,16,6,256,7,0,0,1,0,1,1.2,0
WS-HIST-1254,Бухгалтерия и финансовый контроль,4,2,240,7,2,1,0,0,3,6.6,1
WS-HIST-1255,Управление информационных технологий,8,4,240,15,1,0,0,0,2,0.9,0
WS-HIST-1256,Логистика и материально-техническое снабжение,8,2,64,13,3,0,0,0,4,6.3,1
WS-HIST-1257,Управление информационных технологий,8,2,120,14,4,0,0,0,2,1.5,0
WS-HIST-1258,Бухгалтерия и финансовый контроль,4,4,240,11,0,1,0,1,3,6.7,1
WS-HIST-1259,Служба главного механика,16,4,256,12,1,0,1,0,2,9.5,1
WS-HIST-1260,Служба главного механика,16,4,128,10,4,0,1,0,3,5.0,1
WS-HIST-1261,Геологоразведочная партия,16,8,256,16,0,0,0,0,1,1.7,0
WS-HIST-1262,Управление информационных технологий,16,2,64,7,1,0,0,0,2,0.8,0
WS-HIST-1263,Юридический департамент,8,6,64,9,1,1,0,1,1,3.6,1
WS-HIST-1264,Логистика и материально-техническое снабжение,8,2,64,11,2,0,0,1,2,4.3,1
WS-HIST-1265,Управление информационных технологий,8,4,240,13,1,0,0,0,2,1.5,0
WS-HIST-1266,Геологоразведочная партия,8,8,1024,12,2,0,1,1,3,7.2,1
WS-HIST-1267,Бухгалтерия и финансовый контроль,8,2,120,8,2,1,0,1,1,8.8,1
WS-HIST-1268,Отдел кадров и делопроизводства,4,2,64,10,3,0,0,1,3,3.8,1
WS-HIST-1269,Бухгалтерия и финансовый контроль,4,6,120,10,2,1,0,1,1,7.3,1
WS-HIST-1270,Юридический департамент,8,4,240,9,1,1,0,1,3,1.2,0
WS-HIST-1271,Отдел кадров и делопроизводства,8,6,500,13,2,0,0,1,2,1.2,0
WS-HIST-1272,Управление информационных технологий,8,2,120,7,2,0,0,1,4,7.5,1
WS-HIST-1273,Отдел кадров и делопроизводства,4,4,240,6,1,0,0,1,4,8.4,1
WS-HIST-1274,Юридический департамент,8,2,120,10,5,1,0,0,1,8.9,1
WS-HIST-1275,Отдел кадров и делопроизводства,8,2,120,6,1,0,0,0,1,0.7,0
WS-HIST-1276,Служба главного механика,8,12,512,8,3,0,1,0,3,4.2,1
WS-HIST-1277,Бухгалтерия и финансовый контроль,16,4,500,6,2,1,0,1,2,7.3,1
WS-HIST-1278,Юридический департамент,16,4,64,11,3,1,0,0,3,8.2,1
WS-HIST-1279,Бухгалтерия и финансовый контроль,4,2,120,8,4,1,0,1,1,5.0,1
WS-HIST-1280,Отдел кадров и делопроизводства,16,4,240,10,0,0,0,1,3,0.6,0
WS-HIST-1281,Логистика и материально-техническое снабжение,4,2,120,15,0,0,0,0,1,1.5,0
WS-HIST-1282,Логистика и материально-техническое снабжение,4,2,240,6,3,1,0,0,2,6.9,1
WS-HIST-1283,Бухгалтерия и финансовый контроль,4,4,240,9,4,1,0,1,1,7.0,1
WS-HIST-1284,Отдел кадров и делопроизводства,16,4,120,8,1,0,0,0,1,1.1,0
WS-HIST-1285,Служба главного механика,16,6,512,7,1,0,1,1,3,5.5,1
WS-HIST-1286,Управление информационных технологий,16,6,120,18,2,0,0,0,2,1.8,0
WS-HIST-1287,Управление информационных технологий,4,4,120,10,2,0,0,1,4,1.4,0
WS-HIST-1288,Бухгалтерия и финансовый контроль,8,2,120,14,2,1,0,1,1,3.4,1
WS-HIST-1289,Юридический департамент,16,4,240,5,0,0,0,1,4,8.0,1
WS-HIST-1290,Логистика и материально-техническое снабжение,8,6,240,12,1,0,0,1,1,0.6,0
WS-HIST-1291,Управление информационных технологий,8,6,500,16,2,0,0,0,2,1.7,0
WS-HIST-1292,Геологоразведочная партия,16,6,512,7,1,0,0,0,2,0.6,0
WS-HIST-1293,Бухгалтерия и финансовый контроль,8,4,120,14,4,1,0,1,2,3.4,1
WS-HIST-1294,Управление информационных технологий,8,6,120,11,4,0,0,0,2,1.7,0
WS-HIST-1295,Бухгалтерия и финансовый контроль,8,4,120,6,2,1,0,1,1,1.5,0
WS-HIST-1296,Юридический департамент,16,4,240,6,1,1,0,1,3,1.7,0
WS-HIST-1297,Служба главного механика,16,4,256,12,2,0,1,0,4,9.0,1
WS-HIST-1298,Бухгалтерия и финансовый контроль,8,6,120,6,1,1,0,0,2,1.3,0
WS-HIST-1299,Отдел кадров и делопроизводства,4,2,64,15,1,0,0,0,2,1.0,0
WS-HIST-1300,Отдел кадров и делопроизводства,16,4,240,10,3,0,0,0,5,0.9,0
WS-HIST-1301,Отдел кадров и делопроизводства,16,4,240,8,3,0,0,0,2,1.1,0
WS-HIST-1302,Отдел кадров и делопроизводства,8,4,240,12,3,0,0,0,3,1.0,0
WS-HIST-1303,Служба главного механика,32,6,512,12,4,0,0,1,1,5.1,1
WS-HIST-1304,Бухгалтерия и финансовый контроль,8,4,240,10,3,1,0,1,3,0.5,0
WS-HIST-1305,Логистика и материально-техническое снабжение,8,4,120,9,2,0,0,0,3,1.7,0
WS-HIST-1306,Бухгалтерия и финансовый контроль,8,6,120,5,0,1,0,1,1,0.6,0
WS-HIST-1307,Отдел кадров и делопроизводства,4,6,120,10,3,0,0,0,2,1.9,0
WS-HIST-1308,Служба главного механика,16,6,512,12,1,0,0,1,1,1.1,0
WS-HIST-1309,Логистика и материально-техническое снабжение,4,2,240,11,2,0,0,1,2,3.5,1
WS-HIST-1310,Служба главного механика,16,12,512,11,1,0,1,0,1,5.8,1
WS-HIST-1311,Юридический департамент,4,4,120,6,1,1,0,1,1,6.7,1
WS-HIST-1312,Логистика и материально-техническое снабжение,4,2,64,10,1,0,0,1,2,6.4,1
WS-HIST-1313,Служба главного механика,16,8,1024,6,1,0,1,1,1,1.6,0
WS-HIST-1314,Геологоразведочная партия,16,6,256,13,1,0,0,1,1,0.9,0
WS-HIST-1315,Управление информационных технологий,8,4,500,13,1,1,0,0,1,2.0,0
WS-HIST-1316,Отдел кадров и делопроизводства,4,4,120,8,3,0,0,0,5,5.4,1
WS-HIST-1317,Служба главного механика,8,6,256,9,3,0,1,0,2,8.4,1
WS-HIST-1318,Бухгалтерия и финансовый контроль,8,4,120,7,1,1,0,1,2,1.8,0
WS-HIST-1319,Служба главного механика,16,6,512,9,2,0,0,0,1,1.0,0
WS-HIST-1320,Отдел кадров и делопроизводства,4,4,240,9,4,0,0,1,2,8.6,1
WS-HIST-1321,Бухгалтерия и финансовый контроль,8,2,240,11,1,1,0,1,1,1.5,0
WS-HIST-1322,Логистика и материально-техническое снабжение,4,4,120,6,2,0,0,0,1,1.1,0
WS-HIST-1323,Геологоразведочная партия,8,8,256,14,2,0,1,0,4,5.9,1
WS-HIST-1324,Служба главного механика,32,6,512,8,3,0,0,0,1,0.9,0
WS-HIST-1325,Юридический департамент,8,6,64,13,4,1,0,0,1,6.0,1
WS-HIST-1326,Геологоразведочная партия,16,6,512,3,2,1,1,1,1,0.9,0
WS-HIST-1327,Бухгалтерия и финансовый контроль,4,4,120,14,2,1,0,1,2,3.3,1
WS-HIST-1328,Управление информационных технологий,16,2,120,8,3,0,0,0,1,1.5,0
WS-HIST-1329,Бухгалтерия и финансовый контроль,8,4,120,13,0,1,0,1,2,1.1,0
WS-HIST-1330,Юридический департамент,16,2,120,15,0,0,0,1,2,1.6,0
WS-HIST-1331,Отдел кадров и делопроизводства,4,2,120,11,3,0,0,0,2,7.8,1
WS-HIST-1332,Служба главного механика,16,6,1024,12,3,1,1,1,2,6.4,1
WS-HIST-1333,Геологоразведочная партия,8,6,1024,8,2,0,1,1,1,1.8,0
WS-HIST-1334,Бухгалтерия и финансовый контроль,8,4,120,7,1,1,0,1,1,0.9,0
WS-HIST-1335,Управление информационных технологий,8,6,240,7,1,1,0,0,1,1.5,0
WS-HIST-1336,Управление информационных технологий,8,4,120,6,1,0,0,0,1,1.0,0
WS-HIST-1337,Логистика и материально-техническое снабжение,8,4,240,15,3,0,0,1,4,0.5,0
WS-HIST-1338,Логистика и материально-техническое снабжение,8,2,64,12,1,0,0,1,4,5.7,1
WS-HIST-1339,Управление информационных технологий,8,2,64,9,2,0,0,1,1,4.8,1
WS-HIST-1340,Юридический департамент,8,2,64,11,3,1,0,0,1,1.1,0
WS-HIST-1341,Служба главного механика,16,8,256,9,3,0,0,0,1,1.3,0
WS-HIST-1342,Управление информационных технологий,8,4,120,7,2,0,0,1,2,1.7,0
WS-HIST-1343,Отдел кадров и делопроизводства,4,4,240,10,3,0,0,1,4,8.1,1
WS-HIST-1344,Отдел кадров и делопроизводства,8,6,120,13,3,0,0,0,1,1.0,0
WS-HIST-1345,Служба главного механика,16,8,512,9,3,0,1,1,5,3.9,1
WS-HIST-1346,Геологоразведочная партия,8,6,512,9,2,0,1,0,2,1.7,0
WS-HIST-1347,Логистика и материально-техническое снабжение,8,4,120,7,0,0,0,0,2,1.9,0
WS-HIST-1348,Геологоразведочная партия,8,12,256,14,2,0,1,0,2,1.2,0
WS-HIST-1349,Логистика и материально-техническое снабжение,4,2,64,14,1,0,0,0,2,1.8,0
WS-HIST-1350,Управление информационных технологий,8,4,120,9,3,0,0,0,2,1.9,0
WS-HIST-1351,Логистика и материально-техническое снабжение,4,2,120,10,0,0,0,1,2,1.3,0
WS-HIST-1352,Геологоразведочная партия,16,6,512,7,1,0,1,0,3,1.8,0
WS-HIST-1353,Логистика и материально-техническое снабжение,4,2,240,10,3,0,0,0,2,1.3,0
WS-HIST-1354,Отдел кадров и делопроизводства,8,4,120,11,2,0,0,0,1,0.6,0
WS-HIST-1355,Геологоразведочная партия,16,8,256,9,1,0,1,1,1,1.7,0
WS-HIST-1356,Юридический департамент,8,4,500,12,3,0,0,1,2,0.6,0
WS-HIST-1357,Служба главного механика,8,8,256,10,4,1,0,0,3,8.5,1
WS-HIST-1358,Юридический департамент,8,6,240,10,2,0,0,1,4,1.5,0
WS-HIST-1359,Управление информационных технологий,4,4,500,10,2,0,0,1,1,1.6,0
WS-HIST-1360,Отдел кадров и делопроизводства,16,6,120,8,2,0,0,1,1,1.2,0
WS-HIST-1361,Геологоразведочная партия,16,6,128,15,0,1,1,0,2,8.5,1
WS-HIST-1362,Бухгалтерия и финансовый контроль,8,2,120,11,5,1,0,1,1,8.4,1
WS-HIST-1363,Служба главного механика,16,6,512,12,1,0,0,0,2,1.0,0
WS-HIST-1364,Логистика и материально-техническое снабжение,8,6,240,8,2,0,0,0,1,1.3,0
WS-HIST-1365,Отдел кадров и делопроизводства,4,4,120,8,0,0,0,0,1,1.5,0
WS-HIST-1366,Логистика и материально-техническое снабжение,16,4,64,13,1,0,0,0,4,1.5,0
WS-HIST-1367,Бухгалтерия и финансовый контроль,8,4,240,11,1,1,0,1,5,2.8,1
WS-HIST-1368,Геологоразведочная партия,16,4,512,10,1,0,1,1,1,0.6,0
WS-HIST-1369,Бухгалтерия и финансовый контроль,4,4,120,6,1,0,0,1,2,1.3,0
WS-HIST-1370,Юридический департамент,4,4,64,15,3,1,0,1,2,6.7,1
WS-HIST-1371,Логистика и материально-техническое снабжение,8,4,240,12,1,0,0,0,2,1.7,0
WS-HIST-1372,Геологоразведочная партия,16,6,256,10,1,1,1,0,2,1.3,0
WS-HIST-1373,Логистика и материально-техническое снабжение,8,4,120,7,1,0,0,1,3,1.4,0
WS-HIST-1374,Бухгалтерия и финансовый контроль,4,4,64,13,3,1,0,0,1,7.7,1
WS-HIST-1375,Бухгалтерия и финансовый контроль,8,2,120,7,0,1,0,1,5,5.1,1
WS-HIST-1376,Бухгалтерия и финансовый контроль,8,4,240,8,0,1,0,0,2,0.9,0
WS-HIST-1377,Управление информационных технологий,8,2,120,7,3,0,0,1,3,6.3,1
WS-HIST-1378,Геологоразведочная партия,16,4,512,9,2,0,1,0,2,0.9,0
WS-HIST-1379,Отдел кадров и делопроизводства,8,2,120,5,2,1,0,0,2,3.6,1
WS-HIST-1380,Служба главного механика,16,6,512,15,1,0,1,1,2,0.7,0
WS-HIST-1381,Управление информационных технологий,4,2,240,9,1,1,0,0,1,4.0,1
WS-HIST-1382,Бухгалтерия и финансовый контроль,8,2,64,12,1,0,0,0,2,1.0,0
WS-HIST-1383,Служба главного механика,32,8,256,11,0,0,1,0,2,1.6,0
WS-HIST-1384,Логистика и материально-техническое снабжение,8,2,240,8,4,0,0,0,1,1.3,0
WS-HIST-1385,Бухгалтерия и финансовый контроль,16,4,500,13,1,1,0,0,1,0.6,0
WS-HIST-1386,Управление информационных технологий,8,2,120,10,2,0,0,0,3,1.9,0
WS-HIST-1387,Отдел кадров и делопроизводства,4,4,64,10,1,0,0,0,2,6.1,1
WS-HIST-1388,Геологоразведочная партия,16,6,512,9,1,0,0,1,3,0.7,0
WS-HIST-1389,Служба главного механика,32,8,512,9,4,0,1,0,2,7.9,1
WS-HIST-1390,Геологоразведочная партия,16,12,1024,13,2,0,1,1,4,8.0,1
WS-HIST-1391,Геологоразведочная партия,16,8,256,13,2,1,0,1,2,1.7,0
WS-HIST-1392,Юридический департамент,16,6,64,12,4,1,0,1,3,6.9,1
WS-HIST-1393,Логистика и материально-техническое снабжение,4,2,240,8,4,1,0,0,1,3.8,1
WS-HIST-1394,Юридический департамент,8,4,64,6,2,1,0,1,4,3.2,1
WS-HIST-1395,Отдел кадров и делопроизводства,8,2,64,11,0,0,0,1,1,1.7,0
WS-HIST-1396,Логистика и материально-техническое снабжение,4,4,64,7,3,0,0,0,1,8.8,1
WS-HIST-1397,Бухгалтерия и финансовый контроль,8,6,64,6,3,1,0,1,1,4.8,1
WS-HIST-1398,Управление информационных технологий,4,4,240,9,1,0,0,0,1,1.0,0
WS-HIST-1399,Управление информационных технологий,16,2,240,8,2,0,0,1,3,7.1,1
WS-HIST-1400,Отдел кадров и делопроизводства,16,2,64,12,0,0,0,1,1,1.9,0
WS-HIST-1401,Отдел кадров и делопроизводства,8,4,120,9,2,0,0,1,4,0.6,0
WS-HIST-1402,Юридический департамент,8,4,120,11,1,1,0,1,3,1.5,0
WS-HIST-1403,Бухгалтерия и финансовый контроль,4,4,120,12,0,0,0,0,1,1.8,0
WS-HIST-1404,Управление информационных технологий,8,4,120,11,2,0,0,1,1,1.9,0
WS-HIST-1405,Служба главного механика,16,12,512,8,2,0,1,0,2,1.1,0
WS-HIST-1406,Логистика и материально-техническое снабжение,4,4,120,9,2,0,0,0,1,4.7,1
WS-HIST-1407,Логистика и материально-техническое снабжение,8,4,240,9,1,0,0,0,1,0.8,0
WS-HIST-1408,Геологоразведочная партия,16,6,256,12,2,0,1,0,1,8.3,1
WS-HIST-1409,Управление информационных технологий,4,4,240,14,3,0,0,0,2,0.7,0
WS-HIST-1410,Юридический департамент,8,4,120,7,1,1,0,1,4,0.8,0
WS-HIST-1411,Отдел кадров и делопроизводства,4,6,120,11,2,0,0,0,3,1.3,0
WS-HIST-1412,Бухгалтерия и финансовый контроль,8,2,120,7,2,1,0,1,2,5.3,1
WS-HIST-1413,Отдел кадров и делопроизводства,4,2,240,9,2,0,0,0,2,2.6,1
WS-HIST-1414,Логистика и материально-техническое снабжение,8,2,500,15,1,0,0,1,1,0.9,0
WS-HIST-1415,Отдел кадров и делопроизводства,16,2,120,11,1,0,0,0,2,0.9,0
WS-HIST-1416,Юридический департамент,8,4,240,8,1,0,0,1,3,1.8,0
WS-HIST-1417,Управление информационных технологий,8,4,120,7,1,0,0,0,3,1.9,0
WS-HIST-1418,Отдел кадров и делопроизводства,4,4,120,7,3,0,0,0,3,6.7,1
WS-HIST-1419,Логистика и материально-техническое снабжение,4,2,120,7,2,0,0,0,1,1.6,0
WS-HIST-1420,Геологоразведочная партия,16,6,256,10,3,1,0,1,2,0.5,0
WS-HIST-1421,Отдел кадров и делопроизводства,8,2,120,5,1,0,0,0,2,1.7,0
WS-HIST-1422,Бухгалтерия и финансовый контроль,4,2,64,10,4,1,0,0,2,8.2,1
WS-HIST-1423,Геологоразведочная партия,8,6,256,7,1,1,1,0,1,1.5,0
WS-HIST-1424,Управление информационных технологий,8,2,240,4,1,0,0,0,2,1.2,0
WS-HIST-1425,Геологоразведочная партия,16,6,256,14,0,0,1,0,2,1.5,0
WS-HIST-1426,Геологоразведочная партия,16,4,512,6,1,0,0,0,3,1.8,0
WS-HIST-1427,Геологоразведочная партия,16,8,256,11,0,0,0,1,1,1.8,0
WS-HIST-1428,Отдел кадров и делопроизводства,4,2,240,8,3,0,0,1,3,6.7,1
WS-HIST-1429,Юридический департамент,8,4,500,10,1,1,0,1,2,0.7,0
WS-HIST-1430,Юридический департамент,8,6,240,11,1,1,0,1,1,1.2,0
WS-HIST-1431,Отдел кадров и делопроизводства,8,2,120,11,1,0,0,0,1,1.7,0
WS-HIST-1432,Управление информационных технологий,8,4,240,11,2,0,0,0,4,0.9,0
WS-HIST-1433,Юридический департамент,4,4,240,10,4,1,0,1,3,2.7,1
WS-HIST-1434,Служба главного механика,16,6,256,7,0,0,1,0,2,0.8,0
WS-HIST-1435,Отдел кадров и делопроизводства,8,4,500,14,2,0,0,1,2,1.7,0
WS-HIST-1436,Служба главного механика,16,6,256,6,2,0,1,1,2,5.9,1
WS-HIST-1437,Юридический департамент,8,6,120,17,1,1,0,1,2,0.5,0
WS-HIST-1438,Отдел кадров и делопроизводства,8,4,240,7,1,0,0,1,1,0.8,0
WS-HIST-1439,Геологоразведочная партия,8,6,256,9,3,0,1,0,1,1.4,0
WS-HIST-1440,Геологоразведочная партия,16,8,1024,7,1,0,1,0,2,0.8,0
WS-HIST-1441,Геологоразведочная партия,8,8,512,8,2,0,1,0,1,1.6,0
WS-HIST-1442,Бухгалтерия и финансовый контроль,8,4,120,15,2,1,0,0,2,0.5,0
WS-HIST-1443,Геологоразведочная партия,8,6,256,7,0,0,1,1,2,1.7,0
WS-HIST-1444,Бухгалтерия и финансовый контроль,16,4,64,9,1,1,0,1,2,1.7,0
WS-HIST-1445,Служба главного механика,16,8,256,10,1,1,1,1,1,9.6,1
WS-HIST-1446,Бухгалтерия и финансовый контроль,4,4,240,9,2,1,0,1,2,8.0,1
WS-HIST-1447,Управление информационных технологий,8,2,240,6,0,0,0,1,1,1.3,0
WS-HIST-1448,Служба главного механика,16,4,256,9,2,0,1,0,2,1.0,0
WS-HIST-1449,Геологоразведочная партия,8,12,256,10,1,0,1,1,5,0.8,0
WS-HIST-1450,Служба главного механика,16,6,256,11,3,0,0,0,1,1.5,0
WS-HIST-1451,Бухгалтерия и финансовый контроль,8,4,64,8,3,1,0,1,1,1.6,0
WS-HIST-1452,Геологоразведочная партия,16,6,256,10,3,0,1,0,1,7.6,1
WS-HIST-1453,Отдел кадров и делопроизводства,8,4,120,11,1,0,0,0,1,0.7,0
WS-HIST-1454,Отдел кадров и делопроизводства,8,4,120,9,1,0,0,0,4,1.5,0
WS-HIST-1455,Юридический департамент,4,4,120,8,2,1,0,0,2,5.5,1
WS-HIST-1456,Служба главного механика,16,6,256,14,1,0,1,1,1,1.8,0
WS-HIST-1457,Служба главного механика,8,4,512,9,1,0,1,0,3,0.9,0
WS-HIST-1458,Бухгалтерия и финансовый контроль,4,4,240,11,4,1,0,1,2,8.8,1
WS-HIST-1459,Бухгалтерия и финансовый контроль,8,4,240,13,2,1,0,1,4,1.1,0
WS-HIST-1460,Управление информационных технологий,4,2,240,13,0,0,0,0,1,1.9,0
WS-HIST-1461,Бухгалтерия и финансовый контроль,4,4,120,10,2,1,0,1,1,6.9,1
WS-HIST-1462,Бухгалтерия и финансовый контроль,16,2,64,9,1,1,0,0,2,0.9,0
WS-HIST-1463,Юридический департамент,8,4,240,10,0,1,0,0,2,1.2,0
WS-HIST-1464,Юридический департамент,8,2,500,12,2,1,0,0,2,6.4,1
WS-HIST-1465,Бухгалтерия и финансовый контроль,4,4,120,12,1,1,0,1,3,2.8,1
WS-HIST-1466,Служба главного механика,32,8,512,10,3,0,1,0,4,8.9,1
WS-HIST-1467,Отдел кадров и делопроизводства,4,2,120,10,0,1,0,1,1,7.7,1
WS-HIST-1468,Юридический департамент,8,4,120,10,3,1,0,0,3,5.0,1
WS-HIST-1469,Геологоразведочная партия,8,8,512,13,3,0,1,1,1,4.4,1
WS-HIST-1470,Логистика и материально-техническое снабжение,8,4,120,9,2,0,0,1,1,1.9,0
WS-HIST-1471,Бухгалтерия и финансовый контроль,8,4,120,8,1,1,0,1,2,1.4,0
WS-HIST-1472,Логистика и материально-техническое снабжение,16,4,120,10,3,0,0,1,2,1.5,0
WS-HIST-1473,Бухгалтерия и финансовый контроль,8,6,64,12,1,0,0,0,1,1.5,0
WS-HIST-1474,Геологоразведочная партия,8,6,256,7,2,0,1,1,1,2.0,0
WS-HIST-1475,Управление информационных технологий,4,4,120,10,2,0,0,0,1,0.9,0
WS-HIST-1476,Геологоразведочная партия,16,6,512,15,1,0,1,1,5,4.0,1
WS-HIST-1477,Юридический департамент,8,4,240,11,3,1,0,1,1,1.2,0
WS-HIST-1478,Управление информационных технологий,16,2,120,9,2,0,0,1,1,4.4,1
WS-HIST-1479,Геологоразведочная партия,16,4,256,12,3,0,1,1,2,1.0,0
WS-HIST-1480,Служба главного механика,8,6,256,16,3,0,1,0,3,1.7,0
WS-HIST-1481,Бухгалтерия и финансовый контроль,16,2,240,11,2,1,0,1,2,6.7,1
WS-HIST-1482,Логистика и материально-техническое снабжение,8,4,120,8,2,0,0,0,2,1.4,0
WS-HIST-1483,Юридический департамент,8,4,240,7,2,1,0,1,2,1.3,0
WS-HIST-1484,Бухгалтерия и финансовый контроль,4,2,240,12,4,1,0,1,1,3.4,1
WS-HIST-1485,Бухгалтерия и финансовый контроль,8,4,240,11,0,1,0,1,1,1.9,0
WS-HIST-1486,Юридический департамент,4,2,64,8,1,1,0,1,3,6.8,1
WS-HIST-1487,Служба главного механика,16,4,1024,8,5,0,0,0,3,6.6,1
WS-HIST-1488,Служба главного механика,16,6,256,12,2,0,0,0,2,1.4,0
WS-HIST-1489,Юридический департамент,4,4,120,9,1,1,0,1,1,7.7,1
WS-HIST-1490,Служба главного механика,16,4,256,13,2,0,1,0,2,0.7,0
WS-HIST-1491,Управление информационных технологий,8,6,120,8,3,0,0,1,4,3.5,1
WS-HIST-1492,Бухгалтерия и финансовый контроль,16,4,120,13,1,1,0,1,1,0.5,0
WS-HIST-1493,Геологоразведочная партия,16,4,512,9,5,0,1,0,5,8.0,1
WS-HIST-1494,Геологоразведочная партия,8,6,512,13,2,0,1,1,1,9.7,1
WS-HIST-1495,Бухгалтерия и финансовый контроль,8,6,500,9,2,1,0,1,3,3.3,1
WS-HIST-1496,Бухгалтерия и финансовый контроль,8,2,64,6,2,1,0,1,1,6.6,1
WS-HIST-1497,Управление информационных технологий,8,4,120,9,2,0,0,1,1,1.9,0
WS-HIST-1498,Логистика и материально-техническое снабжение,16,4,64,6,0,0,0,1,2,1.0,0
WS-HIST-1499,Юридический департамент,8,2,240,11,3,0,0,1,2,0.6,0
WS-HIST-1500,Отдел кадров и делопроизводства,8,6,64,8,1,0,0,1,1,0.6,0
WS-HIST-1501,Бухгалтерия и финансовый контроль,8,2,120,6,1,1,0,1,2,4.2,1
WS-HIST-1502,Служба главного механика,32,4,256,9,2,0,1,0,1,7.7,1
WS-HIST-1503,Бухгалтерия и финансовый контроль,8,2,120,12,2,1,0,1,2,6.8,1
WS-HIST-1504,Геологоразведочная партия,8,12,512,11,3,0,1,0,3,5.9,1
WS-HIST-1505,Логистика и материально-техническое снабжение,4,2,64,12,2,0,0,0,3,2.9,1
WS-HIST-1506,Логистика и материально-техническое снабжение,4,2,64,9,2,0,0,0,1,1.8,0
WS-HIST-1507,Отдел кадров и делопроизводства,8,6,500,10,2,0,0,0,2,1.3,0
WS-HIST-1508,Бухгалтерия и финансовый контроль,8,6,500,6,1,1,0,1,1,1.6,0
WS-HIST-1509,Юридический департамент,8,2,240,10,0,0,0,1,1,0.7,0
WS-HIST-1510,Отдел кадров и делопроизводства,8,4,120,7,1,0,0,1,2,0.9,0
WS-HIST-1511,Служба главного механика,16,8,256,6,1,0,1,0,1,0.7,0
WS-HIST-1512,Бухгалтерия и финансовый контроль,8,2,120,10,0,1,0,1,3,8.1,1
WS-HIST-1513,Отдел кадров и делопроизводства,8,4,240,9,2,0,0,0,3,1.2,0
WS-HIST-1514,Логистика и материально-техническое снабжение,16,4,240,18,2,0,0,1,1,1.0,0
WS-HIST-1515,Отдел кадров и делопроизводства,8,4,240,10,1,0,0,1,3,0.7,0
WS-HIST-1516,Логистика и материально-техническое снабжение,8,4,240,10,1,0,0,1,1,1.1,0
WS-HIST-1517,Логистика и материально-техническое снабжение,8,4,120,9,3,0,0,1,1,1.9,0
WS-HIST-1518,Бухгалтерия и финансовый контроль,8,2,240,7,1,1,0,1,1,1.8,0
WS-HIST-1519,Логистика и материально-техническое снабжение,8,4,240,11,3,0,0,0,1,1.1,0
WS-HIST-1520,Управление информационных технологий,8,2,240,11,2,1,0,1,3,4.1,1
WS-HIST-1521,Служба главного механика,8,6,256,8,2,0,1,1,1,9.0,1
WS-HIST-1522,Служба главного механика,16,6,1024,11,1,0,1,1,2,1.4,0
WS-HIST-1523,Юридический департамент,4,4,500,16,4,1,0,1,2,3.4,1
WS-HIST-1524,Геологоразведочная партия,16,12,512,6,3,0,0,1,3,1.7,0
WS-HIST-1525,Бухгалтерия и финансовый контроль,4,4,500,12,3,1,0,1,4,7.8,1
WS-HIST-1526,Служба главного механика,32,4,1024,12,3,0,1,0,3,4.9,1
WS-HIST-1527,Бухгалтерия и финансовый контроль,4,4,120,10,1,1,0,1,2,5.5,1
WS-HIST-1528,Логистика и материально-техническое снабжение,8,4,120,9,1,1,0,1,4,8.0,1
WS-HIST-1529,Бухгалтерия и финансовый контроль,16,2,120,11,1,1,0,1,1,4.3,1
WS-HIST-1530,Отдел кадров и делопроизводства,8,2,500,11,0,0,0,0,1,1.2,0
WS-HIST-1531,Бухгалтерия и финансовый контроль,4,2,120,6,2,1,0,0,2,4.0,1
WS-HIST-1532,Служба главного механика,32,8,128,11,3,0,1,0,5,6.3,1
WS-HIST-1533,Логистика и материально-техническое снабжение,4,2,120,10,2,0,0,1,4,7.5,1
WS-HIST-1534,Служба главного механика,16,6,256,10,1,0,1,0,2,1.0,0
WS-HIST-1535,Геологоразведочная партия,32,8,256,11,2,1,1,0,3,9.1,1
WS-HIST-1536,Логистика и материально-техническое снабжение,4,2,64,8,4,1,0,0,1,6.6,1
WS-HIST-1537,Бухгалтерия и финансовый контроль,4,2,120,10,2,1,0,0,1,6.6,1
WS-HIST-1538,Служба главного механика,16,8,512,8,1,0,0,1,5,1.6,0
WS-HIST-1539,Бухгалтерия и финансовый контроль,8,2,240,15,1,1,0,1,2,1.2,0
WS-HIST-1540,Управление информационных технологий,8,4,120,11,0,0,0,1,1,1.2,0
WS-HIST-1541,Бухгалтерия и финансовый контроль,8,2,120,12,2,1,0,0,3,1.5,0
WS-HIST-1542,Бухгалтерия и финансовый контроль,8,2,64,10,2,1,0,1,1,7.7,1
WS-HIST-1543,Логистика и материально-техническое снабжение,8,4,120,12,3,0,0,1,2,0.7,0
WS-HIST-1544,Бухгалтерия и финансовый контроль,8,2,64,6,2,1,0,1,1,3.8,1
WS-HIST-1545,Управление информационных технологий,4,2,120,9,0,0,0,1,4,4.3,1
WS-HIST-1546,Логистика и материально-техническое снабжение,16,6,120,9,1,1,0,1,1,1.8,0
WS-HIST-1547,Служба главного механика,16,8,256,8,3,0,0,0,3,1.9,0
WS-HIST-1548,Юридический департамент,8,4,120,8,2,1,0,1,1,1.0,0
WS-HIST-1549,Геологоразведочная партия,16,6,256,15,2,1,1,1,3,7.4,1
WS-HIST-1550,Юридический департамент,4,2,64,11,3,1,0,1,2,7.9,1
WS-HIST-1551,Юридический департамент,8,2,240,13,0,1,0,0,2,1.4,0
WS-HIST-1552,Юридический департамент,8,4,500,10,2,0,0,1,1,1.9,0
WS-HIST-1553,Управление информационных технологий,16,2,240,8,3,0,0,0,2,1.1,0
WS-HIST-1554,Бухгалтерия и финансовый контроль,16,6,500,10,6,1,0,1,2,4.1,1
WS-HIST-1555,Отдел кадров и делопроизводства,8,2,240,9,1,0,0,0,4,1.0,0
WS-HIST-1556,Служба главного механика,16,6,512,14,2,0,1,1,3,8.1,1
WS-HIST-1557,Юридический департамент,16,4,64,6,0,1,0,1,1,7.8,1
WS-HIST-1558,Логистика и материально-техническое снабжение,8,6,120,7,3,0,0,1,5,4.8,1
WS-HIST-1559,Служба главного механика,8,8,256,12,1,0,1,1,4,7.4,1
WS-HIST-1560,Служба главного механика,8,8,1024,14,1,0,0,1,3,0.8,0
WS-HIST-1561,Бухгалтерия и финансовый контроль,16,6,120,7,6,1,0,0,2,6.4,1
WS-HIST-1562,Отдел кадров и делопроизводства,8,2,500,12,0,0,0,0,2,1.9,0
WS-HIST-1563,Юридический департамент,8,2,64,13,0,1,0,1,1,5.4,1
WS-HIST-1564,Юридический департамент,8,2,240,9,1,1,0,1,2,1.4,0
WS-HIST-1565,Служба главного механика,16,6,128,4,0,0,1,0,2,1.2,0
WS-HIST-1566,Управление информационных технологий,8,4,240,7,2,0,0,1,2,0.8,0
WS-HIST-1567,Логистика и материально-техническое снабжение,8,6,120,10,2,0,0,0,3,1.1,0
WS-HIST-1568,Управление информационных технологий,4,4,240,9,2,0,0,0,3,3.1,1
WS-HIST-1569,Бухгалтерия и финансовый контроль,8,4,120,15,3,1,0,1,1,8.4,1
WS-HIST-1570,Геологоразведочная партия,16,4,512,11,1,0,1,0,2,0.7,0
WS-HIST-1571,Логистика и материально-техническое снабжение,4,4,120,12,1,0,0,0,5,3.9,1
WS-HIST-1572,Служба главного механика,16,4,128,8,4,0,0,0,1,1.9,0
WS-HIST-1573,Геологоразведочная партия,16,12,256,7,4,0,0,0,2,1.7,0
WS-HIST-1574,Бухгалтерия и финансовый контроль,16,4,120,7,2,1,0,1,3,0.9,0
WS-HIST-1575,Логистика и материально-техническое снабжение,4,2,240,11,2,0,0,1,1,4.1,1
WS-HIST-1576,Управление информационных технологий,16,4,120,7,2,0,0,0,1,0.6,0
WS-HIST-1577,Геологоразведочная партия,16,8,512,10,3,0,1,0,1,1.2,0
WS-HIST-1578,Юридический департамент,8,6,240,4,2,1,0,1,1,1.6,0
WS-HIST-1579,Логистика и материально-техническое снабжение,8,2,120,11,3,0,0,0,1,0.9,0
WS-HIST-1580,Бухгалтерия и финансовый контроль,16,2,500,11,1,1,0,1,2,1.9,0
WS-HIST-1581,Управление информационных технологий,8,2,240,11,2,0,0,1,1,1.1,0
WS-HIST-1582,Служба главного механика,32,6,512,10,3,0,1,1,1,9.6,1
WS-HIST-1583,Служба главного механика,16,4,256,7,2,0,1,0,2,0.6,0
WS-HIST-1584,Бухгалтерия и финансовый контроль,4,2,240,10,4,1,0,1,3,5.7,1
WS-HIST-1585,Логистика и материально-техническое снабжение,8,2,64,12,1,0,0,1,4,6.3,1
WS-HIST-1586,Логистика и материально-техническое снабжение,16,4,120,11,5,0,0,0,2,7.1,1
WS-HIST-1587,Юридический департамент,8,4,240,10,4,1,0,1,1,4.3,1
WS-HIST-1588,Отдел кадров и делопроизводства,8,4,240,8,1,0,0,0,1,1.5,0
WS-HIST-1589,Отдел кадров и делопроизводства,8,6,240,7,3,0,0,0,1,1.5,0
WS-HIST-1590,Геологоразведочная партия,16,8,256,6,1,0,1,1,2,1.9,0
WS-HIST-1591,Служба главного механика,32,8,512,10,2,0,1,1,1,4.6,1
WS-HIST-1592,Управление информационных технологий,4,6,64,15,1,0,0,1,3,1.5,0
WS-HIST-1593,Отдел кадров и делопроизводства,4,6,240,7,4,0,0,1,1,4.0,1
WS-HIST-1594,Юридический департамент,8,6,120,10,2,1,0,1,1,1.3,0
WS-HIST-1595,Логистика и материально-техническое снабжение,8,4,500,12,3,0,0,0,1,1.4,0
WS-HIST-1596,Бухгалтерия и финансовый контроль,8,4,120,13,3,1,0,1,2,4.3,1
WS-HIST-1597,Логистика и материально-техническое снабжение,8,6,120,11,2,0,0,1,4,3.1,1
WS-HIST-1598,Отдел кадров и делопроизводства,16,2,240,8,2,0,0,1,1,0.6,0
WS-HIST-1599,Бухгалтерия и финансовый контроль,8,4,120,9,5,1,0,1,2,3.7,1
WS-HIST-1600,Юридический департамент,8,4,240,9,2,1,0,1,1,1.4,0
WS-HIST-1601,Геологоразведочная партия,16,8,512,13,2,0,1,1,1,1.1,0
WS-HIST-1602,Служба главного механика,16,6,256,10,4,1,1,0,1,4.0,1
WS-HIST-1603,Служба главного механика,16,4,512,8,1,0,1,0,1,1.3,0
WS-HIST-1604,Бухгалтерия и финансовый контроль,16,2,120,12,2,0,0,0,1,1.8,0
WS-HIST-1605,Логистика и материально-техническое снабжение,8,4,240,14,0,1,0,0,1,0.7,0
WS-HIST-1606,Логистика и материально-техническое снабжение,8,4,120,13,0,0,0,0,1,0.7,0
WS-HIST-1607,Управление информационных технологий,4,6,120,10,2,0,0,0,4,2.8,1
WS-HIST-1608,Бухгалтерия и финансовый контроль,8,2,120,15,1,0,0,1,3,1.0,0
WS-HIST-1609,Логистика и материально-техническое снабжение,16,4,64,8,1,0,0,0,2,1.7,0
WS-HIST-1610,Бухгалтерия и финансовый контроль,8,6,500,11,5,1,0,1,2,2.6,1
WS-HIST-1611,Логистика и материально-техническое снабжение,8,4,120,10,3,0,0,1,1,1.8,0
WS-HIST-1612,Юридический департамент,4,4,120,5,1,1,0,1,1,2.6,1
WS-HIST-1613,Служба главного механика,16,6,256,8,4,0,1,1,3,9.5,1
WS-HIST-1614,Бухгалтерия и финансовый контроль,8,4,120,15,3,0,0,1,1,1.2,0
WS-HIST-1615,Логистика и материально-техническое снабжение,8,6,240,10,1,0,0,0,3,1.2,0
WS-HIST-1616,Служба главного механика,8,12,256,11,3,1,0,1,1,5.5,1
WS-HIST-1617,Юридический департамент,8,4,240,12,2,0,0,1,3,1.1,0
WS-HIST-1618,Служба главного механика,16,12,256,9,2,0,1,1,1,0.9,0
WS-HIST-1619,Юридический департамент,4,2,64,12,4,1,0,1,2,7.2,1
WS-HIST-1620,Отдел кадров и делопроизводства,8,4,500,16,1,0,0,0,3,1.8,0
WS-HIST-1621,Логистика и материально-техническое снабжение,8,4,120,6,1,0,0,1,1,1.4,0
WS-HIST-1622,Логистика и материально-техническое снабжение,8,4,500,6,0,0,0,0,4,1.9,0
WS-HIST-1623,Логистика и материально-техническое снабжение,8,2,240,6,1,0,0,1,3,8.2,1
WS-HIST-1624,Бухгалтерия и финансовый контроль,8,4,240,5,1,1,0,0,1,1.7,0
WS-HIST-1625,Логистика и материально-техническое снабжение,8,4,500,10,3,0,0,1,1,1.1,0
WS-HIST-1626,Бухгалтерия и финансовый контроль,8,2,240,8,3,1,0,1,1,7.9,1
WS-HIST-1627,Бухгалтерия и финансовый контроль,4,2,64,8,3,1,0,1,1,4.5,1
WS-HIST-1628,Бухгалтерия и финансовый контроль,4,2,240,12,3,0,0,1,5,5.5,1
WS-HIST-1629,Бухгалтерия и финансовый контроль,8,4,120,10,3,1,0,1,1,5.1,1
WS-HIST-1630,Служба главного механика,32,12,1024,8,2,1,1,1,1,9.9,1
WS-HIST-1631,Отдел кадров и делопроизводства,4,2,240,10,3,0,0,1,2,3.7,1
WS-HIST-1632,Логистика и материально-техническое снабжение,16,4,64,13,1,1,0,0,3,0.8,0
WS-HIST-1633,Отдел кадров и делопроизводства,16,4,120,12,2,0,0,1,2,1.8,0
WS-HIST-1634,Геологоразведочная партия,16,6,512,9,3,0,1,0,4,4.3,1
WS-HIST-1635,Управление информационных технологий,16,2,500,10,3,0,0,0,3,3.2,1
WS-HIST-1636,Отдел кадров и делопроизводства,4,2,120,9,2,0,0,1,4,8.6,1
WS-HIST-1637,Юридический департамент,8,2,120,10,4,1,0,1,3,5.4,1
WS-HIST-1638,Служба главного механика,8,6,128,9,0,0,1,0,3,0.8,0
WS-HIST-1639,Управление информационных технологий,16,4,240,10,2,1,0,1,2,1.2,0
WS-HIST-1640,Геологоразведочная партия,16,6,256,14,2,0,1,0,2,0.7,0
WS-HIST-1641,Юридический департамент,4,4,240,18,1,1,0,1,1,7.1,1
WS-HIST-1642,Логистика и материально-техническое снабжение,16,2,120,7,0,0,0,1,1,0.5,0
WS-HIST-1643,Геологоразведочная партия,8,8,128,11,0,0,1,1,3,1.8,0
WS-HIST-1644,Управление информационных технологий,8,6,240,7,2,0,0,1,4,2.7,1
WS-HIST-1645,Служба главного механика,16,8,256,6,2,0,0,1,5,1.1,0
WS-HIST-1646,Логистика и материально-техническое снабжение,4,4,240,15,1,1,0,1,2,3.5,1
WS-HIST-1647,Юридический департамент,8,4,64,8,1,0,0,0,4,1.2,0
WS-HIST-1648,Управление информационных технологий,8,4,64,8,2,0,0,0,1,1.0,0
WS-HIST-1649,Служба главного механика,8,6,128,9,3,0,1,1,1,9.9,1
WS-HIST-1650,Юридический департамент,16,4,120,12,1,1,0,1,1,0.6,0
WS-HIST-1651,Отдел кадров и делопроизводства,8,6,120,13,2,0,0,1,2,1.7,0
WS-HIST-1652,Бухгалтерия и финансовый контроль,4,4,500,8,1,1,0,1,3,5.8,1
WS-HIST-1653,Управление информационных технологий,8,6,64,7,2,0,0,1,2,4.2,1
WS-HIST-1654,Управление информационных технологий,8,4,64,8,4,0,0,0,1,1.5,0
WS-HIST-1655,Логистика и материально-техническое снабжение,8,2,120,8,2,0,0,1,2,0.8,0
WS-HIST-1656,Геологоразведочная партия,16,8,256,7,1,0,1,1,1,1.0,0
WS-HIST-1657,Логистика и материально-техническое снабжение,8,2,120,13,1,0,0,1,1,1.5,0
WS-HIST-1658,Юридический департамент,8,6,120,7,2,1,0,1,2,4.2,1
WS-HIST-1659,Геологоразведочная партия,16,8,256,17,1,0,1,1,2,0.7,0
WS-HIST-1660,Геологоразведочная партия,16,6,512,10,1,0,1,0,1,1.2,0
WS-HIST-1661,Отдел кадров и делопроизводства,4,6,240,10,3,0,0,1,2,8.9,1
WS-HIST-1662,Служба главного механика,32,4,512,7,2,0,1,1,3,5.1,1
WS-HIST-1663,Бухгалтерия и финансовый контроль,8,6,240,14,1,1,0,1,5,7.8,1
WS-HIST-1664,Отдел кадров и делопроизводства,8,2,240,10,2,0,0,1,3,8.5,1
WS-HIST-1665,Служба главного механика,16,6,256,5,2,0,1,1,3,6.8,1
WS-HIST-1666,Геологоразведочная партия,16,4,256,10,4,0,1,0,1,1.9,0
WS-HIST-1667,Бухгалтерия и финансовый контроль,8,4,120,9,2,0,0,1,2,1.8,0
WS-HIST-1668,Служба главного механика,8,8,512,14,3,0,1,0,2,1.2,0
WS-HIST-1669,Бухгалтерия и финансовый контроль,8,4,64,10,1,1,0,1,2,6.0,1
WS-HIST-1670,Бухгалтерия и финансовый контроль,8,2,240,6,2,1,0,1,1,2.0,0
WS-HIST-1671,Логистика и материально-техническое снабжение,8,6,64,8,0,0,0,0,1,1.4,0
WS-HIST-1672,Геологоразведочная партия,16,4,512,9,4,0,1,1,5,8.2,1
WS-HIST-1673,Бухгалтерия и финансовый контроль,8,4,120,11,3,0,0,0,3,0.9,0
WS-HIST-1674,Логистика и материально-техническое снабжение,4,4,120,7,1,1,0,1,2,3.6,1
WS-HIST-1675,Бухгалтерия и финансовый контроль,8,4,240,8,1,1,0,1,2,1.2,0
WS-HIST-1676,Юридический департамент,8,2,500,7,2,1,0,1,2,1.5,0
WS-HIST-1677,Логистика и материально-техническое снабжение,4,4,64,11,1,0,0,0,3,1.7,0
WS-HIST-1678,Управление информационных технологий,16,6,240,10,2,0,0,0,5,1.7,0
WS-HIST-1679,Служба главного механика,16,12,256,8,0,0,1,0,2,1.4,0
WS-HIST-1680,Отдел кадров и делопроизводства,4,2,120,13,3,0,0,0,1,1.9,0
WS-HIST-1681,Управление информационных технологий,8,2,240,10,3,1,0,1,2,6.8,1
WS-HIST-1682,Бухгалтерия и финансовый контроль,16,6,240,14,1,1,0,1,1,1.9,0
WS-HIST-1683,Отдел кадров и делопроизводства,16,4,120,7,1,0,0,0,3,0.6,0
WS-HIST-1684,Юридический департамент,8,6,240,7,1,1,0,0,3,1.4,0
WS-HIST-1685,Отдел кадров и делопроизводства,8,2,120,8,2,0,0,0,1,1.5,0
WS-HIST-1686,Логистика и материально-техническое снабжение,8,4,240,13,2,0,0,0,1,1.1,0
WS-HIST-1687,Управление информационных технологий,8,6,64,10,1,1,0,0,1,1.5,0
WS-HIST-1688,Логистика и материально-техническое снабжение,8,2,120,12,2,0,0,0,1,1.5,0
WS-HIST-1689,Служба главного механика,16,6,512,6,2,0,1,1,2,0.9,0
WS-HIST-1690,Бухгалтерия и финансовый контроль,8,6,120,16,3,1,0,1,3,7.1,1
WS-HIST-1691,Отдел кадров и делопроизводства,4,4,240,14,4,1,0,0,4,5.9,1
WS-HIST-1692,Служба главного механика,16,6,512,11,1,1,0,0,2,1.7,0
WS-HIST-1693,Управление информационных технологий,4,2,240,12,1,0,0,0,2,1.4,0
WS-HIST-1694,Отдел кадров и делопроизводства,8,4,120,12,3,0,0,0,2,1.5,0
WS-HIST-1695,Логистика и материально-техническое снабжение,8,2,120,13,1,0,0,0,2,0.8,0
WS-HIST-1696,Бухгалтерия и финансовый контроль,8,4,120,10,2,1,0,1,2,3.7,1
WS-HIST-1697,Управление информационных технологий,8,2,64,6,2,0,0,1,2,8.9,1
WS-HIST-1698,Бухгалтерия и финансовый контроль,4,2,64,11,3,1,0,1,1,8.4,1
WS-HIST-1699,Юридический департамент,4,4,500,9,0,1,0,1,2,8.2,1
WS-HIST-1700,Геологоразведочная партия,16,8,128,11,1,0,1,1,4,5.6,1
WS-HIST-1701,Управление информационных технологий,4,2,120,12,1,0,0,1,4,5.9,1
WS-HIST-1702,Бухгалтерия и финансовый контроль,8,2,240,5,1,0,0,1,1,2.0,0
WS-HIST-1703,Юридический департамент,8,2,120,7,2,0,0,1,5,1.3,0
WS-HIST-1704,Логистика и материально-техническое снабжение,4,2,240,10,1,1,0,1,2,3.9,1
WS-HIST-1705,Геологоразведочная партия,8,4,512,9,1,0,1,1,1,8.9,1
WS-HIST-1706,Служба главного механика,16,4,256,11,3,1,1,1,2,5.0,1
WS-HIST-1707,Логистика и материально-техническое снабжение,4,4,120,6,2,0,0,0,3,8.5,1
WS-HIST-1708,Геологоразведочная партия,32,4,256,6,1,0,1,1,4,8.0,1
WS-HIST-1709,Логистика и материально-техническое снабжение,8,6,120,6,3,0,0,0,2,1.3,0
WS-HIST-1710,Геологоразведочная партия,16,12,128,9,1,0,1,0,2,2.0,0
WS-HIST-1711,Логистика и материально-техническое снабжение,8,4,120,8,0,0,0,1,1,1.1,0
WS-HIST-1712,Служба главного механика,16,4,512,10,1,0,1,0,5,1.3,0
WS-HIST-1713,Логистика и материально-техническое снабжение,8,2,64,12,1,0,0,0,1,1.8,0
WS-HIST-1714,Геологоразведочная партия,8,8,512,9,1,0,1,0,2,1.1,0
WS-HIST-1715,Юридический департамент,4,6,500,6,1,1,0,1,5,7.0,1
WS-HIST-1716,Служба главного механика,32,6,256,16,3,0,1,0,2,1.7,0
WS-HIST-1717,Бухгалтерия и финансовый контроль,8,4,500,8,1,1,0,1,1,1.1,0
WS-HIST-1718,Юридический департамент,4,2,64,8,1,1,0,1,2,8.5,1
WS-HIST-1719,Отдел кадров и делопроизводства,4,2,120,6,3,0,0,0,1,1.2,0
WS-HIST-1720,Логистика и материально-техническое снабжение,4,4,64,11,2,0,0,1,2,3.3,1
WS-HIST-1721,Отдел кадров и делопроизводства,16,2,120,13,1,1,0,1,1,1.1,0
WS-HIST-1722,Отдел кадров и делопроизводства,4,2,120,9,2,0,0,0,1,1.3,0
WS-HIST-1723,Управление информационных технологий,16,4,240,10,3,1,0,1,1,1.5,0
WS-HIST-1724,Отдел кадров и делопроизводства,4,4,120,9,2,0,0,1,2,3.8,1
WS-HIST-1725,Бухгалтерия и финансовый контроль,8,4,64,13,2,1,0,1,1,6.0,1
WS-HIST-1726,Служба главного механика,16,6,256,7,0,0,1,0,1,1.7,0
WS-HIST-1727,Геологоразведочная партия,16,8,512,11,2,0,1,1,1,8.2,1
WS-HIST-1728,Отдел кадров и делопроизводства,8,4,120,14,2,1,0,0,4,1.9,0
WS-HIST-1729,Юридический департамент,4,2,120,15,1,0,0,0,3,2.7,1
WS-HIST-1730,Юридический департамент,16,2,120,12,2,1,0,1,1,7.0,1
WS-HIST-1731,Юридический департамент,8,2,500,5,1,0,0,1,4,4.7,1
WS-HIST-1732,Бухгалтерия и финансовый контроль,4,6,64,11,6,1,0,0,1,5.2,1
WS-HIST-1733,Логистика и материально-техническое снабжение,8,4,240,8,1,0,0,0,2,0.9,0
WS-HIST-1734,Бухгалтерия и финансовый контроль,4,4,240,9,3,1,0,1,2,3.4,1
WS-HIST-1735,Юридический департамент,4,4,64,9,2,1,0,1,2,5.2,1
WS-HIST-1736,Геологоразведочная партия,16,6,512,11,2,0,1,0,3,0.7,0
WS-HIST-1737,Служба главного механика,16,6,256,7,3,0,1,0,1,0.7,0
WS-HIST-1738,Отдел кадров и делопроизводства,16,4,500,9,1,0,0,1,3,1.0,0
WS-HIST-1739,Юридический департамент,4,4,240,9,2,1,0,1,2,6.7,1
WS-HIST-1740,Бухгалтерия и финансовый контроль,8,2,240,10,3,1,0,1,4,7.5,1
WS-HIST-1741,Геологоразведочная партия,16,6,512,9,1,0,1,1,3,8.1,1
WS-HIST-1742,Юридический департамент,8,6,240,8,4,1,0,1,2,8.5,1
WS-HIST-1743,Управление информационных технологий,16,4,120,10,2,0,0,0,1,0.8,0
WS-HIST-1744,Служба главного механика,16,8,512,7,0,1,1,0,4,1.9,0
WS-HIST-1745,Бухгалтерия и финансовый контроль,4,2,240,11,3,1,0,1,4,7.4,1
WS-HIST-1746,Служба главного механика,16,8,512,10,0,0,1,1,3,7.0,1
WS-HIST-1747,Логистика и материально-техническое снабжение,8,6,240,10,2,0,0,0,1,1.3,0
WS-HIST-1748,Управление информационных технологий,4,4,240,8,4,0,0,0,2,2.0,0
WS-HIST-1749,Логистика и материально-техническое снабжение,16,2,64,10,3,0,0,1,4,1.5,0
WS-HIST-1750,Логистика и материально-техническое снабжение,4,4,120,12,1,0,0,0,5,1.3,0
WS-HIST-1751,Логистика и материально-техническое снабжение,4,6,240,15,2,0,0,0,2,0.8,0
WS-HIST-1752,Логистика и материально-техническое снабжение,4,4,120,9,4,0,0,1,2,4.7,1
WS-HIST-1753,Управление информационных технологий,4,2,64,5,3,0,0,0,3,6.8,1
WS-HIST-1754,Бухгалтерия и финансовый контроль,8,2,120,10,1,1,0,1,2,7.3,1
WS-HIST-1755,Юридический департамент,4,4,120,7,2,1,0,0,3,8.5,1
WS-HIST-1756,Юридический департамент,16,2,240,9,1,1,0,1,2,1.8,0
WS-HIST-1757,Управление информационных технологий,16,2,240,7,2,0,0,0,1,1.7,0
WS-HIST-1758,Управление информационных технологий,4,4,120,10,1,0,0,0,2,1.3,0
WS-HIST-1759,Бухгалтерия и финансовый контроль,8,4,120,10,1,1,0,0,2,1.6,0
WS-HIST-1760,Служба главного механика,8,6,256,6,4,0,0,0,2,1.0,0
WS-HIST-1761,Бухгалтерия и финансовый контроль,8,2,240,9,2,1,0,1,3,6.9,1
WS-HIST-1762,Управление информационных технологий,16,4,240,9,0,0,0,0,2,0.6,0
WS-HIST-1763,Отдел кадров и делопроизводства,4,4,240,6,2,0,0,0,3,1.8,0
WS-HIST-1764,Геологоразведочная партия,32,6,1024,8,2,0,0,0,2,1.3,0
WS-HIST-1765,Геологоразведочная партия,8,6,512,6,2,0,1,0,4,0.7,0
WS-HIST-1766,Служба главного механика,8,8,512,8,2,0,1,0,1,0.5,0
WS-HIST-1767,Бухгалтерия и финансовый контроль,8,4,120,8,3,1,0,1,1,1.6,0
WS-HIST-1768,Логистика и материально-техническое снабжение,8,2,120,8,1,0,0,0,2,1.4,0
WS-HIST-1769,Бухгалтерия и финансовый контроль,16,2,120,11,3,1,0,1,1,5.7,1
WS-HIST-1770,Геологоразведочная партия,8,8,256,12,1,0,1,0,1,1.5,0
WS-HIST-1771,Отдел кадров и делопроизводства,8,6,64,13,3,0,0,1,1,1.0,0
WS-HIST-1772,Отдел кадров и делопроизводства,4,2,240,9,1,0,0,0,5,8.9,1
WS-HIST-1773,Управление информационных технологий,8,4,64,18,0,0,0,0,1,1.1,0
WS-HIST-1774,Логистика и материально-техническое снабжение,8,4,240,8,2,0,0,0,1,1.7,0
WS-HIST-1775,Отдел кадров и делопроизводства,8,6,64,6,4,0,0,1,5,3.4,1
WS-HIST-1776,Служба главного механика,16,8,512,10,3,0,1,1,4,7.8,1
WS-HIST-1777,Логистика и материально-техническое снабжение,8,2,120,7,1,0,0,1,1,1.4,0
WS-HIST-1778,Отдел кадров и делопроизводства,8,4,500,9,2,1,0,1,2,1.9,0
WS-HIST-1779,Отдел кадров и делопроизводства,8,2,240,12,2,0,0,1,2,0.6,0
WS-HIST-1780,Отдел кадров и делопроизводства,16,6,240,14,1,0,0,0,3,0.8,0
WS-HIST-1781,Бухгалтерия и финансовый контроль,8,4,120,7,1,1,0,1,2,1.9,0
WS-HIST-1782,Бухгалтерия и финансовый контроль,4,4,64,7,2,1,0,1,1,7.6,1
WS-HIST-1783,Служба главного механика,8,6,256,10,2,0,0,0,3,0.6,0
WS-HIST-1784,Юридический департамент,4,4,240,7,2,1,0,1,1,6.5,1
WS-HIST-1785,Управление информационных технологий,8,4,64,9,1,0,0,1,2,1.9,0
WS-HIST-1786,Служба главного механика,16,6,512,13,2,0,1,1,1,0.5,0
WS-HIST-1787,Бухгалтерия и финансовый контроль,8,2,240,6,4,1,0,1,1,8.2,1
WS-HIST-1788,Управление информационных технологий,16,2,64,7,2,0,0,0,1,1.4,0
WS-HIST-1789,Бухгалтерия и финансовый контроль,4,4,500,13,5,0,0,0,3,5.7,1
WS-HIST-1790,Логистика и материально-техническое снабжение,4,2,120,14,4,0,0,0,2,8.2,1
WS-HIST-1791,Геологоразведочная партия,16,8,256,10,2,0,1,1,2,9.8,1
WS-HIST-1792,Логистика и материально-техническое снабжение,8,4,120,11,1,0,0,0,1,0.8,0
WS-HIST-1793,Логистика и материально-техническое снабжение,16,4,240,11,2,0,0,1,2,2.0,0
WS-HIST-1794,Отдел кадров и делопроизводства,8,6,500,10,3,0,0,1,2,5.7,1
WS-HIST-1795,Логистика и материально-техническое снабжение,4,4,240,16,3,0,0,0,2,1.5,0
WS-HIST-1796,Служба главного механика,16,6,512,10,2,0,1,0,2,1.9,0
WS-HIST-1797,Логистика и материально-техническое снабжение,16,4,240,13,3,0,0,1,1,0.8,0
WS-HIST-1798,Юридический департамент,8,4,120,10,2,1,0,1,1,1.6,0
WS-HIST-1799,Управление информационных технологий,8,6,120,8,2,0,0,0,2,0.7,0
WS-HIST-1800,Юридический департамент,8,6,64,9,2,1,0,1,1,7.0,1
WS-HIST-1801,Геологоразведочная партия,16,6,512,8,1,0,0,0,2,0.9,0
WS-HIST-1802,Геологоразведочная партия,16,6,128,10,1,0,1,0,2,5.5,1
WS-HIST-1803,Отдел кадров и делопроизводства,4,4,240,13,1,0,0,1,1,1.8,0
WS-HIST-1804,Юридический департамент,16,4,240,8,2,0,0,1,1,1.5,0
WS-HIST-1805,Юридический департамент,8,2,120,13,3,1,0,1,1,0.8,0
WS-HIST-1806,Логистика и материально-техническое снабжение,8,2,120,16,2,0,0,1,2,8.4,1
WS-HIST-1807,Бухгалтерия и финансовый контроль,4,2,120,12,3,1,0,1,1,4.2,1
WS-HIST-1808,Служба главного механика,8,6,256,10,3,0,1,0,2,4.5,1
WS-HIST-1809,Логистика и материально-техническое снабжение,4,2,120,16,1,1,0,0,2,7.4,1
WS-HIST-1810,Бухгалтерия и финансовый контроль,4,4,240,10,0,1,0,1,1,2.7,1
WS-HIST-1811,Отдел кадров и делопроизводства,8,2,64,12,1,0,0,1,2,8.4,1
WS-HIST-1812,Бухгалтерия и финансовый контроль,4,4,240,6,0,1,0,1,3,7.1,1
WS-HIST-1813,Бухгалтерия и финансовый контроль,16,4,500,11,2,1,0,0,1,0.9,0
WS-HIST-1814,Геологоразведочная партия,16,8,128,11,1,0,0,0,1,1.8,0
WS-HIST-1815,Служба главного механика,16,6,512,7,2,0,0,0,1,0.8,0
WS-HIST-1816,Отдел кадров и делопроизводства,8,6,64,10,0,0,0,1,1,1.8,0
WS-HIST-1817,Отдел кадров и делопроизводства,8,4,120,12,2,0,0,1,2,1.7,0
WS-HIST-1818,Управление информационных технологий,16,2,240,11,1,0,0,0,3,0.6,0
WS-HIST-1819,Юридический департамент,8,2,240,9,2,1,0,1,4,8.7,1
WS-HIST-1820,Бухгалтерия и финансовый контроль,8,6,500,13,1,1,0,1,1,1.4,0
WS-HIST-1821,Отдел кадров и делопроизводства,8,2,120,12,3,0,0,1,1,1.5,0
WS-HIST-1822,Бухгалтерия и финансовый контроль,4,2,120,9,2,1,0,1,2,8.6,1
WS-HIST-1823,Управление информационных технологий,8,2,240,8,0,0,0,0,1,1.5,0
WS-HIST-1824,Юридический департамент,8,4,500,12,2,1,0,1,3,2.7,1
WS-HIST-1825,Служба главного механика,16,8,256,11,2,0,0,0,2,1.7,0
WS-HIST-1826,Юридический департамент,4,4,240,11,0,1,0,0,2,3.3,1
WS-HIST-1827,Юридический департамент,16,2,120,11,2,1,0,1,1,1.4,0
WS-HIST-1828,Управление информационных технологий,8,4,500,11,1,0,0,1,1,1.9,0
WS-HIST-1829,Логистика и материально-техническое снабжение,8,2,500,5,3,0,0,1,1,7.9,1
WS-HIST-1830,Юридический департамент,4,4,120,4,1,1,0,1,3,7.6,1
WS-HIST-1831,Отдел кадров и делопроизводства,8,4,120,10,2,0,0,1,1,1.0,0
WS-HIST-1832,Служба главного механика,16,4,512,11,1,0,1,1,3,7.2,1
WS-HIST-1833,Управление информационных технологий,8,4,120,9,2,0,0,0,4,1.3,0
WS-HIST-1834,Служба главного механика,8,6,256,7,2,1,1,0,1,2.0,0
WS-HIST-1835,Юридический департамент,4,6,120,8,2,1,0,1,3,7.8,1
WS-HIST-1836,Юридический департамент,4,4,120,7,1,1,0,1,2,5.3,1
WS-HIST-1837,Отдел кадров и делопроизводства,8,2,120,11,0,0,0,1,3,1.9,0
WS-HIST-1838,Служба главного механика,16,4,512,8,1,0,0,0,2,1.1,0
WS-HIST-1839,Служба главного механика,16,4,512,8,1,1,1,1,2,5.1,1
WS-HIST-1840,Бухгалтерия и финансовый контроль,8,6,240,11,1,1,0,1,1,0.5,0
WS-HIST-1841,Отдел кадров и делопроизводства,8,4,64,9,2,1,0,0,2,1.0,0
WS-HIST-1842,Геологоразведочная партия,32,12,1024,9,3,1,1,0,1,1.7,0
WS-HIST-1843,Геологоразведочная партия,32,4,1024,15,2,0,1,0,2,0.7,0
WS-HIST-1844,Отдел кадров и делопроизводства,4,4,120,4,0,0,0,0,2,2.0,0
WS-HIST-1845,Логистика и материально-техническое снабжение,4,2,240,7,1,0,0,0,2,1.9,0
WS-HIST-1846,Бухгалтерия и финансовый контроль,8,4,120,11,3,0,0,0,1,1.4,0
WS-HIST-1847,Бухгалтерия и финансовый контроль,8,2,120,8,5,1,0,0,2,3.5,1
WS-HIST-1848,Управление информационных технологий,8,2,240,9,0,1,0,1,4,7.8,1
WS-HIST-1849,Юридический департамент,8,4,120,12,3,1,0,1,1,8.7,1
WS-HIST-1850,Бухгалтерия и финансовый контроль,8,4,120,13,1,1,0,1,1,1.0,0
WS-HIST-1851,Бухгалтерия и финансовый контроль,16,4,500,7,2,1,0,0,2,1.9,0
WS-HIST-1852,Логистика и материально-техническое снабжение,8,2,64,10,3,0,0,0,3,5.3,1
WS-HIST-1853,Юридический департамент,16,4,240,11,2,1,0,0,2,1.2,0
WS-HIST-1854,Служба главного механика,16,8,256,8,0,0,0,0,1,1.9,0
WS-HIST-1855,Служба главного механика,16,6,512,13,3,0,1,1,2,1.9,0
WS-HIST-1856,Служба главного механика,8,12,512,9,2,1,1,0,4,9.3,1
WS-HIST-1857,Управление информационных технологий,4,2,120,11,2,0,0,0,2,1.2,0
WS-HIST-1858,Служба главного механика,32,8,512,10,2,0,1,0,1,1.4,0
WS-HIST-1859,Логистика и материально-техническое снабжение,8,4,120,13,1,0,0,1,4,1.3,0
WS-HIST-1860,Логистика и материально-техническое снабжение,4,6,120,10,2,0,0,0,2,1.7,0
WS-HIST-1861,Логистика и материально-техническое снабжение,8,2,120,8,2,1,0,1,3,5.8,1
WS-HIST-1862,Служба главного механика,16,8,512,16,3,0,1,1,2,9.1,1
WS-HIST-1863,Геологоразведочная партия,8,4,512,11,2,0,1,1,1,7.5,1
WS-HIST-1864,Юридический департамент,4,4,240,9,1,1,0,1,4,3.7,1
WS-HIST-1865,Отдел кадров и делопроизводства,16,2,120,10,1,0,0,0,2,1.7,0
WS-HIST-1866,Управление информационных технологий,4,6,240,7,1,1,0,0,1,6.6,1
WS-HIST-1867,Управление информационных технологий,8,2,120,11,2,0,0,0,3,1.5,0
WS-HIST-1868,Управление информационных технологий,8,2,120,6,4,1,0,0,4,6.6,1
WS-HIST-1869,Логистика и материально-техническое снабжение,8,4,120,8,2,0,0,0,1,2.0,0
WS-HIST-1870,Юридический департамент,8,4,120,6,0,1,0,1,4,0.8,0
WS-HIST-1871,Управление информационных технологий,8,4,120,7,1,0,0,0,5,0.7,0
WS-HIST-1872,Логистика и материально-техническое снабжение,4,4,240,11,1,0,0,1,1,5.2,1
WS-HIST-1873,Бухгалтерия и финансовый контроль,16,4,120,11,2,1,0,1,2,0.9,0
WS-HIST-1874,Служба главного механика,8,8,512,14,2,0,1,1,3,6.8,1
WS-HIST-1875,Бухгалтерия и финансовый контроль,4,4,240,10,1,1,0,1,1,5.7,1
WS-HIST-1876,Логистика и материально-техническое снабжение,4,4,120,8,4,0,0,1,2,0.9,0
WS-HIST-1877,Отдел кадров и делопроизводства,4,2,240,9,0,0,0,0,1,0.7,0
WS-HIST-1878,Бухгалтерия и финансовый контроль,8,6,240,11,1,1,0,1,1,1.1,0
WS-HIST-1879,Юридический департамент,4,4,64,11,4,1,0,1,1,5.6,1
WS-HIST-1880,Логистика и материально-техническое снабжение,4,6,120,10,2,1,0,0,5,5.3,1
WS-HIST-1881,Служба главного механика,16,8,512,12,1,0,1,0,4,6.6,1
WS-HIST-1882,Бухгалтерия и финансовый контроль,8,2,240,14,1,1,0,0,1,0.8,0
WS-HIST-1883,Бухгалтерия и финансовый контроль,8,2,120,9,3,1,0,1,3,5.1,1
WS-HIST-1884,Бухгалтерия и финансовый контроль,16,6,64,6,2,1,0,1,2,6.7,1
WS-HIST-1885,Служба главного механика,8,8,256,10,0,0,0,0,3,1.7,0
WS-HIST-1886,Служба главного механика,16,4,256,13,2,0,0,0,1,0.9,0
WS-HIST-1887,Бухгалтерия и финансовый контроль,8,4,240,7,1,1,0,1,5,1.8,0
WS-HIST-1888,Бухгалтерия и финансовый контроль,8,4,120,10,3,1,0,1,1,2.9,1
WS-HIST-1889,Управление информационных технологий,8,2,64,9,2,1,0,0,3,4.2,1
WS-HIST-1890,Отдел кадров и делопроизводства,4,4,240,9,1,0,0,0,2,1.8,0
WS-HIST-1891,Управление информационных технологий,8,2,64,10,1,0,0,1,3,4.1,1
WS-HIST-1892,Управление информационных технологий,4,2,240,10,1,0,0,0,1,1.7,0
WS-HIST-1893,Логистика и материально-техническое снабжение,8,6,240,7,1,1,0,1,1,0.8,0
WS-HIST-1894,Юридический департамент,8,4,120,6,2,1,0,1,1,0.7,0
WS-HIST-1895,Юридический департамент,16,6,120,7,1,1,0,0,2,1.8,0
WS-HIST-1896,Отдел кадров и делопроизводства,4,4,120,12,3,1,0,0,5,6.6,1
WS-HIST-1897,Служба главного механика,16,6,512,7,4,1,1,1,2,8.6,1
WS-HIST-1898,Юридический департамент,8,6,120,14,1,1,0,0,1,1.0,0
WS-HIST-1899,Управление информационных технологий,4,4,120,8,3,0,0,1,2,1.4,0
WS-HIST-1900,Геологоразведочная партия,32,8,512,13,2,0,1,0,2,0.9,0
WS-HIST-1901,Логистика и материально-техническое снабжение,8,2,120,7,6,0,0,0,1,1.4,0
WS-HIST-1902,Геологоразведочная партия,16,4,512,11,3,0,1,0,3,1.1,0
WS-HIST-1903,Отдел кадров и делопроизводства,8,2,120,11,4,0,0,1,3,4.6,1
WS-HIST-1904,Служба главного механика,8,8,256,16,0,0,0,1,1,0.9,0
WS-HIST-1905,Геологоразведочная партия,16,8,256,10,0,0,1,1,1,1.2,0
WS-HIST-1906,Отдел кадров и делопроизводства,8,4,120,6,0,0,0,1,3,1.0,0
WS-HIST-1907,Логистика и материально-техническое снабжение,4,6,64,6,1,0,0,1,2,6.0,1
WS-HIST-1908,Управление информационных технологий,8,4,240,9,2,1,0,1,3,3.4,1
WS-HIST-1909,Отдел кадров и делопроизводства,8,6,120,12,0,1,0,0,1,1.7,0
WS-HIST-1910,Управление информационных технологий,4,4,500,12,0,0,0,1,2,1.9,0
WS-HIST-1911,Бухгалтерия и финансовый контроль,4,2,240,7,0,1,0,1,2,6.3,1
WS-HIST-1912,Бухгалтерия и финансовый контроль,4,6,120,12,2,1,0,1,1,6.0,1
WS-HIST-1913,Служба главного механика,16,8,512,16,4,1,0,0,3,1.5,0
WS-HIST-1914,Отдел кадров и делопроизводства,16,4,120,13,1,1,0,0,2,0.7,0
WS-HIST-1915,Служба главного механика,16,4,256,11,4,0,1,0,4,4.3,1
WS-HIST-1916,Управление информационных технологий,4,2,240,11,2,1,0,1,2,7.3,1
WS-HIST-1917,Отдел кадров и делопроизводства,16,4,120,11,3,0,0,0,3,1.6,0
WS-HIST-1918,Отдел кадров и делопроизводства,8,4,120,6,5,0,0,0,1,1.5,0
WS-HIST-1919,Логистика и материально-техническое снабжение,8,4,500,10,3,1,0,0,1,2.8,1
WS-HIST-1920,Логистика и материально-техническое снабжение,4,6,120,12,1,0,0,1,2,1.4,0
WS-HIST-1921,Отдел кадров и делопроизводства,8,2,500,8,4,0,0,0,1,0.6,0
WS-HIST-1922,Служба главного механика,16,4,512,12,2,0,1,0,4,4.9,1
WS-HIST-1923,Геологоразведочная партия,8,12,512,9,2,0,0,0,2,0.7,0
WS-HIST-1924,Отдел кадров и делопроизводства,8,4,240,15,1,0,0,0,1,1.5,0
WS-HIST-1925,Бухгалтерия и финансовый контроль,8,4,120,16,3,1,0,1,1,6.5,1
WS-HIST-1926,Бухгалтерия и финансовый контроль,8,2,120,10,1,1,0,1,2,1.7,0
WS-HIST-1927,Логистика и материально-техническое снабжение,8,4,120,10,2,0,0,1,1,1.7,0
WS-HIST-1928,Служба главного механика,8,8,512,7,1,0,1,1,5,1.6,0
WS-HIST-1929,Отдел кадров и делопроизводства,8,4,240,7,2,0,0,0,2,1.9,0
WS-HIST-1930,Отдел кадров и делопроизводства,8,6,240,13,2,0,0,0,2,1.6,0
WS-HIST-1931,Логистика и материально-техническое снабжение,8,4,240,12,3,0,0,1,3,1.8,0
WS-HIST-1932,Юридический департамент,8,6,64,12,2,1,0,1,1,1.3,0
WS-HIST-1933,Служба главного механика,16,8,256,11,4,1,0,0,2,0.6,0
WS-HIST-1934,Бухгалтерия и финансовый контроль,8,2,500,11,2,1,0,1,2,1.6,0
WS-HIST-1935,Бухгалтерия и финансовый контроль,16,4,240,10,2,0,0,1,2,1.8,0
WS-HIST-1936,Логистика и материально-техническое снабжение,8,6,240,11,3,0,0,1,2,1.4,0
WS-HIST-1937,Логистика и материально-техническое снабжение,8,4,64,7,1,0,0,0,4,1.2,0
WS-HIST-1938,Логистика и материально-техническое снабжение,8,2,120,11,4,0,0,1,2,7.7,1
WS-HIST-1939,Служба главного механика,16,6,128,8,3,0,1,0,1,2.0,0
WS-HIST-1940,Бухгалтерия и финансовый контроль,8,4,64,11,1,1,0,1,1,2.8,1
WS-HIST-1941,Управление информационных технологий,4,4,120,11,5,0,0,1,1,3.2,1
WS-HIST-1942,Логистика и материально-техническое снабжение,8,4,500,5,1,0,0,1,1,1.2,0
WS-HIST-1943,Юридический департамент,8,2,120,6,1,1,0,1,4,8.3,1
WS-HIST-1944,Служба главного механика,16,4,1024,11,3,0,1,0,1,1.6,0
WS-HIST-1945,Логистика и материально-техническое снабжение,8,4,64,12,0,0,0,0,1,1.7,0
WS-HIST-1946,Управление информационных технологий,4,4,120,6,0,0,0,0,4,1.4,0
WS-HIST-1947,Бухгалтерия и финансовый контроль,4,4,120,9,5,0,0,1,1,6.3,1
WS-HIST-1948,Юридический департамент,8,4,120,10,3,1,0,0,4,3.6,1
WS-HIST-1949,Логистика и материально-техническое снабжение,16,4,240,5,1,0,0,0,4,1.4,0
WS-HIST-1950,Служба главного механика,16,6,512,6,1,0,0,0,3,1.4,0
WS-HIST-1951,Бухгалтерия и финансовый контроль,16,6,120,16,2,1,0,1,1,1.1,0
WS-HIST-1952,Бухгалтерия и финансовый контроль,4,4,240,12,3,0,0,1,4,5.3,1
WS-HIST-1953,Управление информационных технологий,8,2,240,7,1,0,0,0,2,0.9,0
WS-HIST-1954,Служба главного механика,16,8,512,10,1,0,0,0,2,1.8,0
WS-HIST-1955,Логистика и материально-техническое снабжение,16,4,120,6,3,0,0,0,1,1.2,0
WS-HIST-1956,Бухгалтерия и финансовый контроль,8,2,64,9,2,1,0,1,1,5.7,1
WS-HIST-1957,Отдел кадров и делопроизводства,8,6,240,17,1,1,0,0,1,0.6,0
WS-HIST-1958,Служба главного механика,16,6,256,8,3,1,1,0,2,6.3,1
WS-HIST-1959,Бухгалтерия и финансовый контроль,4,4,240,8,3,1,0,1,2,3.2,1
WS-HIST-1960,Геологоразведочная партия,32,12,512,5,3,0,1,1,2,5.4,1
WS-HIST-1961,Управление информационных технологий,16,6,64,8,1,0,0,0,2,1.4,0
WS-HIST-1962,Логистика и материально-техническое снабжение,8,6,64,11,3,0,0,0,5,0.7,0
WS-HIST-1963,Управление информационных технологий,8,4,240,8,2,0,0,1,2,1.5,0
WS-HIST-1964,Отдел кадров и делопроизводства,8,2,240,13,2,0,0,1,1,8.9,1
WS-HIST-1965,Бухгалтерия и финансовый контроль,4,2,120,11,2,1,0,1,4,6.2,1
WS-HIST-1966,Логистика и материально-техническое снабжение,8,2,500,13,4,1,0,0,1,4.7,1
WS-HIST-1967,Геологоразведочная партия,16,8,128,9,2,1,0,0,1,1.6,0
WS-HIST-1968,Юридический департамент,8,6,120,11,3,1,0,1,1,3.3,1
WS-HIST-1969,Бухгалтерия и финансовый контроль,8,4,64,19,2,1,0,1,1,4.1,1
WS-HIST-1970,Служба главного механика,32,8,256,9,1,0,1,0,1,0.8,0
WS-HIST-1971,Управление информационных технологий,8,2,120,8,2,1,0,0,2,1.2,0
WS-HIST-1972,Геологоразведочная партия,16,6,256,5,1,0,1,0,1,1.1,0
WS-HIST-1973,Бухгалтерия и финансовый контроль,4,4,500,10,2,1,0,1,2,6.7,1
WS-HIST-1974,Бухгалтерия и финансовый контроль,8,4,120,7,4,1,0,1,5,7.8,1
WS-HIST-1975,Управление информационных технологий,4,4,240,9,0,0,0,1,1,1.9,0
WS-HIST-1976,Бухгалтерия и финансовый контроль,4,4,120,12,3,1,0,1,2,5.9,1
WS-HIST-1977,Логистика и материально-техническое снабжение,8,4,120,12,4,0,0,1,1,1.9,0
WS-HIST-1978,Служба главного механика,16,8,1024,13,1,0,1,0,2,1.0,0
WS-HIST-1979,Управление информационных технологий,16,4,64,9,2,0,0,0,4,1.7,0
WS-HIST-1980,Служба главного механика,8,4,1024,7,0,0,1,0,3,1.6,0
WS-HIST-1981,Отдел кадров и делопроизводства,16,4,64,5,0,0,0,0,2,1.0,0
WS-HIST-1982,Логистика и материально-техническое снабжение,8,4,120,6,0,0,0,0,4,0.8,0
WS-HIST-1983,Бухгалтерия и финансовый контроль,8,4,120,9,1,1,0,1,1,0.5,0
WS-HIST-1984,Геологоразведочная партия,16,6,1024,10,0,0,1,0,2,1.4,0
WS-HIST-1985,Логистика и материально-техническое снабжение,8,2,64,6,2,1,0,0,2,5.4,1
WS-HIST-1986,Бухгалтерия и финансовый контроль,16,2,240,7,2,1,0,0,2,1.5,0
WS-HIST-1987,Геологоразведочная партия,16,8,256,14,3,0,1,1,2,4.6,1
WS-HIST-1988,Отдел кадров и делопроизводства,8,4,120,11,0,0,0,0,2,1.7,0
WS-HIST-1989,Служба главного механика,16,6,1024,9,2,0,0,1,2,1.9,0
WS-HIST-1990,Служба главного механика,16,4,1024,9,3,0,1,1,4,4.0,1
WS-HIST-1991,Бухгалтерия и финансовый контроль,8,4,120,11,4,1,0,1,1,8.8,1
WS-HIST-1992,Юридический департамент,8,4,500,12,3,1,0,0,2,1.7,0
WS-HIST-1993,Отдел кадров и делопроизводства,16,2,120,12,2,0,0,0,4,1.0,0
WS-HIST-1994,Отдел кадров и делопроизводства,8,4,240,16,2,0,0,1,1,1.8,0
WS-HIST-1995,Отдел кадров и делопроизводства,16,2,240,7,1,0,0,0,2,1.0,0
WS-HIST-1996,Юридический департамент,8,4,120,9,0,1,0,1,2,0.8,0
WS-HIST-1997,Управление информационных технологий,4,4,240,5,0,0,0,0,1,1.9,0
WS-HIST-1998,Логистика и материально-техническое снабжение,16,2,240,6,3,0,0,1,1,0.7,0
WS-HIST-1999,Логистика и материально-техническое снабжение,4,6,240,12,0,0,0,0,3,1.5,0
WS-HIST-2000,Юридический департамент,8,6,240,9,3,1,0,1,2,4.9,1
WS-HIST-2001,Управление информационных технологий,4,2,120,10,2,0,0,1,5,4.1,1
WS-HIST-2002,Служба главного механика,16,8,512,7,4,1,0,1,3,3.2,1
WS-HIST-2003,Логистика и материально-техническое снабжение,8,2,240,10,3,0,0,1,2,8.6,1
WS-HIST-2004,Геологоразведочная партия,8,6,512,7,1,1,1,0,4,5.7,1
WS-HIST-2005,Служба главного механика,16,8,256,9,2,0,1,1,1,1.3,0
WS-HIST-2006,Служба главного механика,16,4,256,12,1,1,1,1,2,5.8,1
WS-HIST-2007,Логистика и материально-техническое снабжение,8,4,240,13,1,0,0,1,2,1.5,0
WS-HIST-2008,Бухгалтерия и финансовый контроль,8,2,120,8,2,1,0,1,2,2.8,1
WS-HIST-2009,Управление информационных технологий,8,2,240,11,3,0,0,0,2,8.7,1
WS-HIST-2010,Бухгалтерия и финансовый контроль,8,2,120,12,2,1,0,1,2,0.7,0
WS-HIST-2011,Служба главного механика,16,4,256,8,3,0,1,0,2,0.8,0
WS-HIST-2012,Геологоразведочная партия,8,4,512,10,2,0,1,1,2,6.0,1
WS-HIST-2013,Отдел кадров и делопроизводства,4,4,240,7,1,0,0,0,3,5.8,1
WS-HIST-2014,Логистика и материально-техническое снабжение,16,4,120,5,2,0,0,0,2,0.8,0
WS-HIST-2015,Бухгалтерия и финансовый контроль,4,6,500,8,1,1,0,1,5,5.4,1
WS-HIST-2016,Управление информационных технологий,4,4,64,10,1,0,0,1,1,1.5,0
WS-HIST-2017,Юридический департамент,8,2,64,10,3,1,0,0,2,5.7,1
WS-HIST-2018,Геологоразведочная партия,8,6,512,8,0,0,1,1,2,1.0,0
WS-HIST-2019,Логистика и материально-техническое снабжение,16,4,120,7,2,0,0,0,4,1.6,0
WS-HIST-2020,Служба главного механика,32,8,256,11,0,1,0,1,2,1.2,0
WS-HIST-2021,Геологоразведочная партия,32,6,256,10,5,0,1,1,1,6.2,1
WS-HIST-2022,Юридический департамент,8,4,240,13,1,1,0,1,3,0.5,0
WS-HIST-2023,Отдел кадров и делопроизводства,8,2,64,15,5,0,0,0,1,6.3,1
WS-HIST-2024,Логистика и материально-техническое снабжение,8,4,240,12,5,1,0,0,3,5.7,1
WS-HIST-2025,Служба главного механика,16,8,256,14,1,0,0,0,1,0.5,0
WS-HIST-2026,Логистика и материально-техническое снабжение,8,2,120,3,0,0,0,0,1,0.5,0
WS-HIST-2027,Логистика и материально-техническое снабжение,4,4,120,5,1,0,0,1,1,1.4,0
WS-HIST-2028,Отдел кадров и делопроизводства,8,4,240,11,1,0,0,0,1,0.9,0
WS-HIST-2029,Юридический департамент,8,4,120,9,2,0,0,1,2,0.6,0
WS-HIST-2030,Бухгалтерия и финансовый контроль,8,6,240,10,2,1,0,0,4,1.3,0
WS-HIST-2031,Служба главного механика,8,8,128,10,1,0,1,1,2,4.9,1
WS-HIST-2032,Управление информационных технологий,16,6,500,9,3,0,0,1,2,2.0,0
WS-HIST-2033,Бухгалтерия и финансовый контроль,8,2,120,3,0,1,0,1,4,1.2,0
WS-HIST-2034,Логистика и материально-техническое снабжение,4,2,240,13,1,1,0,1,4,5.0,1
WS-HIST-2035,Служба главного механика,32,4,512,9,1,1,1,1,1,7.3,1
WS-HIST-2036,Геологоразведочная партия,16,6,256,15,2,1,1,1,3,6.7,1
WS-HIST-2037,Служба главного механика,16,8,256,10,0,0,1,0,1,0.9,0
WS-HIST-2038,Управление информационных технологий,8,2,240,8,2,0,0,0,2,1.1,0
WS-HIST-2039,Логистика и материально-техническое снабжение,16,4,64,10,4,0,0,0,2,0.8,0
WS-HIST-2040,Служба главного механика,8,4,512,9,0,0,1,0,2,1.2,0
WS-HIST-2041,Управление информационных технологий,8,4,240,9,3,0,0,0,2,0.8,0
WS-HIST-2042,Юридический департамент,16,2,240,7,2,1,0,1,1,0.8,0
WS-HIST-2043,Служба главного механика,32,8,256,12,2,0,0,0,5,1.0,0
WS-HIST-2044,Управление информационных технологий,8,4,240,7,1,0,0,0,1,1.2,0
WS-HIST-2045,Геологоразведочная партия,16,8,512,7,1,0,0,0,2,1.0,0
WS-HIST-2046,Юридический департамент,4,4,120,6,1,1,0,1,2,3.8,1
WS-HIST-2047,Юридический департамент,8,6,240,8,2,1,0,1,5,8.2,1
WS-HIST-2048,Логистика и материально-техническое снабжение,8,2,64,7,5,1,0,0,1,8.2,1
WS-HIST-2049,Управление информационных технологий,8,2,120,8,0,0,0,1,4,1.5,0
WS-HIST-2050,Служба главного механика,16,6,512,11,3,0,1,1,2,0.8,0
WS-HIST-2051,Управление информационных технологий,4,2,120,8,1,1,0,0,2,4.5,1
WS-HIST-2052,Бухгалтерия и финансовый контроль,4,2,240,16,3,0,0,1,1,7.5,1
WS-HIST-2053,Служба главного механика,16,4,256,8,1,1,0,1,2,1.0,0
WS-HIST-2054,Бухгалтерия и финансовый контроль,16,6,64,11,1,1,0,1,3,2.0,0
WS-HIST-2055,Юридический департамент,8,4,120,9,2,1,0,1,3,4.7,1
WS-HIST-2056,Служба главного механика,16,8,128,8,3,0,1,0,1,0.5,0
WS-HIST-2057,Геологоразведочная партия,8,6,1024,11,1,0,1,0,1,0.9,0
WS-HIST-2058,Управление информационных технологий,8,2,500,7,3,0,0,1,1,2.0,0
WS-HIST-2059,Геологоразведочная партия,16,4,512,12,2,0,1,1,3,4.1,1
WS-HIST-2060,Логистика и материально-техническое снабжение,4,4,240,8,2,0,0,1,1,4.5,1
WS-HIST-2061,Геологоразведочная партия,8,8,512,19,2,0,1,0,1,5.7,1
WS-HIST-2062,Юридический департамент,4,4,64,12,4,1,0,1,5,4.8,1
WS-HIST-2063,Бухгалтерия и финансовый контроль,4,4,120,7,2,1,0,1,5,8.8,1
WS-HIST-2064,Служба главного механика,16,12,512,9,2,1,1,0,4,9.0,1
WS-HIST-2065,Логистика и материально-техническое снабжение,8,2,64,15,1,0,0,1,1,1.5,0
WS-HIST-2066,Логистика и материально-техническое снабжение,4,4,120,9,3,0,0,0,2,0.8,0
WS-HIST-2067,Геологоразведочная партия,16,12,512,9,3,0,0,0,5,6.6,1
WS-HIST-2068,Логистика и материально-техническое снабжение,4,4,120,9,2,0,0,0,1,1.5,0
WS-HIST-2069,Бухгалтерия и финансовый контроль,8,2,64,10,3,1,0,1,2,7.7,1
WS-HIST-2070,Геологоразведочная партия,16,6,256,11,3,0,1,0,3,0.9,0
WS-HIST-2071,Бухгалтерия и финансовый контроль,4,4,64,8,2,1,0,1,1,8.3,1
WS-HIST-2072,Юридический департамент,8,6,240,8,1,1,0,1,2,1.4,0
WS-HIST-2073,Отдел кадров и делопроизводства,8,6,120,14,4,0,0,1,3,7.8,1
WS-HIST-2074,Логистика и материально-техническое снабжение,8,4,64,10,4,1,0,1,3,4.4,1
WS-HIST-2075,Служба главного механика,32,8,256,11,1,0,0,0,5,1.3,0
WS-HIST-2076,Бухгалтерия и финансовый контроль,8,4,120,13,1,1,0,1,2,0.9,0
WS-HIST-2077,Бухгалтерия и финансовый контроль,4,2,240,12,5,1,0,1,3,4.7,1
WS-HIST-2078,Логистика и материально-техническое снабжение,16,4,240,9,1,1,0,0,1,1.3,0
WS-HIST-2079,Отдел кадров и делопроизводства,4,4,120,10,1,0,0,0,2,1.9,0
WS-HIST-2080,Управление информационных технологий,8,6,64,8,2,0,0,1,3,8.5,1
WS-HIST-2081,Геологоразведочная партия,16,6,512,10,2,1,1,1,2,3.9,1
WS-HIST-2082,Служба главного механика,32,4,128,14,3,1,1,1,2,6.1,1
WS-HIST-2083,Управление информационных технологий,8,4,500,10,1,0,0,1,1,0.7,0
WS-HIST-2084,Управление информационных технологий,8,2,64,9,5,0,0,0,5,4.2,1
WS-HIST-2085,Бухгалтерия и финансовый контроль,8,4,120,10,2,1,0,1,2,1.1,0
WS-HIST-2086,Бухгалтерия и финансовый контроль,8,2,120,11,3,1,0,0,1,1.8,0
WS-HIST-2087,Геологоразведочная партия,8,6,256,9,1,0,1,0,1,0.8,0
WS-HIST-2088,Бухгалтерия и финансовый контроль,4,2,120,7,1,1,0,1,2,2.8,1
WS-HIST-2089,Служба главного механика,32,4,1024,5,1,0,1,1,3,1.5,0
WS-HIST-2090,Бухгалтерия и финансовый контроль,8,2,240,10,3,1,0,1,1,8.5,1
WS-HIST-2091,Отдел кадров и делопроизводства,8,4,120,16,0,0,0,0,5,0.7,0
WS-HIST-2092,Служба главного механика,16,8,1024,7,3,0,0,0,1,1.2,0
WS-HIST-2093,Логистика и материально-техническое снабжение,8,6,500,9,1,0,0,0,1,1.3,0
WS-HIST-2094,Управление информационных технологий,4,4,240,10,2,0,0,1,3,4.8,1
WS-HIST-2095,Служба главного механика,8,4,128,10,1,0,0,0,3,1.3,0
WS-HIST-2096,Отдел кадров и делопроизводства,16,6,240,9,2,0,0,0,4,1.1,0
WS-HIST-2097,Геологоразведочная партия,16,4,256,6,1,0,1,0,2,1.1,0
WS-HIST-2098,Логистика и материально-техническое снабжение,8,2,240,6,3,0,0,0,3,0.5,0
WS-HIST-2099,Логистика и материально-техническое снабжение,8,2,240,8,3,0,0,0,2,2.9,1
WS-HIST-2100,Управление информационных технологий,8,4,120,11,3,0,0,0,1,0.9,0
WS-HIST-2101,Бухгалтерия и финансовый контроль,8,4,240,11,2,1,0,0,1,1.9,0
WS-HIST-2102,Юридический департамент,8,2,120,9,5,1,0,1,2,4.6,1
WS-HIST-2103,Бухгалтерия и финансовый контроль,8,2,120,13,2,1,0,1,1,5.1,1
WS-HIST-2104,Управление информационных технологий,8,4,500,10,0,0,0,0,2,1.7,0
WS-HIST-2105,Юридический департамент,4,6,120,13,1,1,0,1,3,6.9,1
WS-HIST-2106,Логистика и материально-техническое снабжение,8,4,500,8,2,0,0,0,1,1.5,0
WS-HIST-2107,Юридический департамент,16,2,120,9,0,1,0,1,2,1.7,0
WS-HIST-2108,Управление информационных технологий,8,2,120,8,0,0,0,1,4,1.7,0
WS-HIST-2109,Бухгалтерия и финансовый контроль,8,4,500,12,0,1,0,1,2,0.8,0
WS-HIST-2110,Логистика и материально-техническое снабжение,8,4,120,12,4,1,0,0,3,5.4,1
WS-HIST-2111,Отдел кадров и делопроизводства,8,2,120,12,4,1,0,1,4,7.4,1
WS-HIST-2112,Управление информационных технологий,16,6,120,6,3,0,0,0,1,0.6,0
WS-HIST-2113,Отдел кадров и делопроизводства,4,2,240,16,1,0,0,0,2,0.9,0
WS-HIST-2114,Служба главного механика,32,4,256,10,1,0,1,0,3,0.9,0
WS-HIST-2115,Отдел кадров и делопроизводства,4,4,500,8,1,0,0,0,3,1.0,0
WS-HIST-2116,Служба главного механика,16,8,512,9,3,0,1,1,1,1.1,0
WS-HIST-2117,Логистика и материально-техническое снабжение,8,2,240,6,1,0,0,0,5,1.3,0
WS-HIST-2118,Отдел кадров и делопроизводства,4,2,120,8,2,1,0,0,5,4.8,1
WS-HIST-2119,Управление информационных технологий,8,2,240,10,5,0,0,1,1,0.5,0
WS-HIST-2120,Служба главного механика,8,12,512,10,2,0,0,1,2,1.6,0
WS-HIST-2121,Служба главного механика,16,4,512,14,3,0,1,1,3,8.0,1
WS-HIST-2122,Геологоразведочная партия,16,6,256,7,4,0,1,1,3,9.2,1
WS-HIST-2123,Юридический департамент,16,4,500,16,0,0,0,0,1,1.9,0
WS-HIST-2124,Отдел кадров и делопроизводства,4,2,240,7,2,0,0,1,5,8.1,1
WS-HIST-2125,Юридический департамент,8,4,64,10,4,1,0,1,5,3.5,1
WS-HIST-2126,Логистика и материально-техническое снабжение,4,6,240,15,1,0,0,0,2,0.7,0
WS-HIST-2127,Логистика и материально-техническое снабжение,4,2,64,8,1,0,0,0,2,8.9,1
WS-HIST-2128,Бухгалтерия и финансовый контроль,4,2,120,7,2,0,0,1,1,1.7,0
WS-HIST-2129,Бухгалтерия и финансовый контроль,8,4,120,13,3,0,0,0,3,1.1,0
WS-HIST-2130,Бухгалтерия и финансовый контроль,4,2,120,11,4,1,0,0,1,7.4,1
WS-HIST-2131,Служба главного механика,16,4,256,15,2,0,1,0,4,5.5,1
WS-HIST-2132,Геологоразведочная партия,16,6,512,10,3,0,1,0,1,5.0,1
WS-HIST-2133,Геологоразведочная партия,8,12,256,10,1,0,1,0,3,0.5,0
WS-HIST-2134,Служба главного механика,16,6,256,7,2,0,1,0,2,0.8,0
WS-HIST-2135,Юридический департамент,8,6,240,10,1,1,0,0,1,1.2,0
WS-HIST-2136,Служба главного механика,32,4,512,11,2,0,1,0,2,1.8,0
WS-HIST-2137,Юридический департамент,8,2,240,15,0,1,0,1,2,1.9,0
WS-HIST-2138,Отдел кадров и делопроизводства,8,2,240,8,3,0,0,0,5,1.6,0
WS-HIST-2139,Геологоразведочная партия,32,6,128,9,1,0,1,1,1,7.5,1
WS-HIST-2140,Управление информационных технологий,16,2,120,9,3,0,0,0,2,0.7,0
WS-HIST-2141,Бухгалтерия и финансовый контроль,8,4,120,9,2,1,0,1,2,6.3,1
WS-HIST-2142,Управление информационных технологий,16,4,120,12,3,0,0,1,2,0.9,0
WS-HIST-2143,Бухгалтерия и финансовый контроль,8,6,120,9,2,1,0,1,1,1.7,0
WS-HIST-2144,Служба главного механика,8,6,1024,11,2,0,1,0,1,1.8,0
WS-HIST-2145,Служба главного механика,16,6,512,8,1,0,1,0,1,1.6,0
WS-HIST-2146,Управление информационных технологий,4,6,500,7,1,0,0,1,1,0.9,0
WS-HIST-2147,Управление информационных технологий,8,2,64,10,0,0,0,1,4,1.3,0
WS-HIST-2148,Управление информационных технологий,8,6,64,9,3,0,0,0,1,0.8,0
WS-HIST-2149,Бухгалтерия и финансовый контроль,4,6,500,9,2,1,0,1,4,4.7,1
WS-HIST-2150,Геологоразведочная партия,16,6,256,7,3,1,0,1,3,1.7,0
WS-HIST-2151,Управление информационных технологий,8,4,120,18,4,0,0,1,4,1.6,0
WS-HIST-2152,Бухгалтерия и финансовый контроль,4,6,120,8,3,1,0,1,1,8.6,1
WS-HIST-2153,Служба главного механика,16,4,512,15,2,0,1,0,1,5.7,1
WS-HIST-2154,Юридический департамент,8,4,240,6,2,1,0,1,1,1.6,0
WS-HIST-2155,Геологоразведочная партия,16,4,256,5,2,0,0,1,1,5.3,1
WS-HIST-2156,Бухгалтерия и финансовый контроль,8,4,64,15,3,1,0,1,4,7.4,1
WS-HIST-2157,Отдел кадров и делопроизводства,4,4,64,11,4,0,0,0,1,8.8,1
WS-HIST-2158,Управление информационных технологий,8,4,240,8,2,0,0,1,2,1.5,0
WS-HIST-2159,Служба главного механика,32,8,512,10,2,0,1,1,3,1.9,0
WS-HIST-2160,Бухгалтерия и финансовый контроль,8,4,64,9,2,0,0,1,4,0.8,0
WS-HIST-2161,Управление информационных технологий,8,4,500,8,4,0,0,0,2,2.0,0
WS-HIST-2162,Логистика и материально-техническое снабжение,8,4,120,9,1,0,0,0,2,1.8,0
WS-HIST-2163,Управление информационных технологий,8,4,64,8,1,0,0,1,1,1.7,0
WS-HIST-2164,Логистика и материально-техническое снабжение,8,6,240,13,1,1,0,1,2,1.3,0
WS-HIST-2165,Служба главного механика,8,6,512,9,0,0,1,1,2,0.9,0
WS-HIST-2166,Бухгалтерия и финансовый контроль,16,2,64,11,0,1,0,1,5,3.1,1
WS-HIST-2167,Геологоразведочная партия,16,4,128,10,4,0,1,1,2,6.6,1
WS-HIST-2168,Бухгалтерия и финансовый контроль,8,2,64,10,3,1,0,1,1,2.6,1
WS-HIST-2169,Отдел кадров и делопроизводства,4,6,240,11,1,0,0,1,1,1.5,0
WS-HIST-2170,Служба главного механика,16,6,512,10,1,0,1,0,1,1.3,0
WS-HIST-2171,Логистика и материально-техническое снабжение,8,2,120,12,2,0,0,0,2,1.5,0
WS-HIST-2172,Логистика и материально-техническое снабжение,8,4,240,15,3,0,0,1,2,1.2,0
WS-HIST-2173,Логистика и материально-техническое снабжение,8,2,120,7,3,0,0,1,2,6.7,1
WS-HIST-2174,Бухгалтерия и финансовый контроль,4,4,240,11,3,1,0,1,2,3.7,1
WS-HIST-2175,Логистика и материально-техническое снабжение,8,2,240,10,1,0,0,0,1,1.6,0
WS-HIST-2176,Геологоразведочная партия,16,8,256,12,4,0,1,0,2,0.6,0
WS-HIST-2177,Служба главного механика,16,6,256,10,2,0,1,0,1,1.1,0
WS-HIST-2178,Управление информационных технологий,8,2,240,7,1,0,0,1,1,1.2,0
WS-HIST-2179,Юридический департамент,8,2,64,12,1,1,0,1,3,9.0,1
WS-HIST-2180,Служба главного механика,16,8,512,10,2,0,0,1,2,1.5,0
WS-HIST-2181,Геологоразведочная партия,16,12,1024,6,0,0,0,0,1,1.9,0
WS-HIST-2182,Бухгалтерия и финансовый контроль,16,2,240,6,2,1,0,1,5,5.3,1
WS-HIST-2183,Геологоразведочная партия,16,6,512,8,5,0,0,1,1,0.6,0
WS-HIST-2184,Служба главного механика,8,6,1024,12,3,0,1,0,2,0.5,0
WS-HIST-2185,Управление информационных технологий,8,2,120,8,1,1,0,1,2,7.8,1
WS-HIST-2186,Управление информационных технологий,8,2,120,10,4,1,0,1,2,3.1,1
WS-HIST-2187,Управление информационных технологий,8,4,240,14,2,1,0,1,1,1.6,0
WS-HIST-2188,Отдел кадров и делопроизводства,16,2,500,17,2,0,0,0,2,1.0,0
WS-HIST-2189,Служба главного механика,32,8,512,10,2,1,1,0,2,9.2,1
WS-HIST-2190,Геологоразведочная партия,16,12,512,13,0,0,0,0,2,1.8,0
WS-HIST-2191,Служба главного механика,32,6,512,13,4,0,1,0,1,5.1,1
WS-HIST-2192,Бухгалтерия и финансовый контроль,4,2,240,10,2,1,0,0,1,6.4,1
WS-HIST-2193,Служба главного механика,16,6,256,8,1,0,0,1,1,0.7,0
WS-HIST-2194,Служба главного механика,16,6,256,9,2,0,0,1,5,1.7,0
WS-HIST-2195,Бухгалтерия и финансовый контроль,4,4,120,9,0,1,0,1,4,5.5,1
WS-HIST-2196,Бухгалтерия и финансовый контроль,4,4,120,10,2,1,0,1,2,4.7,1
WS-HIST-2197,Логистика и материально-техническое снабжение,8,6,120,10,3,0,0,1,3,1.7,0
WS-HIST-2198,Юридический департамент,8,4,64,10,3,1,0,1,2,1.6,0
WS-HIST-2199,Управление информационных технологий,16,2,120,11,2,1,0,0,2,1.8,0
WS-HIST-2200,Управление информационных технологий,8,4,120,12,2,0,0,1,1,6.3,1
WS-HIST-2201,Геологоразведочная партия,16,6,512,13,2,0,0,1,1,0.9,0
WS-HIST-2202,Геологоразведочная партия,8,8,512,16,2,0,1,0,1,0.8,0
WS-HIST-2203,Отдел кадров и делопроизводства,4,6,240,8,3,0,0,0,3,3.7,1
WS-HIST-2204,Управление информационных технологий,8,2,120,8,4,0,0,0,3,4.8,1
WS-HIST-2205,Геологоразведочная партия,16,4,512,6,0,0,1,0,1,1.1,0
WS-HIST-2206,Юридический департамент,8,4,64,8,5,1,0,0,5,7.7,1
WS-HIST-2207,Логистика и материально-техническое снабжение,4,4,120,13,0,0,0,0,2,0.8,0
WS-HIST-2208,Юридический департамент,8,2,64,10,1,0,0,1,2,0.5,0
WS-HIST-2209,Логистика и материально-техническое снабжение,8,4,120,9,0,1,0,1,1,1.4,0
WS-HIST-2210,Логистика и материально-техническое снабжение,8,4,240,10,1,0,0,0,1,1.1,0
WS-HIST-2211,Бухгалтерия и финансовый контроль,8,2,120,10,3,0,0,1,2,0.7,0
WS-HIST-2212,Бухгалтерия и финансовый контроль,16,4,120,7,3,1,0,1,2,1.8,0
WS-HIST-2213,Служба главного механика,8,8,256,7,2,0,0,1,3,1.4,0
WS-HIST-2214,Логистика и материально-техническое снабжение,4,2,120,11,2,0,0,1,2,8.6,1
WS-HIST-2215,Бухгалтерия и финансовый контроль,4,4,240,8,2,1,0,1,3,7.9,1
WS-HIST-2216,Бухгалтерия и финансовый контроль,16,4,500,8,5,1,0,0,2,8.0,1
WS-HIST-2217,Бухгалтерия и финансовый контроль,8,2,240,8,1,1,0,1,2,1.1,0
WS-HIST-2218,Геологоразведочная партия,32,4,512,12,2,0,1,1,1,1.1,0
WS-HIST-2219,Логистика и материально-техническое снабжение,16,4,500,10,0,1,0,0,2,0.8,0
WS-HIST-2220,Логистика и материально-техническое снабжение,4,4,120,11,1,0,0,0,4,2.0,0
WS-HIST-2221,Управление информационных технологий,4,4,120,9,3,1,0,0,1,2.5,1
WS-HIST-2222,Логистика и материально-техническое снабжение,8,2,240,10,3,0,0,1,2,0.9,0
WS-HIST-2223,Служба главного механика,16,12,1024,10,0,1,1,0,4,0.6,0
WS-HIST-2224,Юридический департамент,8,4,240,13,3,1,0,1,3,2.7,1
WS-HIST-2225,Геологоразведочная партия,16,4,256,6,3,0,1,1,3,8.1,1
WS-HIST-2226,Бухгалтерия и финансовый контроль,4,4,120,8,1,1,0,1,1,5.9,1
WS-HIST-2227,Отдел кадров и делопроизводства,16,4,500,10,2,0,0,0,2,1.3,0
WS-HIST-2228,Бухгалтерия и финансовый контроль,8,2,240,11,2,1,0,1,3,4.2,1
WS-HIST-2229,Логистика и материально-техническое снабжение,8,4,120,9,0,0,0,0,2,1.0,0
WS-HIST-2230,Юридический департамент,8,4,120,8,3,1,0,1,2,1.2,0
WS-HIST-2231,Бухгалтерия и финансовый контроль,16,4,120,11,3,1,0,1,4,7.2,1
WS-HIST-2232,Служба главного механика,16,4,512,14,2,1,1,1,2,0.9,0
WS-HIST-2233,Логистика и материально-техническое снабжение,4,6,120,11,2,0,0,0,4,1.5,0
WS-HIST-2234,Логистика и материально-техническое снабжение,4,2,64,9,2,0,0,0,3,7.8,1
WS-HIST-2235,Юридический департамент,16,4,120,9,2,1,0,1,2,0.7,0
WS-HIST-2236,Юридический департамент,8,4,240,8,2,0,0,0,4,1.1,0
WS-HIST-2237,Управление информационных технологий,8,2,240,11,1,0,0,0,4,0.6,0
WS-HIST-2238,Логистика и материально-техническое снабжение,8,4,240,6,1,0,0,1,2,0.6,0
WS-HIST-2239,Геологоразведочная партия,8,8,512,9,4,1,1,0,5,5.1,1
WS-HIST-2240,Управление информационных технологий,8,4,240,8,0,0,0,0,1,1.4,0
WS-HIST-2241,Служба главного механика,8,8,512,8,0,1,0,0,1,0.5,0
WS-HIST-2242,Юридический департамент,4,2,120,6,1,1,0,0,2,4.1,1
WS-HIST-2243,Геологоразведочная партия,16,8,512,14,0,0,1,0,1,1.2,0
WS-HIST-2244,Геологоразведочная партия,16,6,256,6,1,0,1,1,2,0.7,0
WS-HIST-2245,Отдел кадров и делопроизводства,8,4,120,13,1,0,0,0,5,1.9,0
WS-HIST-2246,Геологоразведочная партия,16,4,256,10,2,1,1,1,1,8.5,1
WS-HIST-2247,Бухгалтерия и финансовый контроль,4,2,120,11,2,1,0,1,1,4.2,1
WS-HIST-2248,Логистика и материально-техническое снабжение,8,2,240,8,1,0,0,1,1,1.0,0
WS-HIST-2249,Служба главного механика,8,8,1024,11,4,0,1,1,3,5.2,1
WS-HIST-2250,Отдел кадров и делопроизводства,8,6,64,11,1,0,0,0,2,1.9,0
WS-HIST-2251,Геологоразведочная партия,16,8,512,10,1,0,1,0,2,0.8,0
WS-HIST-2252,Бухгалтерия и финансовый контроль,8,2,120,14,3,1,0,0,5,2.9,1
WS-HIST-2253,Геологоразведочная партия,8,4,512,14,1,0,0,0,5,0.5,0
WS-HIST-2254,Юридический департамент,8,2,500,9,0,1,0,1,1,1.2,0
WS-HIST-2255,Бухгалтерия и финансовый контроль,8,2,500,5,2,1,0,1,1,1.5,0
WS-HIST-2256,Служба главного механика,32,8,1024,8,3,0,1,1,2,0.8,0
WS-HIST-2257,Бухгалтерия и финансовый контроль,4,2,64,9,2,1,0,1,3,7.9,1
WS-HIST-2258,Бухгалтерия и финансовый контроль,8,2,500,9,2,1,0,1,2,4.0,1
WS-HIST-2259,Служба главного механика,16,4,256,12,4,0,1,1,2,10.2,1
WS-HIST-2260,Бухгалтерия и финансовый контроль,8,4,120,11,3,1,0,1,1,5.9,1
WS-HIST-2261,Юридический департамент,8,4,120,8,2,0,0,1,2,1.1,0
WS-HIST-2262,Бухгалтерия и финансовый контроль,8,4,120,10,1,1,0,1,1,0.8,0
WS-HIST-2263,Служба главного механика,8,8,256,13,0,0,0,1,1,1.8,0
WS-HIST-2264,Бухгалтерия и финансовый контроль,8,2,120,8,1,1,0,1,3,1.7,0
WS-HIST-2265,Управление информационных технологий,8,4,120,7,0,0,0,0,4,1.3,0
WS-HIST-2266,Юридический департамент,4,4,240,12,2,1,0,1,2,5.7,1
WS-HIST-2267,Логистика и материально-техническое снабжение,4,2,500,13,3,0,0,1,2,0.7,0
WS-HIST-2268,Управление информационных технологий,8,4,240,13,1,0,0,0,2,1.5,0
WS-HIST-2269,Служба главного механика,16,8,256,10,2,0,1,0,2,1.5,0
WS-HIST-2270,Геологоразведочная партия,16,6,512,8,2,0,0,0,3,0.5,0
WS-HIST-2271,Юридический департамент,8,6,120,6,0,0,0,1,2,1.8,0
WS-HIST-2272,Служба главного механика,16,4,1024,9,2,0,1,0,1,0.9,0
WS-HIST-2273,Отдел кадров и делопроизводства,16,6,120,11,1,0,0,0,5,1.5,0
WS-HIST-2274,Логистика и материально-техническое снабжение,8,2,240,8,3,0,0,1,3,8.8,1
WS-HIST-2275,Бухгалтерия и финансовый контроль,8,2,64,14,0,1,0,1,2,3.9,1
WS-HIST-2276,Юридический департамент,8,6,240,8,0,1,0,0,1,1.7,0
WS-HIST-2277,Юридический департамент,8,4,240,12,0,0,0,1,2,1.6,0
WS-HIST-2278,Бухгалтерия и финансовый контроль,8,6,120,7,4,1,0,1,3,6.9,1
WS-HIST-2279,Геологоразведочная партия,8,6,1024,8,1,0,0,0,1,0.8,0
WS-HIST-2280,Бухгалтерия и финансовый контроль,8,4,120,6,2,1,0,1,3,6.1,1
WS-HIST-2281,Бухгалтерия и финансовый контроль,16,4,120,12,3,1,0,1,1,0.6,0
WS-HIST-2282,Бухгалтерия и финансовый контроль,8,2,240,10,1,1,0,1,2,4.4,1
WS-HIST-2283,Отдел кадров и делопроизводства,16,2,120,9,4,1,0,0,1,3.2,1
WS-HIST-2284,Геологоразведочная партия,16,8,1024,7,1,0,0,1,1,0.5,0
WS-HIST-2285,Бухгалтерия и финансовый контроль,16,2,240,9,1,1,0,1,2,1.0,0
WS-HIST-2286,Геологоразведочная партия,16,6,512,12,2,0,1,0,3,7.7,1
WS-HIST-2287,Отдел кадров и делопроизводства,4,4,500,8,1,0,0,0,3,0.6,0
WS-HIST-2288,Бухгалтерия и финансовый контроль,4,2,240,13,3,0,0,1,3,4.3,1
WS-HIST-2289,Бухгалтерия и финансовый контроль,4,4,64,11,2,1,0,1,2,4.7,1
WS-HIST-2290,Отдел кадров и делопроизводства,8,4,240,10,2,0,0,0,1,1.8,0
WS-HIST-2291,Юридический департамент,16,2,240,9,0,1,0,1,1,2.0,0
WS-HIST-2292,Бухгалтерия и финансовый контроль,8,4,120,12,1,1,0,1,1,0.8,0
WS-HIST-2293,Управление информационных технологий,8,4,500,11,2,0,0,0,4,1.7,0
WS-HIST-2294,Бухгалтерия и финансовый контроль,4,2,64,9,0,1,0,1,2,4.6,1
WS-HIST-2295,Управление информационных технологий,16,4,240,15,1,0,0,0,4,0.8,0
WS-HIST-2296,Бухгалтерия и финансовый контроль,16,4,120,10,4,0,0,1,2,4.5,1
WS-HIST-2297,Служба главного механика,32,8,512,9,2,0,0,1,3,1.7,0
WS-HIST-2298,Логистика и материально-техническое снабжение,8,4,500,14,1,0,0,1,1,0.6,0
WS-HIST-2299,Отдел кадров и делопроизводства,16,4,240,10,2,0,0,0,1,1.7,0
WS-HIST-2300,Служба главного механика,16,6,128,9,3,1,0,1,2,1.1,0
WS-HIST-2301,Управление информационных технологий,8,2,240,10,4,0,0,1,1,1.2,0
WS-HIST-2302,Логистика и материально-техническое снабжение,4,4,120,10,2,0,0,0,2,0.6,0
WS-HIST-2303,Геологоразведочная партия,16,12,512,16,1,0,0,0,2,0.7,0
WS-HIST-2304,Бухгалтерия и финансовый контроль,8,2,240,11,2,1,0,1,2,2.9,1
WS-HIST-2305,Бухгалтерия и финансовый контроль,8,2,240,9,4,1,0,1,2,4.0,1
WS-HIST-2306,Логистика и материально-техническое снабжение,4,6,120,12,3,0,0,0,2,0.9,0
WS-HIST-2307,Юридический департамент,8,4,64,13,4,0,0,1,2,8.4,1
WS-HIST-2308,Логистика и материально-техническое снабжение,16,2,120,6,1,0,0,0,3,0.9,0
WS-HIST-2309,Отдел кадров и делопроизводства,8,4,120,7,4,0,0,1,3,6.2,1
WS-HIST-2310,Бухгалтерия и финансовый контроль,8,4,120,13,2,1,0,0,2,1.4,0
WS-HIST-2311,Логистика и материально-техническое снабжение,4,4,240,9,1,0,0,0,1,1.3,0
WS-HIST-2312,Управление информационных технологий,8,6,120,8,1,0,0,0,2,0.8,0
WS-HIST-2313,Отдел кадров и делопроизводства,16,4,120,11,3,0,0,0,5,1.6,0
WS-HIST-2314,Юридический департамент,8,2,240,8,3,1,0,1,4,3.0,1
WS-HIST-2315,Бухгалтерия и финансовый контроль,4,4,240,10,3,0,0,1,2,5.8,1
WS-HIST-2316,Служба главного механика,16,12,512,8,1,1,1,0,1,4.6,1
WS-HIST-2317,Геологоразведочная партия,8,6,128,10,1,1,0,1,3,1.9,0
WS-HIST-2318,Геологоразведочная партия,8,4,512,10,1,0,1,0,3,1.8,0
WS-HIST-2319,Геологоразведочная партия,16,12,128,5,1,0,1,0,1,1.8,0
WS-HIST-2320,Отдел кадров и делопроизводства,8,2,120,8,2,0,0,1,5,8.4,1
WS-HIST-2321,Бухгалтерия и финансовый контроль,8,2,120,11,2,1,0,1,4,1.6,0
WS-HIST-2322,Отдел кадров и делопроизводства,8,2,120,12,3,0,0,1,2,8.4,1
WS-HIST-2323,Служба главного механика,32,8,512,11,3,1,1,0,3,0.9,0
WS-HIST-2324,Геологоразведочная партия,16,6,512,12,1,0,1,1,2,1.2,0
WS-HIST-2325,Служба главного механика,8,12,512,10,4,0,1,0,1,2.0,0
WS-HIST-2326,Отдел кадров и делопроизводства,4,4,500,9,3,0,0,0,2,1.2,0
WS-HIST-2327,Юридический департамент,4,2,120,18,3,1,0,1,2,7.8,1
WS-HIST-2328,Управление информационных технологий,8,6,240,12,1,0,0,0,2,1.5,0
WS-HIST-2329,Геологоразведочная партия,16,4,256,14,2,0,0,0,2,2.0,0
WS-HIST-2330,Юридический департамент,16,2,64,10,3,1,0,1,1,5.8,1
WS-HIST-2331,Управление информационных технологий,16,6,120,9,3,0,0,0,2,0.5,0
WS-HIST-2332,Отдел кадров и делопроизводства,8,2,120,8,2,0,0,1,1,8.0,1
WS-HIST-2333,Бухгалтерия и финансовый контроль,8,2,240,6,2,1,0,1,4,4.0,1
WS-HIST-2334,Геологоразведочная партия,16,4,128,10,4,1,0,0,1,0.8,0
WS-HIST-2335,Отдел кадров и делопроизводства,4,2,120,10,0,0,0,0,5,2.0,0
WS-HIST-2336,Управление информационных технологий,16,2,120,9,1,0,0,0,2,1.0,0
WS-HIST-2337,Служба главного механика,8,4,256,12,3,0,1,0,2,1.7,0
WS-HIST-2338,Бухгалтерия и финансовый контроль,8,4,120,16,1,1,0,1,3,0.9,0
WS-HIST-2339,Служба главного механика,16,8,512,9,2,0,1,0,1,0.8,0
WS-HIST-2340,Управление информационных технологий,4,2,240,9,2,0,0,1,4,2.9,1
WS-HIST-2341,Бухгалтерия и финансовый контроль,8,6,120,10,2,1,0,0,2,1.2,0
WS-HIST-2342,Бухгалтерия и финансовый контроль,8,2,240,11,4,0,0,1,2,3.1,1
WS-HIST-2343,Логистика и материально-техническое снабжение,4,6,500,13,1,1,0,1,1,7.5,1
WS-HIST-2344,Бухгалтерия и финансовый контроль,4,4,64,11,3,1,0,1,2,4.9,1
WS-HIST-2345,Отдел кадров и делопроизводства,8,2,120,8,3,0,0,0,2,2.0,0
WS-HIST-2346,Бухгалтерия и финансовый контроль,8,4,64,16,3,1,0,1,5,7.7,1
WS-HIST-2347,Отдел кадров и делопроизводства,8,4,120,14,1,0,0,0,2,1.5,0
WS-HIST-2348,Управление информационных технологий,16,4,120,7,2,1,0,0,2,1.5,0
WS-HIST-2349,Служба главного механика,32,6,512,11,2,0,1,0,1,4.4,1
WS-HIST-2350,Бухгалтерия и финансовый контроль,8,4,120,3,0,0,0,1,1,1.4,0
WS-HIST-2351,Логистика и материально-техническое снабжение,8,4,500,8,2,0,0,0,1,1.5,0
WS-HIST-2352,Управление информационных технологий,8,6,240,11,3,0,0,0,3,5.2,1
WS-HIST-2353,Юридический департамент,8,4,120,8,1,1,0,1,4,6.5,1
WS-HIST-2354,Отдел кадров и делопроизводства,8,4,240,8,2,0,0,1,2,1.7,0
WS-HIST-2355,Бухгалтерия и финансовый контроль,8,6,240,13,0,1,0,1,2,1.9,0
WS-HIST-2356,Отдел кадров и делопроизводства,8,2,120,8,3,0,0,1,4,6.6,1
WS-HIST-2357,Геологоразведочная партия,16,6,512,11,0,0,1,0,1,1.4,0
WS-HIST-2358,Управление информационных технологий,4,2,120,5,2,0,0,0,1,0.5,0
WS-HIST-2359,Юридический департамент,8,4,64,9,2,1,0,1,1,1.3,0
WS-HIST-2360,Отдел кадров и делопроизводства,16,4,120,5,0,0,0,1,1,1.1,0
WS-HIST-2361,Геологоразведочная партия,16,4,512,5,2,0,1,0,2,6.3,1
WS-HIST-2362,Бухгалтерия и финансовый контроль,4,2,500,6,3,1,0,1,2,3.9,1
WS-HIST-2363,Бухгалтерия и финансовый контроль,8,4,240,7,1,1,0,1,3,8.4,1
WS-HIST-2364,Юридический департамент,8,4,120,10,2,1,0,0,1,0.7,0
WS-HIST-2365,Отдел кадров и делопроизводства,8,6,240,11,3,0,0,1,2,0.8,0
WS-HIST-2366,Бухгалтерия и финансовый контроль,8,2,120,6,2,1,0,0,2,1.6,0
WS-HIST-2367,Управление информационных технологий,16,4,64,4,1,0,0,0,2,1.4,0
WS-HIST-2368,Логистика и материально-техническое снабжение,8,6,500,7,1,0,0,0,4,0.7,0
WS-HIST-2369,Логистика и материально-техническое снабжение,4,4,120,12,2,0,0,1,1,1.0,0
WS-HIST-2370,Отдел кадров и делопроизводства,4,2,64,7,3,0,0,0,5,3.3,1
WS-HIST-2371,Отдел кадров и делопроизводства,4,2,120,12,2,0,0,1,1,2.9,1
WS-HIST-2372,Управление информационных технологий,8,4,120,9,1,0,0,0,3,0.5,0
WS-HIST-2373,Логистика и материально-техническое снабжение,16,4,120,8,2,0,0,1,1,1.6,0
WS-HIST-2374,Бухгалтерия и финансовый контроль,4,4,240,13,1,1,0,1,5,4.8,1
WS-HIST-2375,Управление информационных технологий,4,2,120,11,2,0,0,0,2,0.9,0
WS-HIST-2376,Геологоразведочная партия,16,12,512,5,2,0,1,1,4,1.4,0
WS-HIST-2377,Геологоразведочная партия,16,6,256,6,4,1,1,0,1,4.9,1
WS-HIST-2378,Служба главного механика,16,6,512,5,1,0,1,0,3,1.1,0
WS-HIST-2379,Управление информационных технологий,16,6,240,9,1,0,0,1,2,1.7,0
WS-HIST-2380,Юридический департамент,8,2,240,8,1,1,0,1,3,2.6,1
WS-HIST-2381,Управление информационных технологий,8,4,240,13,3,0,0,0,5,2.0,0
WS-HIST-2382,Служба главного механика,16,4,256,10,3,0,0,0,1,1.3,0
WS-HIST-2383,Бухгалтерия и финансовый контроль,8,2,240,8,2,1,0,1,1,1.7,0
WS-HIST-2384,Юридический департамент,8,2,64,11,2,1,0,1,2,4.7,1
WS-HIST-2385,Служба главного механика,16,8,128,10,4,1,1,1,2,9.8,1
WS-HIST-2386,Отдел кадров и делопроизводства,4,4,240,13,1,0,0,0,4,1.8,0
WS-HIST-2387,Юридический департамент,8,4,240,11,3,1,0,1,1,1.0,0
WS-HIST-2388,Служба главного механика,16,4,256,9,3,0,1,1,2,9.6,1
WS-HIST-2389,Управление информационных технологий,8,4,64,7,1,0,0,0,4,0.9,0
WS-HIST-2390,Логистика и материально-техническое снабжение,4,2,240,9,2,0,0,0,1,2.6,1
WS-HIST-2391,Логистика и материально-техническое снабжение,4,4,120,14,4,0,0,1,5,4.8,1
WS-HIST-2392,Служба главного механика,16,4,1024,13,2,0,0,0,1,0.7,0
WS-HIST-2393,Управление информационных технологий,4,4,240,11,3,1,0,0,2,7.1,1
WS-HIST-2394,Отдел кадров и делопроизводства,4,6,240,6,3,0,0,0,1,1.1,0
WS-HIST-2395,Служба главного механика,8,4,256,9,1,1,1,1,1,9.8,1
WS-HIST-2396,Логистика и материально-техническое снабжение,16,2,64,6,2,0,0,1,1,0.8,0
WS-HIST-2397,Управление информационных технологий,8,4,500,16,2,0,0,0,1,1.4,0
WS-HIST-2398,Геологоразведочная партия,32,6,512,13,0,0,1,1,1,0.6,0
WS-HIST-2399,Логистика и материально-техническое снабжение,16,4,240,6,1,0,0,0,2,1.0,0
WS-HIST-2400,Юридический департамент,8,2,240,5,1,1,0,1,2,7.2,1
WS-HIST-2401,Бухгалтерия и финансовый контроль,4,4,240,12,0,1,0,1,4,4.1,1
WS-HIST-2402,Геологоразведочная партия,16,4,512,9,4,0,1,1,2,7.3,1
WS-HIST-2403,Геологоразведочная партия,16,8,512,8,0,0,0,0,1,2.0,0
WS-HIST-2404,Логистика и материально-техническое снабжение,16,2,120,16,1,1,0,0,1,0.7,0
WS-HIST-2405,Служба главного механика,8,6,256,10,4,0,1,1,3,8.7,1
WS-HIST-2406,Служба главного механика,16,8,256,9,1,0,0,0,3,1.0,0
WS-HIST-2407,Служба главного механика,8,12,512,10,1,1,1,0,2,6.6,1
WS-HIST-2408,Служба главного механика,32,4,512,6,1,0,1,0,2,0.9,0
WS-HIST-2409,Юридический департамент,8,2,240,11,3,1,0,1,2,3.0,1
WS-HIST-2410,Служба главного механика,16,6,256,11,2,0,0,1,1,0.9,0
WS-HIST-2411,Служба главного механика,16,12,256,9,5,1,0,1,2,5.0,1
WS-HIST-2412,Отдел кадров и делопроизводства,4,4,500,9,2,0,0,0,1,0.6,0
WS-HIST-2413,Управление информационных технологий,8,6,240,12,1,1,0,0,3,1.7,0
WS-HIST-2414,Служба главного механика,16,6,256,10,3,1,1,0,1,8.9,1
WS-HIST-2415,Отдел кадров и делопроизводства,4,2,120,10,1,0,0,1,2,5.5,1
WS-HIST-2416,Бухгалтерия и финансовый контроль,8,4,120,12,0,1,0,0,2,0.5,0
WS-HIST-2417,Управление информационных технологий,8,4,120,11,1,0,0,1,3,0.9,0
WS-HIST-2418,Отдел кадров и делопроизводства,8,4,120,9,0,0,0,0,3,0.6,0
WS-HIST-2419,Логистика и материально-техническое снабжение,8,4,64,4,1,1,0,0,3,7.5,1
WS-HIST-2420,Логистика и материально-техническое снабжение,4,2,64,10,4,0,0,0,3,4.0,1
WS-HIST-2421,Служба главного механика,32,8,512,10,2,0,1,1,3,7.2,1
WS-HIST-2422,Бухгалтерия и финансовый контроль,8,2,240,14,3,1,0,0,2,0.8,0
WS-HIST-2423,Геологоразведочная партия,16,6,256,9,3,0,0,0,1,0.8,0
WS-HIST-2424,Бухгалтерия и финансовый контроль,8,2,240,10,3,1,0,1,1,8.1,1
WS-HIST-2425,Бухгалтерия и финансовый контроль,16,4,240,9,1,1,0,0,2,1.0,0
WS-HIST-2426,Управление информационных технологий,8,2,240,7,1,0,0,0,5,1.7,0
WS-HIST-2427,Служба главного механика,32,4,512,9,1,0,1,0,3,8.7,1
WS-HIST-2428,Геологоразведочная партия,16,4,512,10,1,1,0,1,2,0.8,0
WS-HIST-2429,Бухгалтерия и финансовый контроль,4,6,64,11,3,1,0,1,2,7.5,1
WS-HIST-2430,Юридический департамент,8,2,64,6,1,1,0,0,3,5.1,1
WS-HIST-2431,Логистика и материально-техническое снабжение,4,4,500,12,2,0,0,0,3,8.9,1
WS-HIST-2432,Служба главного механика,16,12,256,6,2,0,1,0,2,1.4,0
WS-HIST-2433,Логистика и материально-техническое снабжение,8,6,120,10,1,0,0,0,4,0.9,0
WS-HIST-2434,Управление информационных технологий,4,6,240,13,2,0,0,0,3,0.5,0
WS-HIST-2435,Управление информационных технологий,4,4,500,16,1,0,0,1,4,2.6,1
WS-HIST-2436,Геологоразведочная партия,16,4,256,8,1,0,0,0,1,1.9,0
WS-HIST-2437,Логистика и материально-техническое снабжение,8,4,240,10,0,0,0,0,1,1.5,0
WS-HIST-2438,Бухгалтерия и финансовый контроль,4,6,240,13,2,1,0,0,2,6.1,1
WS-HIST-2439,Бухгалтерия и финансовый контроль,16,4,500,8,2,1,0,0,3,1.0,0
WS-HIST-2440,Геологоразведочная партия,16,6,512,12,4,0,1,1,1,9.5,1
WS-HIST-2441,Служба главного механика,8,12,256,9,3,0,1,0,1,0.7,0
WS-HIST-2442,Логистика и материально-техническое снабжение,8,2,240,10,4,0,0,0,1,1.4,0
WS-HIST-2443,Бухгалтерия и финансовый контроль,8,2,120,7,1,1,0,1,1,0.6,0
WS-HIST-2444,Логистика и материально-техническое снабжение,4,6,240,9,5,0,0,0,2,4.2,1
WS-HIST-2445,Логистика и материально-техническое снабжение,8,4,120,12,2,1,0,1,1,0.6,0
WS-HIST-2446,Юридический департамент,8,2,240,9,2,1,0,1,1,9.0,1
WS-HIST-2447,Логистика и материально-техническое снабжение,4,2,240,11,2,1,0,1,1,6.2,1
WS-HIST-2448,Бухгалтерия и финансовый контроль,4,4,240,8,0,1,0,0,2,8.4,1
WS-HIST-2449,Бухгалтерия и финансовый контроль,8,4,500,11,2,1,0,1,2,1.9,0
WS-HIST-2450,Логистика и материально-техническое снабжение,4,2,64,11,0,1,0,1,2,9.0,1
WS-HIST-2451,Логистика и материально-техническое снабжение,8,4,120,7,4,0,0,0,1,0.6,0
WS-HIST-2452,Отдел кадров и делопроизводства,8,2,240,9,5,0,0,0,3,7.6,1
WS-HIST-2453,Служба главного механика,8,4,512,12,2,0,1,0,1,1.0,0
WS-HIST-2454,Логистика и материально-техническое снабжение,8,2,500,17,2,0,0,0,1,0.7,0
WS-HIST-2455,Служба главного механика,32,8,256,12,0,0,1,1,4,9.1,1
WS-HIST-2456,Юридический департамент,8,2,120,15,3,1,0,1,2,4.4,1
WS-HIST-2457,Управление информационных технологий,8,4,240,18,3,0,0,1,3,1.3,0
WS-HIST-2458,Юридический департамент,4,4,120,11,2,1,0,0,1,7.6,1
WS-HIST-2459,Управление информационных технологий,8,2,500,17,0,1,0,0,1,0.5,0
WS-HIST-2460,Юридический департамент,16,6,500,8,1,1,0,1,1,1.6,0
WS-HIST-2461,Бухгалтерия и финансовый контроль,8,4,120,7,2,0,0,1,4,0.7,0
WS-HIST-2462,Геологоразведочная партия,8,6,256,9,6,0,1,1,2,9.1,1
WS-HIST-2463,Служба главного механика,16,8,512,11,2,0,1,1,1,1.6,0
WS-HIST-2464,Служба главного механика,8,6,128,7,3,1,1,1,4,7.7,1
WS-HIST-2465,Бухгалтерия и финансовый контроль,8,2,64,8,0,1,0,1,2,6.5,1
WS-HIST-2466,Геологоразведочная партия,8,6,1024,11,3,1,1,1,4,7.6,1
WS-HIST-2467,Служба главного механика,8,4,128,11,2,0,1,0,1,1.6,0
WS-HIST-2468,Служба главного механика,16,8,512,8,1,0,0,0,2,1.6,0
WS-HIST-2469,Служба главного механика,16,8,1024,7,1,0,0,1,1,1.6,0
WS-HIST-2470,Юридический департамент,8,4,500,12,3,0,0,0,3,1.7,0
WS-HIST-2471,Бухгалтерия и финансовый контроль,16,4,240,9,1,1,0,1,4,1.1,0
WS-HIST-2472,Юридический департамент,8,6,240,9,2,1,0,1,1,1.7,0
WS-HIST-2473,Юридический департамент,4,4,120,12,1,0,0,1,4,6.7,1
WS-HIST-2474,Геологоразведочная партия,32,8,1024,9,3,0,1,0,1,9.8,1
WS-HIST-2475,Служба главного механика,16,4,512,7,0,0,1,1,1,1.2,0
WS-HIST-2476,Бухгалтерия и финансовый контроль,8,2,120,9,1,1,0,0,2,1.1,0
WS-HIST-2477,Отдел кадров и делопроизводства,4,6,120,4,0,0,0,1,1,0.7,0
WS-HIST-2478,Бухгалтерия и финансовый контроль,4,2,500,9,2,1,0,1,1,8.0,1
WS-HIST-2479,Отдел кадров и делопроизводства,16,4,240,8,4,0,0,0,1,1.7,0
WS-HIST-2480,Юридический департамент,8,4,240,11,1,1,0,1,1,4.6,1
WS-HIST-2481,Отдел кадров и делопроизводства,4,2,120,9,4,0,0,0,1,5.1,1
WS-HIST-2482,Геологоразведочная партия,16,4,1024,3,0,0,1,1,5,1.7,0
WS-HIST-2483,Бухгалтерия и финансовый контроль,8,4,64,7,3,1,0,1,1,4.3,1
WS-HIST-2484,Управление информационных технологий,8,4,120,8,5,1,0,1,2,3.9,1
WS-HIST-2485,Юридический департамент,4,2,240,8,2,0,0,1,2,5.2,1
WS-HIST-2486,Служба главного механика,16,12,256,9,0,0,0,0,3,1.0,0
WS-HIST-2487,Геологоразведочная партия,16,6,512,10,2,1,1,0,1,5.2,1
WS-HIST-2488,Служба главного механика,16,6,256,7,0,0,1,0,2,1.1,0
WS-HIST-2489,Служба главного механика,32,6,512,3,0,0,0,0,1,1.0,0
WS-HIST-2490,Служба главного механика,16,4,512,9,2,0,1,0,2,1.3,0
WS-HIST-2491,Логистика и материально-техническое снабжение,16,2,120,14,2,0,0,0,1,0.9,0
WS-HIST-2492,Служба главного механика,8,6,128,17,2,0,1,1,2,1.5,0
WS-HIST-2493,Управление информационных технологий,8,2,500,10,4,0,0,0,3,3.0,1
WS-HIST-2494,Служба главного механика,16,6,1024,13,2,0,0,0,1,1.6,0
WS-HIST-2495,Бухгалтерия и финансовый контроль,4,2,64,8,2,1,0,1,3,5.7,1
WS-HIST-2496,Служба главного механика,16,12,256,14,3,0,0,0,1,1.6,0
WS-HIST-2497,Бухгалтерия и финансовый контроль,8,2,120,7,3,1,0,0,3,8.7,1
WS-HIST-2498,Служба главного механика,16,6,128,5,3,0,1,1,2,7.2,1
WS-HIST-2499,Бухгалтерия и финансовый контроль,8,2,240,11,4,1,0,1,2,5.7,1
WS-HIST-2500,Управление информационных технологий,8,6,120,6,2,1,0,0,1,0.7,0
